unit_id,production_line,process_temperature_celsius,process_pressure_bar,cycle_time_seconds,material_thickness_mm,machine_vibration_level,operator_experience_years,inspection_score,is_defective
UNIT_00000,Line_A,192.7,4.8,44.0,3.29,0.75,7,84.6,1
UNIT_00001,Line_C,170.9,5.97,40.5,3.54,2.23,5,79.0,1
UNIT_00002,Line_B,147.1,5.63,43.8,2.92,0.09,14,100.0,0
UNIT_00003,Line_B,158.8,4.02,43.6,2.67,0.27,6,82.8,1
UNIT_00004,Line_B,197.1,5.81,50.7,2.94,0.32,7,88.6,0
UNIT_00005,Line_C,175.2,5.81,39.7,3.05,0.8,2,78.8,0
UNIT_00006,Line_A,171.0,4.3,29.3,2.99,0.36,11,71.7,0
UNIT_00007,Line_C,199.7,3.49,35.4,3.15,0.98,6,79.2,1
UNIT_00008,Line_A,195.2,4.96,38.8,3.55,1.21,14,79.3,1
UNIT_00009,Line_A,180.3,5.67,41.1,2.57,1.59,0,79.2,1
UNIT_00010,Line_B,176.5,5.95,46.1,2.87,1.17,12,72.2,0
UNIT_00011,Line_C,178.4,4.48,38.5,3.39,0.34,16,86.1,0
UNIT_00012,Line_C,182.7,6.05,37.7,2.87,0.6,14,82.3,0
UNIT_00013,Line_C,199.2,3.66,39.4,3.2,0.6,5,72.7,1
UNIT_00014,Line_C,185.1,4.78,38.3,3.16,0.77,13,85.9,0
UNIT_00015,Line_C,188.7,4.75,41.7,3.31,1.17,16,91.1,0
UNIT_00016,Line_B,194.0,5.69,41.4,3.48,0.37,10,94.6,0
UNIT_00017,Line_A,166.0,5.78,49.1,3.08,0.28,12,65.6,0
UNIT_00018,Line_C,189.1,5.57,39.1,2.56,2.16,16,79.2,1
UNIT_00019,Line_B,176.5,4.19,42.9,2.82,0.64,9,74.0,0
UNIT_00020,Line_B,149.8,5.52,41.7,3.55,0.59,2,79.8,1
UNIT_00021,Line_B,154.5,5.31,49.9,2.65,1.19,19,96.1,0
UNIT_00022,Line_A,167.8,4.0,44.1,3.12,1.51,6,79.2,1
UNIT_00023,Line_C,186.4,3.76,51.3,2.37,0.48,7,81.2,1
UNIT_00024,Line_C,181.4,5.62,38.1,2.66,0.78,12,78.4,0
UNIT_00025,Line_B,182.2,4.89,44.7,3.22,0.58,3,98.0,0
UNIT_00026,Line_B,203.4,4.23,41.5,3.01,2.57,6,66.6,1
UNIT_00027,Line_C,164.8,4.88,37.6,2.91,0.27,11,80.5,0
UNIT_00028,Line_B,179.7,5.22,44.6,2.8,1.21,14,78.1,1
UNIT_00029,Line_B,183.7,4.95,55.4,2.5,0.77,2,71.2,1
UNIT_00030,Line_B,171.2,4.07,39.9,3.17,0.71,16,93.8,1
UNIT_00031,Line_A,180.3,6.13,44.2,2.93,0.8,5,70.6,0
UNIT_00032,Line_A,160.8,5.6,37.1,2.62,1.39,18,81.3,1
UNIT_00033,Line_B,196.9,4.8,36.2,3.01,1.13,18,84.4,0
UNIT_00034,Line_C,171.8,4.82,40.3,3.15,1.3,14,79.0,0
UNIT_00035,Line_A,204.4,5.22,42.3,2.95,0.33,17,71.1,0
UNIT_00036,Line_C,179.6,4.32,42.6,3.03,1.4,3,83.7,0
UNIT_00037,Line_C,192.3,5.19,43.6,3.01,0.33,9,78.9,0
UNIT_00038,Line_A,179.4,4.2,35.1,2.82,0.99,2,91.5,0
UNIT_00039,Line_B,179.6,4.96,41.2,3.01,0.27,9,89.1,0
UNIT_00040,Line_A,173.0,4.3,48.0,3.18,1.19,11,100.0,0
UNIT_00041,Line_C,181.4,4.33,36.9,3.26,1.07,11,85.9,0
UNIT_00042,Line_C,183.8,5.99,42.9,3.2,2.37,1,89.7,0
UNIT_00043,Line_B,170.6,5.04,46.8,2.83,0.07,1,82.1,0
UNIT_00044,Line_A,178.5,5.12,40.3,3.16,0.44,19,98.7,0
UNIT_00045,Line_C,172.7,3.79,47.0,3.12,0.04,5,85.1,0
UNIT_00046,Line_B,207.6,4.64,35.9,2.82,1.16,9,84.2,1
UNIT_00047,Line_C,178.9,5.28,50.3,2.88,1.13,11,89.3,0
UNIT_00048,Line_C,198.5,5.12,47.2,3.17,0.32,3,79.8,1
UNIT_00049,Line_C,177.7,3.71,45.3,3.34,0.31,6,81.0,0
UNIT_00050,Line_C,183.1,5.12,51.7,2.55,0.51,12,89.3,0
UNIT_00051,Line_A,164.1,5.22,43.0,3.41,0.21,4,90.9,0
UNIT_00052,Line_B,174.6,5.77,41.3,3.29,0.72,15,89.8,0
UNIT_00053,Line_B,182.5,4.61,53.2,3.05,0.48,12,84.4,0
UNIT_00054,Line_B,199.0,3.65,56.0,2.94,1.58,19,87.2,1
UNIT_00055,Line_A,182.7,4.4,40.8,3.1,1.14,11,92.7,0
UNIT_00056,Line_B,196.6,4.34,44.3,2.84,0.91,16,76.2,0
UNIT_00057,Line_A,187.7,5.44,51.3,2.96,0.36,6,85.0,0
UNIT_00058,Line_C,199.5,3.37,44.5,2.63,1.29,13,61.7,0
UNIT_00059,Line_C,179.3,4.73,48.6,2.56,1.12,18,90.9,0
UNIT_00060,Line_C,208.7,5.86,49.7,3.58,0.37,16,78.7,1
UNIT_00061,Line_C,174.2,5.0,41.6,3.02,2.11,15,79.0,0
UNIT_00062,Line_B,170.8,5.54,47.5,3.05,0.18,9,84.0,0
UNIT_00063,Line_C,165.5,4.01,45.0,2.99,0.94,11,90.0,1
UNIT_00064,Line_B,208.0,4.04,37.7,2.79,0.72,11,100.0,0
UNIT_00065,Line_A,189.8,5.86,39.1,2.92,0.48,4,72.6,0
UNIT_00066,Line_C,176.0,5.06,41.1,3.02,0.46,5,78.2,0
UNIT_00067,Line_B,195.0,5.06,50.6,2.95,0.67,12,86.8,1
UNIT_00068,Line_A,188.3,4.33,50.8,2.81,1.9,12,79.2,0
UNIT_00069,Line_B,203.6,5.06,49.5,3.12,0.85,13,91.7,0
UNIT_00070,Line_C,161.4,4.31,47.6,3.05,0.1,12,83.7,0
UNIT_00071,Line_A,176.8,5.71,47.5,3.1,0.15,11,92.1,0
UNIT_00072,Line_B,174.4,6.64,46.7,3.18,0.85,10,83.0,1
UNIT_00073,Line_A,156.3,5.29,47.4,2.96,1.48,12,89.4,0
UNIT_00074,Line_C,192.7,4.62,47.9,2.96,0.33,7,77.3,0
UNIT_00075,Line_B,176.8,3.48,36.6,3.37,0.81,3,100.0,1
UNIT_00076,Line_A,188.9,3.99,40.3,2.76,1.5,13,71.4,0
UNIT_00077,Line_A,208.3,5.93,38.8,2.53,0.91,6,79.3,1
UNIT_00078,Line_B,175.8,4.38,51.6,3.14,0.75,15,73.6,0
UNIT_00079,Line_C,174.9,4.78,54.9,2.84,0.54,17,91.4,0
UNIT_00080,Line_C,181.4,5.39,32.0,2.73,0.61,7,89.3,0
UNIT_00081,Line_B,191.8,5.89,54.4,3.22,1.16,2,75.3,1
UNIT_00082,Line_A,173.2,4.88,45.5,2.96,1.26,0,93.0,0
UNIT_00083,Line_C,172.4,4.76,51.1,2.68,1.25,11,79.4,0
UNIT_00084,Line_B,192.7,5.04,48.0,3.48,0.38,17,88.1,0
UNIT_00085,Line_C,184.5,4.62,53.6,2.6,0.03,17,90.0,0
UNIT_00086,Line_A,155.5,4.66,46.3,2.98,0.49,17,83.0,0
UNIT_00087,Line_A,165.3,5.25,36.8,2.53,1.35,0,92.3,1
UNIT_00088,Line_C,198.0,5.11,44.4,3.07,2.2,1,83.8,0
UNIT_00089,Line_C,184.8,6.28,48.1,2.84,0.28,19,87.7,0
UNIT_00090,Line_B,170.9,5.26,43.7,3.2,1.11,13,82.8,1
UNIT_00091,Line_C,178.0,5.69,48.9,3.0,0.4,17,70.1,0
UNIT_00092,Line_C,180.2,4.36,44.6,3.34,1.81,19,84.0,1
UNIT_00093,Line_B,188.8,5.32,41.4,2.89,1.34,14,78.0,0
UNIT_00094,Line_C,163.7,4.57,38.5,2.6,0.89,8,96.1,0
UNIT_00095,Line_A,169.9,5.24,42.6,3.06,0.94,14,74.1,0
UNIT_00096,Line_A,183.3,5.41,46.2,2.94,1.68,12,94.8,0
UNIT_00097,Line_C,178.8,5.03,33.2,2.55,0.11,17,83.6,0
UNIT_00098,Line_B,186.9,6.44,40.3,2.74,0.65,17,88.2,0
UNIT_00099,Line_A,165.2,5.86,33.0,2.82,0.25,3,74.0,0
UNIT_00100,Line_C,184.3,5.71,41.3,3.39,0.93,17,82.5,0
UNIT_00101,Line_A,193.1,5.46,52.2,3.18,0.79,13,79.7,0
UNIT_00102,Line_C,185.8,6.06,37.9,2.91,0.89,14,100.0,0
UNIT_00103,Line_A,181.7,4.14,49.2,3.12,0.21,6,79.5,0
UNIT_00104,Line_C,178.8,5.82,62.1,2.49,1.49,9,94.2,0
UNIT_00105,Line_C,170.0,4.41,53.7,2.86,1.2,17,94.3,0
UNIT_00106,Line_C,179.1,4.66,45.8,3.1,0.47,2,94.1,0
UNIT_00107,Line_B,195.1,5.34,50.2,3.04,1.27,10,80.2,0
UNIT_00108,Line_B,178.6,5.74,36.8,2.87,0.06,19,99.4,1
UNIT_00109,Line_C,169.3,4.31,35.6,2.99,0.25,15,100.0,0
UNIT_00110,Line_A,174.1,4.69,45.2,3.08,0.67,2,87.9,0
UNIT_00111,Line_C,182.4,5.06,47.4,3.0,0.54,3,81.3,0
UNIT_00112,Line_B,175.5,4.89,51.6,3.22,1.75,10,78.1,0
UNIT_00113,Line_B,185.8,5.51,41.6,3.08,1.14,4,88.8,0
UNIT_00114,Line_B,186.3,7.06,46.2,3.13,2.01,17,85.5,1
UNIT_00115,Line_B,190.7,5.25,46.0,3.43,0.18,16,86.5,1
UNIT_00116,Line_A,197.1,4.56,44.2,3.21,0.54,19,74.2,1
UNIT_00117,Line_A,192.0,4.22,44.6,3.44,0.24,7,85.3,0
UNIT_00118,Line_A,168.8,4.8,39.9,2.83,0.9,5,94.2,0
UNIT_00119,Line_A,169.2,4.44,46.7,2.6,0.18,10,91.5,0
UNIT_00120,Line_B,179.1,5.28,46.2,2.96,0.81,2,81.7,0
UNIT_00121,Line_C,174.6,5.27,42.4,2.94,0.36,14,84.1,0
UNIT_00122,Line_B,166.3,4.72,49.0,3.36,1.28,17,73.3,0
UNIT_00123,Line_B,174.7,6.19,51.2,2.72,0.68,3,79.7,1
UNIT_00124,Line_C,174.3,4.56,49.1,2.98,0.14,3,82.3,0
UNIT_00125,Line_B,171.9,4.93,38.7,3.1,1.43,6,90.1,0
UNIT_00126,Line_A,176.2,5.38,45.6,3.03,1.45,16,79.3,0
UNIT_00127,Line_C,194.1,5.54,39.5,2.96,1.23,6,76.7,0
UNIT_00128,Line_B,182.4,5.77,45.6,3.09,0.47,14,91.1,0
UNIT_00129,Line_B,209.7,5.26,39.6,3.27,1.06,18,81.6,1
UNIT_00130,Line_B,182.0,5.63,52.7,3.38,1.54,8,78.3,1
UNIT_00131,Line_B,176.5,4.6,49.7,3.01,0.62,2,91.5,0
UNIT_00132,Line_A,180.0,5.55,51.9,2.8,0.65,18,88.7,0
UNIT_00133,Line_B,183.1,5.54,51.3,3.38,0.75,7,83.3,1
UNIT_00134,Line_C,185.2,5.91,43.4,2.73,1.24,11,82.2,0
UNIT_00135,Line_A,204.9,4.0,42.4,3.45,0.83,19,88.0,1
UNIT_00136,Line_B,169.9,4.46,55.5,3.34,1.11,17,89.3,0
UNIT_00137,Line_A,190.3,5.49,44.0,3.37,0.6,16,86.7,0
UNIT_00138,Line_B,182.5,3.41,36.9,3.17,0.59,7,86.0,1
UNIT_00139,Line_B,161.1,5.3,51.0,2.47,1.14,13,80.1,1
UNIT_00140,Line_C,189.2,5.64,45.9,2.74,0.41,6,80.6,0
UNIT_00141,Line_A,195.2,4.65,54.0,3.08,0.28,10,83.6,0
UNIT_00142,Line_A,169.7,4.74,46.5,2.83,0.4,6,77.3,0
UNIT_00143,Line_B,179.9,4.36,44.9,2.92,0.57,16,76.4,0
UNIT_00144,Line_C,159.3,4.69,54.2,3.15,0.71,15,84.3,0
UNIT_00145,Line_C,164.9,4.7,35.8,2.96,0.47,18,92.9,0
UNIT_00146,Line_A,192.6,4.59,41.5,2.7,0.51,5,68.4,1
UNIT_00147,Line_A,174.4,4.56,39.7,3.22,0.93,18,81.9,0
UNIT_00148,Line_C,166.7,4.84,31.8,3.13,0.36,4,87.2,0
UNIT_00149,Line_A,182.8,4.83,50.2,2.94,1.22,12,93.6,0
UNIT_00150,Line_C,173.7,6.12,41.7,3.18,0.32,3,99.4,0
UNIT_00151,Line_A,174.4,4.76,50.4,3.02,0.7,14,82.9,0
UNIT_00152,Line_C,188.9,5.21,47.3,3.33,0.66,15,100.0,0
UNIT_00153,Line_A,166.1,4.65,48.6,3.04,1.74,15,88.6,0
UNIT_00154,Line_B,169.1,4.65,42.3,3.33,0.61,5,91.5,1
UNIT_00155,Line_B,181.8,3.98,40.4,2.53,1.34,16,76.5,0
UNIT_00156,Line_A,191.6,4.06,45.5,3.11,1.14,3,88.6,1
UNIT_00157,Line_B,194.9,4.28,50.5,2.9,0.44,14,92.2,0
UNIT_00158,Line_B,172.0,5.11,44.7,2.79,1.64,9,79.5,0
UNIT_00159,Line_C,191.2,5.65,40.8,3.29,0.46,3,64.2,1
UNIT_00160,Line_C,170.6,3.93,37.8,3.22,0.55,19,86.2,0
UNIT_00161,Line_B,201.9,4.67,46.2,2.5,0.98,15,83.3,0
UNIT_00162,Line_B,166.4,4.18,41.7,3.18,0.51,2,95.8,1
UNIT_00163,Line_B,195.9,4.84,44.6,3.15,0.18,7,80.7,0
UNIT_00164,Line_B,172.1,5.65,43.6,2.82,0.56,14,79.4,0
UNIT_00165,Line_C,204.2,4.73,42.3,2.79,0.55,3,75.6,0
UNIT_00166,Line_A,187.1,4.97,46.8,2.6,0.3,9,80.0,0
UNIT_00167,Line_A,167.8,5.87,48.3,2.92,0.69,2,100.0,0
UNIT_00168,Line_B,173.7,5.27,56.8,2.96,0.7,0,72.3,0
UNIT_00169,Line_A,189.4,4.54,49.5,3.2,0.93,4,74.3,0
UNIT_00170,Line_A,192.6,5.1,54.6,3.07,0.25,14,84.6,0
UNIT_00171,Line_A,179.2,4.5,40.1,2.74,0.27,10,100.0,0
UNIT_00172,Line_C,180.5,5.25,35.4,3.06,1.24,6,90.9,0
UNIT_00173,Line_C,189.1,5.31,44.9,2.94,0.31,4,97.4,0
UNIT_00174,Line_C,181.6,4.18,50.1,2.77,0.85,16,81.9,0
UNIT_00175,Line_B,164.5,5.11,49.2,2.6,0.59,13,73.9,0
UNIT_00176,Line_C,170.2,4.93,52.3,3.16,0.38,17,81.4,0
UNIT_00177,Line_A,182.8,5.33,29.8,3.11,1.73,19,84.0,0
UNIT_00178,Line_C,194.6,5.5,52.5,3.14,0.71,12,85.1,0
UNIT_00179,Line_B,199.4,5.29,47.0,2.82,0.43,0,83.3,0
UNIT_00180,Line_C,189.4,4.82,35.7,3.04,0.15,18,89.7,0
UNIT_00181,Line_A,183.4,5.56,49.3,2.66,1.08,2,79.3,0
UNIT_00182,Line_B,189.0,4.48,46.0,2.75,0.31,14,77.6,1
UNIT_00183,Line_C,172.0,4.21,47.3,3.01,1.63,4,75.4,0
UNIT_00184,Line_B,178.2,3.08,51.0,3.07,0.65,15,86.6,0
UNIT_00185,Line_B,170.1,4.96,47.6,2.59,3.26,16,85.8,0
UNIT_00186,Line_A,165.0,4.51,36.2,2.74,0.55,15,93.7,0
UNIT_00187,Line_B,184.0,5.24,44.1,2.91,0.3,5,97.4,0
UNIT_00188,Line_A,182.2,3.82,35.3,3.24,0.72,12,75.3,0
UNIT_00189,Line_A,188.3,4.61,48.9,2.8,0.41,3,85.2,0
UNIT_00190,Line_C,186.6,5.28,53.4,3.04,0.08,17,83.4,0
UNIT_00191,Line_B,182.9,4.38,37.6,3.06,1.28,3,72.7,0
UNIT_00192,Line_B,186.7,5.25,41.0,2.94,0.86,16,80.8,0
UNIT_00193,Line_B,179.5,4.67,39.7,3.07,0.35,2,97.5,0
UNIT_00194,Line_C,185.0,4.98,42.3,2.66,0.25,5,79.9,0
UNIT_00195,Line_A,171.3,5.36,47.5,2.84,0.28,14,78.6,0
UNIT_00196,Line_B,184.4,5.57,42.3,3.36,0.69,19,84.6,0
UNIT_00197,Line_A,188.0,5.06,48.9,3.38,2.4,14,92.3,0
UNIT_00198,Line_B,172.0,4.51,51.4,3.21,0.58,6,82.6,0
UNIT_00199,Line_C,180.6,4.73,51.6,3.28,0.14,6,86.0,0
UNIT_00200,Line_B,172.5,5.38,38.3,2.54,0.31,12,66.7,0
UNIT_00201,Line_C,173.7,4.39,53.3,2.76,0.76,8,89.6,0
UNIT_00202,Line_B,166.5,4.89,53.8,2.92,0.36,4,86.8,0
UNIT_00203,Line_C,195.2,4.77,54.3,3.6,0.21,12,92.1,1
UNIT_00204,Line_B,192.8,4.94,44.1,2.92,0.6,8,70.1,0
UNIT_00205,Line_A,186.4,4.39,40.5,3.19,0.3,19,82.6,0
UNIT_00206,Line_C,203.7,3.89,39.1,3.09,0.79,0,92.7,1
UNIT_00207,Line_C,177.7,5.31,38.4,3.09,0.81,14,80.5,0
UNIT_00208,Line_A,216.4,5.58,45.1,2.99,1.0,15,85.4,1
UNIT_00209,Line_C,177.3,3.92,50.1,2.7,1.12,16,81.7,0
UNIT_00210,Line_A,183.1,5.22,52.8,2.32,0.34,14,81.9,0
UNIT_00211,Line_C,175.2,5.65,42.1,3.32,1.26,19,94.3,0
UNIT_00212,Line_C,184.5,5.36,44.8,2.85,0.5,6,73.6,0
UNIT_00213,Line_B,190.0,4.75,44.4,2.53,0.1,7,84.6,1
UNIT_00214,Line_C,178.6,4.43,41.2,3.11,1.17,18,87.0,0
UNIT_00215,Line_A,201.3,5.05,49.4,3.1,1.71,1,92.5,0
UNIT_00216,Line_A,182.9,5.15,47.2,3.19,0.57,16,84.0,0
UNIT_00217,Line_A,183.2,5.06,45.9,3.28,1.31,14,92.8,0
UNIT_00218,Line_B,169.1,4.89,47.1,2.77,0.6,11,84.6,0
UNIT_00219,Line_C,185.0,4.35,48.7,2.78,0.42,2,86.0,0
UNIT_00220,Line_A,178.4,5.25,48.6,2.92,0.61,12,85.7,0
UNIT_00221,Line_B,172.7,5.28,40.0,3.21,0.66,8,90.2,0
UNIT_00222,Line_C,170.7,5.12,50.4,2.47,0.76,1,89.3,1
UNIT_00223,Line_A,212.1,5.07,46.5,3.03,0.52,14,76.1,0
UNIT_00224,Line_C,176.8,6.01,42.4,3.23,1.13,16,86.7,0
UNIT_00225,Line_A,162.5,4.63,46.4,3.22,0.96,11,89.3,0
UNIT_00226,Line_C,171.6,5.77,47.1,3.18,0.28,3,96.7,0
UNIT_00227,Line_B,179.4,4.56,51.5,3.27,0.44,7,76.9,0
UNIT_00228,Line_B,186.6,5.67,38.7,2.31,1.09,10,89.3,0
UNIT_00229,Line_A,186.7,5.74,52.9,3.4,0.59,10,82.2,1
UNIT_00230,Line_B,188.1,4.82,45.1,3.08,0.36,11,86.5,0
UNIT_00231,Line_C,172.3,6.0,42.0,3.33,0.58,4,76.4,1
UNIT_00232,Line_A,184.1,5.28,41.8,2.71,0.17,15,84.9,0
UNIT_00233,Line_C,169.5,4.47,39.0,2.56,1.55,1,87.6,1
UNIT_00234,Line_B,172.6,4.78,34.6,3.45,0.68,19,77.2,0
UNIT_00235,Line_C,169.0,5.68,49.1,2.77,0.41,8,96.6,0
UNIT_00236,Line_B,165.7,5.55,56.9,2.92,0.16,16,72.6,0
UNIT_00237,Line_B,192.8,4.37,35.3,3.13,2.08,1,89.3,0
UNIT_00238,Line_A,188.3,4.92,39.3,3.19,0.15,13,65.6,0
UNIT_00239,Line_B,191.7,5.12,49.5,3.27,0.89,19,83.0,0
UNIT_00240,Line_A,180.5,4.7,44.7,3.06,0.52,19,88.8,0
UNIT_00241,Line_B,189.3,6.41,50.0,2.74,0.58,8,90.7,1
UNIT_00242,Line_A,158.9,5.14,44.4,3.18,0.63,7,84.2,0
UNIT_00243,Line_B,190.4,4.96,41.5,3.18,0.43,17,83.1,0
UNIT_00244,Line_B,182.1,5.71,43.6,2.55,0.67,12,89.5,1
UNIT_00245,Line_A,187.5,4.78,30.7,3.35,0.74,19,92.6,1
UNIT_00246,Line_C,184.6,5.6,38.1,2.38,1.04,4,96.0,0
UNIT_00247,Line_B,168.2,4.0,50.7,3.26,0.96,8,74.7,0
UNIT_00248,Line_C,162.0,4.73,52.2,2.84,0.28,6,83.4,0
UNIT_00249,Line_A,171.5,5.63,53.4,3.18,0.33,8,67.5,0
UNIT_00250,Line_A,186.8,5.94,47.6,3.13,1.27,17,74.1,0
UNIT_00251,Line_B,188.3,4.54,31.5,2.99,0.47,17,79.4,0
UNIT_00252,Line_A,163.6,4.47,41.2,3.11,0.85,11,91.9,0
UNIT_00253,Line_A,168.2,5.34,52.9,2.98,1.45,0,81.2,0
UNIT_00254,Line_B,171.3,4.63,54.7,3.18,0.69,8,82.7,0
UNIT_00255,Line_A,175.7,4.84,53.2,3.55,0.27,9,87.4,0
UNIT_00256,Line_C,163.7,5.53,43.6,2.66,0.28,14,79.6,1
UNIT_00257,Line_A,162.9,4.67,37.2,2.2,0.52,5,69.0,1
UNIT_00258,Line_A,170.1,3.82,44.8,2.9,0.52,11,79.0,0
UNIT_00259,Line_B,181.0,4.22,45.1,2.88,0.23,15,84.0,0
UNIT_00260,Line_C,165.8,5.01,54.4,2.91,0.32,11,88.7,0
UNIT_00261,Line_A,178.6,3.88,46.4,2.77,0.97,16,83.3,0
UNIT_00262,Line_A,192.7,4.82,45.1,3.22,1.28,5,88.6,0
UNIT_00263,Line_C,164.4,4.16,45.4,2.65,0.48,12,92.4,0
UNIT_00264,Line_C,177.5,5.98,47.4,3.11,0.01,9,94.0,0
UNIT_00265,Line_B,192.3,6.3,48.8,3.16,0.91,8,86.4,1
UNIT_00266,Line_B,175.0,4.37,40.7,3.08,0.12,8,75.9,0
UNIT_00267,Line_B,173.1,5.15,38.7,3.12,0.18,11,75.0,0
UNIT_00268,Line_B,194.0,4.42,53.2,3.24,0.57,10,75.8,0
UNIT_00269,Line_B,176.3,4.81,35.2,3.01,1.5,11,76.4,0
UNIT_00270,Line_A,193.3,6.08,54.8,2.91,1.07,19,85.8,1
UNIT_00271,Line_A,185.1,4.72,33.5,3.12,1.0,12,100.0,0
UNIT_00272,Line_A,175.9,4.83,41.5,3.15,0.57,10,86.7,0
UNIT_00273,Line_C,185.8,4.43,50.8,3.22,0.22,18,84.3,0
UNIT_00274,Line_B,183.8,5.69,45.0,2.57,1.36,4,92.7,0
UNIT_00275,Line_B,192.3,3.04,37.1,2.95,0.22,4,78.4,1
UNIT_00276,Line_B,173.4,4.73,47.6,2.73,0.84,2,93.3,0
UNIT_00277,Line_C,180.5,4.97,45.4,3.14,0.73,4,92.7,0
UNIT_00278,Line_A,179.3,4.6,43.7,3.18,0.2,1,85.5,0
UNIT_00279,Line_A,188.4,5.52,41.3,2.93,0.12,3,100.0,0
UNIT_00280,Line_A,167.7,5.72,44.8,2.82,1.0,13,93.9,0
UNIT_00281,Line_B,192.2,4.15,41.5,3.15,0.65,13,85.4,0
UNIT_00282,Line_C,185.6,6.26,59.6,2.97,1.35,12,83.9,0
UNIT_00283,Line_B,164.2,4.15,43.6,3.36,0.81,18,81.5,0
UNIT_00284,Line_B,194.5,5.77,42.8,3.44,0.74,17,84.0,0
UNIT_00285,Line_C,206.8,5.09,41.8,3.25,0.08,6,84.2,1
UNIT_00286,Line_A,192.0,4.7,55.7,3.06,0.72,3,82.4,0
UNIT_00287,Line_B,197.1,4.75,35.2,3.46,0.6,8,83.3,0
UNIT_00288,Line_B,181.0,4.98,47.2,3.06,0.82,18,75.5,0
UNIT_00289,Line_B,160.1,5.13,43.6,2.88,0.6,19,80.5,0
UNIT_00290,Line_C,157.9,4.45,36.5,2.83,0.59,4,72.2,0
UNIT_00291,Line_A,183.1,4.86,40.1,2.82,0.56,2,88.3,0
UNIT_00292,Line_C,172.9,4.54,46.9,3.0,0.38,14,85.6,0
UNIT_00293,Line_A,169.0,4.27,39.8,3.12,0.99,17,84.0,0
UNIT_00294,Line_B,179.2,4.51,46.6,2.65,3.13,19,92.1,0
UNIT_00295,Line_B,187.4,4.31,55.4,2.89,0.21,19,78.1,0
UNIT_00296,Line_C,162.6,4.75,46.0,3.05,0.29,5,79.3,0
UNIT_00297,Line_B,174.6,5.26,36.3,3.16,0.98,15,73.2,0
UNIT_00298,Line_A,198.1,5.07,39.9,2.99,0.51,13,93.2,0
UNIT_00299,Line_A,167.1,6.18,43.3,3.06,0.43,6,89.8,0
UNIT_00300,Line_B,190.4,3.67,42.9,2.69,0.12,0,95.6,1
UNIT_00301,Line_C,174.2,5.28,45.9,2.77,0.31,13,97.7,0
UNIT_00302,Line_A,186.5,5.0,46.9,2.98,0.26,7,81.6,0
UNIT_00303,Line_C,193.2,5.49,55.4,3.13,0.13,5,79.3,0
UNIT_00304,Line_B,188.9,5.43,45.0,3.06,1.23,0,70.6,0
UNIT_00305,Line_A,190.9,4.9,38.1,2.79,0.7,2,76.2,0
UNIT_00306,Line_A,166.2,5.1,51.9,2.94,2.93,3,82.4,1
UNIT_00307,Line_B,193.4,4.55,52.6,3.38,0.75,2,68.5,1
UNIT_00308,Line_A,169.8,5.37,46.4,3.14,0.23,18,76.4,0
UNIT_00309,Line_A,183.1,3.87,43.5,2.96,0.8,0,84.3,0
UNIT_00310,Line_B,183.1,5.47,48.7,2.74,0.93,7,92.1,0
UNIT_00311,Line_C,185.8,4.99,43.7,2.82,0.4,19,79.3,0
UNIT_00312,Line_A,184.0,4.71,32.7,3.0,0.91,2,86.0,0
UNIT_00313,Line_A,169.9,4.86,48.4,3.07,0.89,13,99.9,0
UNIT_00314,Line_A,163.8,4.9,50.4,3.14,0.32,5,70.6,0
UNIT_00315,Line_B,190.5,5.78,53.6,3.1,1.03,6,93.7,0
UNIT_00316,Line_C,182.2,6.94,40.6,2.91,0.78,8,88.0,1
UNIT_00317,Line_C,193.8,5.73,46.4,2.87,0.65,11,95.1,0
UNIT_00318,Line_C,179.5,4.66,46.5,3.51,0.7,15,92.7,0
UNIT_00319,Line_C,163.1,5.38,45.5,2.86,0.22,12,79.7,0
UNIT_00320,Line_A,191.6,5.4,45.7,2.68,1.59,0,85.0,0
UNIT_00321,Line_A,175.6,4.44,45.2,2.59,0.5,3,73.3,0
UNIT_00322,Line_B,184.1,4.24,46.3,2.91,0.46,12,80.8,1
UNIT_00323,Line_C,172.2,4.96,49.4,3.23,0.83,5,85.2,0
UNIT_00324,Line_C,199.7,5.48,52.3,2.86,2.65,1,87.4,0
UNIT_00325,Line_A,169.5,4.03,40.5,3.37,1.06,10,91.3,1
UNIT_00326,Line_A,176.0,4.57,44.0,3.0,0.51,6,97.7,0
UNIT_00327,Line_A,181.3,5.34,42.5,3.28,0.82,16,81.5,0
UNIT_00328,Line_A,166.9,5.03,41.6,2.81,0.82,17,94.2,0
UNIT_00329,Line_B,184.0,5.85,35.3,2.81,0.64,2,87.1,0
UNIT_00330,Line_B,199.3,4.15,45.1,3.02,0.23,15,74.5,0
UNIT_00331,Line_B,174.1,6.41,47.9,3.12,1.09,17,83.8,0
UNIT_00332,Line_A,184.7,4.08,44.1,2.96,0.44,12,85.9,1
UNIT_00333,Line_C,147.0,3.78,44.9,3.07,0.35,12,78.3,1
UNIT_00334,Line_B,179.5,4.96,47.5,3.15,0.48,9,76.7,1
UNIT_00335,Line_C,176.2,4.32,53.5,2.64,1.29,9,76.4,0
UNIT_00336,Line_C,170.2,4.98,42.5,2.91,0.43,1,80.7,0
UNIT_00337,Line_A,193.0,4.96,38.0,2.87,0.59,2,78.1,0
UNIT_00338,Line_A,176.1,4.88,44.5,2.88,2.22,13,94.8,1
UNIT_00339,Line_C,177.9,4.49,56.3,3.1,0.45,10,65.4,0
UNIT_00340,Line_B,175.5,5.26,38.0,2.87,0.58,3,85.9,0
UNIT_00341,Line_A,157.0,4.81,48.9,2.5,0.64,7,89.2,1
UNIT_00342,Line_B,166.4,5.66,51.9,2.94,0.45,12,77.3,0
UNIT_00343,Line_B,191.5,4.89,30.8,2.73,0.57,3,83.1,0
UNIT_00344,Line_C,154.7,4.42,47.5,3.12,0.69,4,82.3,0
UNIT_00345,Line_A,170.8,3.99,48.6,3.2,0.43,17,84.4,0
UNIT_00346,Line_C,175.2,4.9,43.4,2.46,0.11,9,90.3,0
UNIT_00347,Line_C,200.9,4.24,41.1,2.81,0.17,9,89.6,0
UNIT_00348,Line_A,189.2,4.19,41.5,3.09,0.62,1,80.2,1
UNIT_00349,Line_A,173.3,5.32,43.0,2.65,1.75,1,73.0,0
UNIT_00350,Line_B,195.7,3.93,43.2,3.2,0.5,12,86.3,1
UNIT_00351,Line_A,171.1,5.85,42.1,3.26,0.77,6,79.7,1
UNIT_00352,Line_A,192.1,5.1,42.9,2.96,1.36,5,80.8,0
UNIT_00353,Line_B,163.7,4.97,52.1,2.81,0.9,3,86.8,0
UNIT_00354,Line_C,192.9,4.38,37.7,2.42,0.63,15,81.5,1
UNIT_00355,Line_C,175.1,5.46,34.5,3.2,0.58,18,87.5,0
UNIT_00356,Line_A,167.7,5.0,52.2,3.5,0.37,5,100.0,0
UNIT_00357,Line_C,177.4,4.59,43.8,3.45,1.07,4,90.5,0
UNIT_00358,Line_A,183.3,5.12,42.7,2.95,1.3,15,95.8,0
UNIT_00359,Line_C,174.1,3.99,44.3,2.73,0.01,10,89.1,0
UNIT_00360,Line_C,186.6,4.02,46.3,3.21,1.07,15,85.6,0
UNIT_00361,Line_C,173.0,4.33,41.9,2.97,0.94,14,89.2,0
UNIT_00362,Line_A,187.4,5.21,48.0,3.12,0.48,15,88.8,0
UNIT_00363,Line_C,185.3,5.0,39.2,3.08,0.37,3,91.9,0
UNIT_00364,Line_A,179.3,5.63,43.2,3.02,0.86,10,85.5,0
UNIT_00365,Line_B,174.7,4.45,31.7,3.26,0.17,8,74.5,0
UNIT_00366,Line_B,181.8,5.34,52.0,3.27,0.49,17,73.3,0
UNIT_00367,Line_A,186.6,4.93,43.9,2.87,0.77,13,88.7,0
UNIT_00368,Line_A,204.7,4.43,49.0,2.77,1.48,14,76.0,1
UNIT_00369,Line_C,191.3,5.23,47.9,2.38,1.87,17,90.5,1
UNIT_00370,Line_B,191.7,4.96,48.3,2.91,0.26,13,95.7,0
UNIT_00371,Line_B,217.1,4.62,45.0,2.73,0.81,13,83.2,1
UNIT_00372,Line_B,186.2,5.03,47.3,3.1,0.63,10,94.7,0
UNIT_00373,Line_B,185.8,4.92,39.2,2.92,0.98,1,87.1,0
UNIT_00374,Line_C,188.4,4.91,38.0,2.94,0.56,14,85.2,0
UNIT_00375,Line_A,167.9,4.75,44.4,3.2,1.02,6,85.6,0
UNIT_00376,Line_C,174.7,4.22,40.9,3.1,0.76,2,78.4,0
UNIT_00377,Line_C,173.9,5.04,53.6,2.97,0.4,7,77.3,0
UNIT_00378,Line_B,187.8,4.52,47.3,3.42,1.02,6,71.8,1
UNIT_00379,Line_A,177.9,4.39,40.7,3.18,0.57,7,79.1,0
UNIT_00380,Line_A,181.7,4.86,43.4,2.9,0.67,5,100.0,0
UNIT_00381,Line_C,193.0,5.44,45.8,2.91,0.3,18,73.1,0
UNIT_00382,Line_C,190.4,5.11,44.6,3.2,0.52,17,75.6,0
UNIT_00383,Line_A,178.1,4.68,46.6,3.05,1.46,0,78.6,0
UNIT_00384,Line_A,172.0,4.66,45.4,2.72,0.41,9,78.9,1
UNIT_00385,Line_A,193.6,5.38,36.7,3.22,1.88,6,87.2,1
UNIT_00386,Line_A,189.3,3.56,32.1,3.31,0.69,16,80.1,1
UNIT_00387,Line_C,160.7,5.48,42.8,3.3,0.78,9,83.4,0
UNIT_00388,Line_C,176.2,3.88,48.4,3.39,0.35,12,78.2,0
UNIT_00389,Line_A,182.0,4.15,42.8,3.52,1.07,1,81.2,0
UNIT_00390,Line_C,189.3,4.69,52.4,3.43,0.16,14,84.5,0
UNIT_00391,Line_A,190.9,6.3,44.7,3.09,0.53,9,83.9,1
UNIT_00392,Line_B,183.4,6.01,53.1,2.95,0.35,17,100.0,0
UNIT_00393,Line_B,187.0,5.42,51.9,2.54,0.19,2,84.8,0
UNIT_00394,Line_C,180.8,5.21,51.3,3.0,0.98,6,83.3,0
UNIT_00395,Line_C,171.9,3.88,37.8,3.13,0.55,16,65.0,1
UNIT_00396,Line_A,176.9,5.09,45.1,3.01,0.67,4,86.9,0
UNIT_00397,Line_A,180.2,4.67,52.3,2.53,0.37,5,69.2,0
UNIT_00398,Line_A,179.6,4.51,46.6,2.93,1.12,6,89.4,0
UNIT_00399,Line_A,157.4,5.09,48.3,3.16,0.75,10,86.1,0
UNIT_00400,Line_C,175.2,4.72,36.7,2.74,1.64,1,91.4,0
UNIT_00401,Line_C,180.7,5.52,56.5,3.04,0.39,12,79.9,0
UNIT_00402,Line_A,176.6,3.84,40.3,3.11,0.38,16,85.2,0
UNIT_00403,Line_C,177.0,5.05,33.0,3.28,0.91,6,90.4,0
UNIT_00404,Line_B,185.9,4.47,42.9,3.43,1.75,3,77.6,0
UNIT_00405,Line_B,167.1,4.75,30.3,2.91,0.43,7,89.9,0
UNIT_00406,Line_B,160.5,5.18,38.5,3.05,0.06,12,89.5,0
UNIT_00407,Line_A,175.8,4.33,60.4,3.05,0.22,10,83.9,0
UNIT_00408,Line_C,189.2,5.1,42.7,3.16,1.46,12,97.6,0
UNIT_00409,Line_A,200.3,4.87,36.4,3.13,0.51,16,89.1,0
UNIT_00410,Line_A,189.4,4.6,45.2,3.36,2.0,18,71.6,1
UNIT_00411,Line_A,162.4,4.72,39.6,2.42,0.26,9,92.9,0
UNIT_00412,Line_A,177.2,4.91,50.2,3.1,0.92,15,79.7,0
UNIT_00413,Line_A,183.1,4.54,39.7,3.12,0.93,9,91.4,0
UNIT_00414,Line_A,182.1,5.0,46.6,2.94,0.17,2,87.4,0
UNIT_00415,Line_C,186.5,4.83,38.1,2.43,0.18,11,63.9,1
UNIT_00416,Line_C,169.0,4.63,60.6,2.98,0.53,19,89.8,0
UNIT_00417,Line_A,180.8,5.95,48.0,2.82,0.97,8,83.2,0
UNIT_00418,Line_A,185.0,5.25,44.1,3.42,0.83,10,81.3,0
UNIT_00419,Line_B,189.9,4.77,43.2,3.09,0.56,14,81.6,0
UNIT_00420,Line_C,170.3,5.09,41.7,2.8,0.55,16,91.3,0
UNIT_00421,Line_C,175.9,4.38,40.4,2.49,0.09,0,77.6,1
UNIT_00422,Line_C,147.6,4.74,40.3,3.15,0.31,1,93.9,0
UNIT_00423,Line_B,172.5,4.81,55.1,3.17,0.14,9,72.8,0
UNIT_00424,Line_B,173.7,4.25,41.7,2.95,0.82,2,87.4,0
UNIT_00425,Line_A,167.8,5.23,32.2,3.15,0.22,18,91.2,0
UNIT_00426,Line_C,182.0,4.7,38.0,2.91,1.45,14,91.0,0
UNIT_00427,Line_C,179.3,4.79,50.6,3.27,0.67,12,86.5,1
UNIT_00428,Line_A,152.9,4.66,43.5,3.25,0.3,11,83.3,0
UNIT_00429,Line_C,182.6,6.78,44.2,2.59,1.29,9,80.6,1
UNIT_00430,Line_A,168.9,4.6,52.0,2.65,0.2,0,75.2,0
UNIT_00431,Line_C,185.8,3.76,40.3,3.51,0.21,15,79.5,1
UNIT_00432,Line_C,164.6,4.04,48.8,3.23,0.29,9,77.3,0
UNIT_00433,Line_A,180.4,5.46,41.0,2.68,1.3,7,76.0,0
UNIT_00434,Line_B,176.6,5.8,48.5,2.61,2.01,8,99.4,0
UNIT_00435,Line_A,183.6,4.59,42.7,3.05,0.14,9,71.2,0
UNIT_00436,Line_B,181.5,5.77,43.6,2.71,3.55,18,94.0,1
UNIT_00437,Line_C,176.9,5.44,49.9,2.92,1.0,3,75.1,0
UNIT_00438,Line_A,161.6,4.89,49.5,2.99,0.45,3,76.8,0
UNIT_00439,Line_B,162.3,4.84,44.0,2.98,0.93,2,76.7,0
UNIT_00440,Line_C,173.0,5.11,42.2,3.28,1.32,12,76.1,0
UNIT_00441,Line_A,179.9,5.53,54.6,3.46,0.31,0,,0
UNIT_00442,Line_A,172.7,5.24,48.5,2.88,1.32,15,89.7,0
UNIT_00443,Line_B,187.5,4.59,42.7,2.72,0.63,14,83.1,0
UNIT_00444,Line_B,176.6,4.9,41.1,3.1,0.14,14,100.0,0
UNIT_00445,Line_B,168.4,6.19,51.1,3.41,0.99,9,84.9,1
UNIT_00446,Line_A,176.7,5.15,45.7,2.9,1.69,8,85.5,0
UNIT_00447,Line_C,182.7,5.52,44.0,3.21,0.86,18,79.5,0
UNIT_00448,Line_B,183.9,5.32,45.7,2.79,0.25,16,78.6,0
UNIT_00449,Line_A,202.5,5.16,47.0,3.01,0.87,3,80.7,0
UNIT_00450,Line_C,172.0,5.07,44.7,2.71,0.77,5,91.8,0
UNIT_00451,Line_C,179.1,5.54,52.2,3.0,0.93,4,89.6,0
UNIT_00452,Line_B,185.1,5.43,52.6,2.97,0.13,9,95.3,0
UNIT_00453,Line_A,179.7,5.16,48.2,3.15,0.15,12,79.3,0
UNIT_00454,Line_B,174.0,4.58,53.2,3.44,0.4,4,89.7,1
UNIT_00455,Line_B,161.4,5.23,45.1,2.9,1.15,1,87.4,0
UNIT_00456,Line_A,173.9,4.96,49.1,2.5,1.03,7,88.5,1
UNIT_00457,Line_B,167.1,4.82,51.0,2.95,1.24,10,,0
UNIT_00458,Line_C,159.3,6.61,51.1,3.07,0.94,13,76.7,1
UNIT_00459,Line_A,170.5,4.08,50.5,3.05,1.1,2,89.3,1
UNIT_00460,Line_C,167.4,5.58,48.8,2.96,0.77,13,92.0,0
UNIT_00461,Line_A,187.0,4.48,56.7,3.37,0.56,3,80.1,1
UNIT_00462,Line_C,187.2,5.08,41.8,3.03,1.01,5,89.9,0
UNIT_00463,Line_B,169.2,6.54,44.1,2.97,0.22,10,94.6,0
UNIT_00464,Line_A,176.9,4.42,43.7,2.81,0.28,2,82.1,0
UNIT_00465,Line_C,157.7,4.57,42.8,2.56,0.2,11,73.5,0
UNIT_00466,Line_A,174.1,4.99,33.1,3.08,0.73,0,74.5,0
UNIT_00467,Line_B,184.8,4.49,53.2,3.06,0.23,4,79.6,0
UNIT_00468,Line_A,189.9,5.53,38.8,2.74,0.05,11,81.4,0
UNIT_00469,Line_C,171.4,4.68,46.0,2.99,0.17,5,84.7,0
UNIT_00470,Line_C,192.6,5.39,36.5,2.96,1.7,8,84.9,0
UNIT_00471,Line_C,161.8,4.2,48.7,2.84,0.73,5,82.8,1
UNIT_00472,Line_B,165.0,3.92,40.3,2.8,1.29,10,90.4,1
UNIT_00473,Line_B,188.5,4.86,38.2,3.1,0.15,2,78.9,0
UNIT_00474,Line_B,200.1,4.06,46.2,2.94,0.91,3,95.1,0
UNIT_00475,Line_C,185.9,5.91,40.8,2.85,0.21,19,92.5,1
UNIT_00476,Line_C,179.5,4.08,41.6,2.78,0.89,6,91.9,1
UNIT_00477,Line_A,153.7,4.38,46.0,2.97,1.24,13,79.7,0
UNIT_00478,Line_B,155.7,5.25,49.8,3.23,0.99,0,84.1,0
UNIT_00479,Line_A,181.6,4.65,40.1,3.05,0.67,2,90.8,0
UNIT_00480,Line_A,175.7,4.09,39.1,2.94,1.63,15,83.4,0
UNIT_00481,Line_C,166.7,6.22,45.1,3.08,1.15,7,79.4,1
UNIT_00482,Line_A,180.8,4.4,48.2,3.34,0.33,6,79.1,0
UNIT_00483,Line_C,181.4,4.88,53.8,3.12,0.22,3,79.5,1
UNIT_00484,Line_B,191.3,4.87,38.6,3.07,2.78,5,75.7,1
UNIT_00485,Line_A,181.6,5.43,43.1,3.16,0.35,4,100.0,0
UNIT_00486,Line_B,194.7,5.28,52.1,2.96,0.58,15,69.4,0
UNIT_00487,Line_B,180.1,4.5,56.8,3.05,0.27,18,77.2,0
UNIT_00488,Line_C,178.6,4.8,39.0,2.88,1.11,0,89.8,0
UNIT_00489,Line_B,192.8,4.86,40.6,2.61,0.3,2,79.5,0
UNIT_00490,Line_C,168.3,5.45,47.3,3.09,0.65,12,82.2,0
UNIT_00491,Line_C,213.8,4.3,41.5,3.09,0.87,17,88.2,1
UNIT_00492,Line_C,184.5,6.21,40.4,2.93,0.38,6,93.3,0
UNIT_00493,Line_B,184.6,4.54,46.5,3.26,0.86,16,82.8,0
UNIT_00494,Line_A,186.3,4.99,54.3,2.82,1.9,0,92.4,0
UNIT_00495,Line_B,202.5,4.3,37.1,2.56,0.76,14,71.4,1
UNIT_00496,Line_A,189.5,4.22,54.0,2.83,1.04,18,80.2,0
UNIT_00497,Line_B,160.7,4.48,41.6,2.61,0.47,9,89.0,0
UNIT_00498,Line_C,196.8,4.42,47.1,3.08,0.44,11,100.0,0
UNIT_00499,Line_B,175.9,4.75,54.5,2.81,0.21,5,77.3,0
UNIT_00500,Line_A,181.3,4.41,47.0,3.25,0.71,15,75.9,0
UNIT_00501,Line_B,164.6,5.42,43.2,3.24,1.3,16,87.7,0
UNIT_00502,Line_C,186.3,4.53,49.3,2.77,1.01,16,85.4,1
UNIT_00503,Line_C,172.2,4.46,44.0,2.8,0.44,16,79.3,0
UNIT_00504,Line_A,181.2,4.76,48.1,3.13,0.51,1,75.3,0
UNIT_00505,Line_B,176.6,5.6,43.8,3.24,1.92,10,80.9,0
UNIT_00506,Line_B,203.1,5.13,50.2,2.5,0.92,10,89.2,0
UNIT_00507,Line_A,203.8,4.94,36.6,3.07,1.13,0,82.3,0
UNIT_00508,Line_A,180.6,4.14,38.9,2.45,1.22,16,94.4,1
UNIT_00509,Line_A,180.8,4.31,36.5,2.86,0.45,3,83.9,0
UNIT_00510,Line_C,175.5,4.23,44.7,3.27,0.41,8,89.8,0
UNIT_00511,Line_C,193.3,5.78,35.8,3.75,0.45,1,87.2,1
UNIT_00512,Line_C,176.1,5.32,40.8,2.94,0.4,15,81.8,0
UNIT_00513,Line_C,174.9,4.48,38.4,2.69,1.67,3,91.7,1
UNIT_00514,Line_C,191.7,4.66,53.9,2.87,0.56,10,75.3,0
UNIT_00515,Line_A,173.5,4.5,39.1,3.02,1.51,10,80.6,1
UNIT_00516,Line_C,179.5,4.47,37.3,2.83,0.57,1,81.7,0
UNIT_00517,Line_A,161.0,5.28,46.5,2.77,0.6,17,88.1,0
UNIT_00518,Line_B,188.5,4.83,55.1,2.89,0.1,0,90.0,1
UNIT_00519,Line_B,203.3,6.25,44.3,3.1,0.43,13,78.5,0
UNIT_00520,Line_B,188.7,5.75,44.8,2.96,1.7,3,77.4,0
UNIT_00521,Line_A,197.5,5.79,52.7,2.78,1.65,12,85.6,0
UNIT_00522,Line_A,169.8,5.4,50.3,2.83,0.42,4,72.7,0
UNIT_00523,Line_C,182.8,4.75,47.6,2.9,0.06,14,93.1,0
UNIT_00524,Line_A,168.7,5.36,41.5,2.75,0.28,11,83.2,0
UNIT_00525,Line_A,177.3,4.79,47.7,2.82,0.41,12,75.6,0
UNIT_00526,Line_C,189.3,5.98,36.8,3.16,0.42,19,75.5,1
UNIT_00527,Line_A,181.2,5.24,41.3,2.94,0.42,8,87.5,0
UNIT_00528,Line_C,163.0,5.16,53.6,2.56,0.66,15,87.3,0
UNIT_00529,Line_C,164.2,5.08,52.8,3.26,0.25,16,78.9,0
UNIT_00530,Line_B,163.4,6.04,47.6,3.1,0.59,6,84.1,1
UNIT_00531,Line_A,185.9,4.14,33.4,2.65,0.8,6,76.0,1
UNIT_00532,Line_A,204.8,6.1,37.8,2.91,0.44,14,82.9,1
UNIT_00533,Line_A,196.3,4.89,40.9,2.8,0.68,18,96.8,0
UNIT_00534,Line_B,157.2,4.16,44.0,3.17,1.89,0,100.0,0
UNIT_00535,Line_A,197.1,4.55,37.5,2.91,1.04,2,83.3,0
UNIT_00536,Line_B,191.2,4.01,43.5,2.98,0.93,3,88.5,0
UNIT_00537,Line_A,161.5,5.39,55.6,2.95,0.48,12,88.1,0
UNIT_00538,Line_B,176.4,4.38,47.4,2.63,0.4,8,71.2,1
UNIT_00539,Line_A,193.1,5.1,46.3,3.35,0.61,10,75.8,1
UNIT_00540,Line_C,186.6,5.68,38.9,3.17,0.92,6,66.5,0
UNIT_00541,Line_A,164.3,4.6,35.2,2.81,0.76,8,88.6,0
UNIT_00542,Line_A,187.3,4.84,37.6,3.05,0.7,15,100.0,0
UNIT_00543,Line_A,154.3,4.22,34.9,3.24,1.16,8,93.5,0
UNIT_00544,Line_C,177.3,4.77,45.5,3.01,0.88,7,85.4,0
UNIT_00545,Line_A,193.7,6.54,47.3,3.39,1.11,0,84.2,1
UNIT_00546,Line_B,180.2,5.47,39.2,3.73,0.3,7,82.2,1
UNIT_00547,Line_B,174.0,4.84,45.9,2.97,0.21,15,93.5,0
UNIT_00548,Line_B,190.7,4.63,53.8,2.85,1.78,2,86.7,0
UNIT_00549,Line_C,191.7,4.97,56.7,2.75,0.05,7,85.5,0
UNIT_00550,Line_C,195.7,5.08,49.6,2.45,0.24,5,76.2,0
UNIT_00551,Line_B,190.5,4.75,44.0,3.31,0.47,9,89.8,0
UNIT_00552,Line_C,193.0,5.32,49.4,2.91,1.5,16,83.8,0
UNIT_00553,Line_A,188.8,4.43,53.1,3.22,0.21,16,88.2,0
UNIT_00554,Line_C,183.2,4.42,33.0,3.27,0.1,7,93.0,0
UNIT_00555,Line_B,181.1,5.22,53.9,2.73,0.31,11,71.9,1
UNIT_00556,Line_C,177.2,4.3,41.7,2.77,0.43,16,82.6,0
UNIT_00557,Line_C,165.5,5.44,41.8,3.44,0.68,17,81.5,1
UNIT_00558,Line_C,168.5,4.99,42.9,2.98,0.95,12,80.8,0
UNIT_00559,Line_C,176.6,3.9,46.9,2.83,1.18,2,76.1,1
UNIT_00560,Line_B,182.9,5.07,38.3,2.74,0.17,7,79.2,0
UNIT_00561,Line_A,197.3,3.99,43.3,2.96,0.05,5,76.2,0
UNIT_00562,Line_B,179.5,5.42,48.2,3.38,0.66,13,91.6,0
UNIT_00563,Line_A,192.0,4.85,46.3,3.17,0.2,4,88.0,0
UNIT_00564,Line_C,193.0,6.11,47.3,3.05,0.39,0,87.5,0
UNIT_00565,Line_A,177.2,5.64,43.1,3.4,0.49,17,69.6,1
UNIT_00566,Line_A,187.1,4.36,49.2,3.35,0.42,2,100.0,0
UNIT_00567,Line_A,177.1,3.79,51.3,3.08,0.09,15,81.7,1
UNIT_00568,Line_B,195.9,4.55,51.0,3.69,0.71,19,99.0,1
UNIT_00569,Line_B,187.6,4.27,47.6,2.94,2.22,16,91.0,0
UNIT_00570,Line_C,165.7,6.1,50.6,3.27,0.59,9,83.1,1
UNIT_00571,Line_B,181.9,4.99,50.2,2.9,2.46,11,100.0,0
UNIT_00572,Line_A,199.8,5.56,61.1,3.23,0.05,14,89.5,0
UNIT_00573,Line_A,177.8,4.83,52.3,2.94,0.31,4,83.2,0
UNIT_00574,Line_A,185.4,4.89,44.5,3.12,1.98,8,81.9,1
UNIT_00575,Line_B,186.6,4.98,39.5,3.6,0.3,7,93.3,0
UNIT_00576,Line_C,167.6,5.66,43.4,3.24,0.75,5,80.7,0
UNIT_00577,Line_B,186.1,5.19,43.0,3.12,0.6,11,82.0,0
UNIT_00578,Line_C,163.3,4.37,48.1,2.81,0.48,8,80.2,0
UNIT_00579,Line_A,172.5,5.97,40.8,3.05,1.19,0,79.0,0
UNIT_00580,Line_A,192.9,4.82,52.2,2.75,0.62,1,79.4,0
UNIT_00581,Line_C,184.3,4.73,36.7,3.22,1.05,12,99.2,0
UNIT_00582,Line_A,176.3,3.3,35.2,3.22,2.02,11,93.1,1
UNIT_00583,Line_A,185.4,5.38,44.2,2.96,1.22,17,86.9,0
UNIT_00584,Line_B,179.3,5.06,39.9,3.42,0.24,1,80.6,0
UNIT_00585,Line_C,180.2,5.06,37.5,3.38,2.81,6,80.6,0
UNIT_00586,Line_C,187.9,4.76,41.2,3.04,0.92,7,82.1,0
UNIT_00587,Line_A,171.3,4.65,40.4,3.14,0.52,13,99.3,0
UNIT_00588,Line_C,180.5,4.78,45.1,2.85,0.2,8,87.3,0
UNIT_00589,Line_C,176.3,5.28,41.3,2.93,0.65,9,91.0,0
UNIT_00590,Line_C,161.0,5.38,41.8,2.73,0.33,18,86.6,0
UNIT_00591,Line_C,169.0,4.86,45.0,2.88,0.15,0,77.9,0
UNIT_00592,Line_A,198.8,5.57,51.1,2.97,0.22,17,85.8,0
UNIT_00593,Line_C,184.6,4.95,53.8,2.58,0.13,5,76.4,1
UNIT_00594,Line_A,164.1,4.7,45.9,3.14,0.46,0,94.6,0
UNIT_00595,Line_C,161.5,5.12,46.4,3.26,0.56,10,79.0,0
UNIT_00596,Line_B,178.7,4.18,43.9,3.0,0.83,4,80.4,0
UNIT_00597,Line_C,198.7,5.14,47.9,2.33,0.9,14,91.5,1
UNIT_00598,Line_B,177.8,4.07,47.3,2.94,0.4,15,79.4,0
UNIT_00599,Line_B,195.7,4.38,53.0,2.65,0.44,8,83.2,0
UNIT_00600,Line_B,184.2,3.79,33.7,2.85,0.72,15,63.9,0
UNIT_00601,Line_C,185.7,4.89,43.6,3.36,0.23,3,82.4,0
UNIT_00602,Line_C,164.0,5.97,47.0,2.39,1.02,6,89.8,1
UNIT_00603,Line_A,191.3,4.93,44.8,2.8,0.47,1,80.0,0
UNIT_00604,Line_C,176.0,5.39,39.4,3.21,1.14,12,89.5,0
UNIT_00605,Line_B,190.4,6.41,37.2,2.82,0.67,14,84.9,1
UNIT_00606,Line_A,170.2,5.24,49.8,2.81,0.52,15,93.7,0
UNIT_00607,Line_B,182.1,4.54,40.5,3.51,1.37,7,79.1,1
UNIT_00608,Line_C,184.2,4.62,34.5,3.09,0.14,16,83.1,0
UNIT_00609,Line_C,178.2,5.0,50.1,3.23,0.81,12,73.2,0
UNIT_00610,Line_C,184.9,4.62,47.8,3.12,1.78,11,84.3,0
UNIT_00611,Line_B,176.8,4.67,44.3,3.04,0.69,4,81.6,0
UNIT_00612,Line_C,172.2,5.59,39.5,3.32,0.59,16,92.7,0
UNIT_00613,Line_B,199.3,5.62,44.3,3.48,1.16,15,80.0,1
UNIT_00614,Line_C,192.6,4.01,52.3,2.58,0.39,17,81.6,1
UNIT_00615,Line_B,170.9,4.51,35.3,2.99,0.49,6,79.6,0
UNIT_00616,Line_A,186.8,4.72,35.6,2.99,0.2,11,85.2,0
UNIT_00617,Line_A,171.1,5.36,41.2,2.89,0.37,1,100.0,0
UNIT_00618,Line_A,165.8,5.69,44.8,3.25,0.97,11,57.0,1
UNIT_00619,Line_A,192.4,6.62,42.0,3.06,0.5,10,84.6,1
UNIT_00620,Line_B,159.6,4.72,48.9,3.48,0.28,16,94.4,1
UNIT_00621,Line_B,191.1,4.75,51.5,3.28,1.42,14,80.9,0
UNIT_00622,Line_A,177.0,5.35,46.7,3.34,1.29,19,89.2,0
UNIT_00623,Line_B,177.5,4.59,48.4,2.7,0.31,18,94.4,0
UNIT_00624,Line_B,184.9,4.92,46.6,2.8,1.28,3,82.8,0
UNIT_00625,Line_A,187.0,4.75,45.1,2.82,0.95,19,79.8,0
UNIT_00626,Line_B,170.1,3.43,37.2,3.33,0.72,0,92.5,1
UNIT_00627,Line_B,188.6,5.07,38.8,2.76,1.86,9,89.0,0
UNIT_00628,Line_B,181.4,4.89,36.9,2.77,0.8,18,84.5,0
UNIT_00629,Line_B,164.9,5.76,44.1,2.72,0.34,12,89.9,0
UNIT_00630,Line_C,178.0,5.0,46.4,3.69,0.46,19,92.7,0
UNIT_00631,Line_A,196.6,4.25,36.3,2.96,0.13,11,84.6,1
UNIT_00632,Line_B,200.1,4.85,45.4,3.13,0.93,13,87.4,0
UNIT_00633,Line_B,188.6,3.75,39.7,2.71,1.84,10,89.2,1
UNIT_00634,Line_A,165.7,4.27,38.6,3.24,0.81,18,81.3,0
UNIT_00635,Line_C,185.9,5.38,41.2,2.56,0.72,2,94.5,1
UNIT_00636,Line_A,190.2,4.85,38.3,2.76,1.14,7,76.8,0
UNIT_00637,Line_A,188.7,5.55,48.6,2.82,1.01,13,83.9,0
UNIT_00638,Line_C,189.4,3.82,44.0,3.05,1.44,9,91.1,1
UNIT_00639,Line_C,184.4,4.85,49.9,2.8,0.61,19,76.5,0
UNIT_00640,Line_C,179.1,4.71,42.3,3.38,0.86,11,92.0,0
UNIT_00641,Line_C,172.7,5.57,42.6,3.13,0.59,2,86.5,0
UNIT_00642,Line_C,157.2,5.4,56.2,2.83,0.2,12,95.6,1
UNIT_00643,Line_B,184.1,5.39,35.3,3.25,0.24,6,89.9,1
UNIT_00644,Line_C,182.2,5.92,52.7,2.9,0.36,9,83.7,0
UNIT_00645,Line_A,186.7,4.78,54.9,2.85,0.19,1,86.9,0
UNIT_00646,Line_B,163.9,5.8,49.6,3.22,0.7,17,87.1,0
UNIT_00647,Line_B,187.7,4.37,43.0,2.39,1.19,8,100.0,0
UNIT_00648,Line_C,204.7,4.35,53.6,3.18,0.4,16,85.7,1
UNIT_00649,Line_C,180.9,5.45,43.1,2.82,0.11,9,83.9,0
UNIT_00650,Line_B,179.3,4.1,40.8,2.82,0.33,18,83.4,0
UNIT_00651,Line_B,183.7,5.34,42.7,3.49,0.5,7,86.5,0
UNIT_00652,Line_A,204.4,5.06,41.6,2.87,1.13,2,75.9,0
UNIT_00653,Line_C,167.7,5.64,39.3,3.24,0.66,9,81.9,0
UNIT_00654,Line_B,182.4,4.96,51.7,3.07,0.65,0,76.9,0
UNIT_00655,Line_B,170.4,5.03,40.4,3.1,0.89,16,77.9,0
UNIT_00656,Line_C,173.4,5.31,44.8,2.94,1.26,18,91.4,0
UNIT_00657,Line_B,179.4,4.6,36.3,2.92,1.79,4,85.2,0
UNIT_00658,Line_A,196.2,4.58,45.2,3.38,0.4,1,79.1,0
UNIT_00659,Line_A,201.6,5.28,38.1,3.23,0.61,15,83.8,0
UNIT_00660,Line_A,185.4,4.98,37.9,2.88,0.4,13,83.0,0
UNIT_00661,Line_C,175.5,4.76,44.3,2.74,0.86,15,85.4,1
UNIT_00662,Line_A,209.9,4.95,51.3,2.85,0.11,11,72.9,0
UNIT_00663,Line_A,174.9,5.96,47.6,3.25,2.12,11,76.3,1
UNIT_00664,Line_B,173.1,4.73,48.1,3.29,0.93,5,73.5,1
UNIT_00665,Line_C,158.7,4.72,44.2,3.14,0.83,6,77.8,0
UNIT_00666,Line_B,196.8,3.98,43.0,2.6,0.33,12,79.2,1
UNIT_00667,Line_C,191.6,4.97,49.7,3.19,0.45,18,76.7,0
UNIT_00668,Line_C,209.0,5.39,41.6,3.33,0.19,6,91.1,0
UNIT_00669,Line_A,163.3,5.5,50.0,3.04,0.32,7,99.7,0
UNIT_00670,Line_C,197.5,5.06,52.4,3.49,1.26,11,91.6,1
UNIT_00671,Line_B,180.8,5.57,40.0,2.67,0.13,0,80.5,0
UNIT_00672,Line_B,189.7,5.44,40.8,3.17,2.42,13,86.7,0
UNIT_00673,Line_A,160.2,5.67,41.7,2.74,1.44,2,84.5,0
UNIT_00674,Line_B,197.6,5.59,36.2,3.26,0.81,13,80.1,0
UNIT_00675,Line_C,189.4,5.94,42.2,3.15,0.3,17,95.6,0
UNIT_00676,Line_B,179.5,4.9,52.8,3.45,1.05,18,100.0,0
UNIT_00677,Line_A,187.7,4.2,38.7,3.12,0.98,2,73.2,1
UNIT_00678,Line_B,170.8,5.4,53.0,2.9,0.39,11,96.5,0
UNIT_00679,Line_C,173.0,5.47,42.4,2.88,0.91,8,80.3,0
UNIT_00680,Line_C,174.4,5.94,57.7,2.94,0.5,9,82.9,0
UNIT_00681,Line_A,157.8,5.77,40.9,2.87,0.1,13,87.3,0
UNIT_00682,Line_C,190.3,6.17,44.1,3.34,0.2,19,97.4,1
UNIT_00683,Line_C,194.3,5.37,39.5,3.32,1.4,11,87.2,0
UNIT_00684,Line_A,171.6,5.14,40.9,2.63,0.44,11,88.3,0
UNIT_00685,Line_C,184.2,4.17,53.0,3.01,0.35,13,91.8,0
UNIT_00686,Line_B,176.8,5.18,47.8,3.02,0.7,10,93.1,0
UNIT_00687,Line_B,183.9,4.67,51.2,2.8,0.06,6,89.1,0
UNIT_00688,Line_B,172.5,5.13,37.1,3.11,0.64,16,93.1,0
UNIT_00689,Line_C,169.4,5.03,48.9,3.37,0.74,13,80.2,1
UNIT_00690,Line_C,192.6,5.28,39.2,3.22,1.03,11,71.1,0
UNIT_00691,Line_C,179.2,4.94,37.0,3.34,0.24,0,99.6,0
UNIT_00692,Line_C,204.3,5.56,46.4,2.82,0.39,5,76.7,0
UNIT_00693,Line_C,180.6,3.37,46.4,3.01,0.72,5,80.7,0
UNIT_00694,Line_A,168.9,5.11,45.3,2.81,0.27,12,82.3,0
UNIT_00695,Line_A,194.7,5.72,49.3,3.06,0.77,2,81.0,0
UNIT_00696,Line_C,187.6,6.12,50.2,3.08,0.7,7,79.2,0
UNIT_00697,Line_B,188.7,5.44,53.8,3.24,0.06,9,88.7,0
UNIT_00698,Line_A,194.3,6.01,37.9,3.33,1.24,14,88.8,0
UNIT_00699,Line_A,172.2,5.1,54.0,3.17,0.27,2,90.0,0
UNIT_00700,Line_B,178.5,5.0,56.3,2.78,0.66,12,89.5,0
UNIT_00701,Line_B,177.9,5.32,42.8,2.66,2.14,10,81.7,0
UNIT_00702,Line_A,164.5,5.0,35.0,3.13,0.3,14,81.7,0
UNIT_00703,Line_A,176.8,4.53,36.7,3.38,0.9,3,94.0,0
UNIT_00704,Line_A,196.0,4.69,42.2,2.99,2.51,11,80.8,0
UNIT_00705,Line_B,182.8,4.33,57.1,2.62,1.0,8,80.7,1
UNIT_00706,Line_A,163.8,5.32,45.1,3.52,1.43,5,92.4,0
UNIT_00707,Line_B,161.3,5.01,41.3,3.12,0.22,1,84.9,0
UNIT_00708,Line_B,200.0,4.78,40.9,3.04,1.78,7,81.0,0
UNIT_00709,Line_B,178.9,4.66,37.1,2.71,0.1,8,81.0,0
UNIT_00710,Line_C,172.2,5.3,50.2,3.0,0.95,1,94.0,0
UNIT_00711,Line_B,176.7,5.47,44.4,3.17,0.64,16,89.7,0
UNIT_00712,Line_C,162.3,4.32,57.6,3.13,0.49,13,86.9,0
UNIT_00713,Line_C,197.1,4.23,48.8,2.83,0.42,6,75.7,0
UNIT_00714,Line_C,175.3,5.57,50.0,2.99,1.02,0,86.9,1
UNIT_00715,Line_C,196.4,4.17,43.5,2.85,0.33,14,83.3,0
UNIT_00716,Line_B,180.6,5.33,38.5,3.42,0.44,0,77.7,1
UNIT_00717,Line_B,197.2,5.97,39.8,3.22,0.96,8,80.2,1
UNIT_00718,Line_A,183.1,5.97,36.8,2.87,1.39,4,90.6,0
UNIT_00719,Line_B,190.2,5.44,50.5,2.71,0.58,4,94.9,0
UNIT_00720,Line_A,188.6,5.43,42.7,3.07,1.83,15,76.5,0
UNIT_00721,Line_C,187.5,6.35,50.7,2.88,0.73,6,77.5,1
UNIT_00722,Line_C,184.2,3.6,45.8,2.9,0.68,4,90.6,1
UNIT_00723,Line_A,177.2,4.72,43.2,2.72,3.38,6,81.7,1
UNIT_00724,Line_C,203.0,5.51,38.0,2.75,0.85,2,89.4,1
UNIT_00725,Line_A,169.1,4.8,46.8,3.04,2.3,14,81.6,0
UNIT_00726,Line_C,180.1,5.74,43.7,2.93,3.19,9,89.6,1
UNIT_00727,Line_A,180.2,4.98,50.4,3.62,0.23,4,74.0,1
UNIT_00728,Line_B,184.8,5.08,40.7,3.15,0.33,6,89.4,0
UNIT_00729,Line_B,174.8,4.84,48.7,2.71,0.13,19,68.2,0
UNIT_00730,Line_C,183.8,4.69,54.8,2.62,1.07,11,92.4,0
UNIT_00731,Line_B,178.0,4.67,46.6,3.1,1.08,13,84.7,0
UNIT_00732,Line_C,161.0,5.16,49.7,2.9,0.4,17,88.5,0
UNIT_00733,Line_C,180.1,4.54,48.4,3.33,0.05,8,86.9,1
UNIT_00734,Line_A,166.8,5.57,56.4,3.07,0.89,6,71.4,0
UNIT_00735,Line_C,159.2,5.39,47.2,2.5,0.14,19,95.9,0
UNIT_00736,Line_C,181.6,5.66,49.2,2.75,0.55,11,87.7,0
UNIT_00737,Line_B,185.9,4.32,44.8,2.83,1.12,4,91.1,0
UNIT_00738,Line_C,186.3,3.98,40.4,3.11,0.72,17,78.6,0
UNIT_00739,Line_C,186.8,5.0,37.8,2.74,1.38,15,86.9,0
UNIT_00740,Line_C,156.8,6.74,52.6,3.04,0.52,8,74.5,0
UNIT_00741,Line_C,163.7,5.76,38.9,2.67,0.34,5,86.2,1
UNIT_00742,Line_B,203.7,4.67,49.5,3.0,0.29,13,77.5,1
UNIT_00743,Line_A,167.4,5.25,47.5,3.09,1.09,10,100.0,0
UNIT_00744,Line_C,187.3,5.44,50.5,3.37,0.6,4,89.8,0
UNIT_00745,Line_B,171.8,4.18,41.9,3.06,0.33,1,95.6,0
UNIT_00746,Line_B,181.0,5.82,40.3,2.8,0.86,16,83.0,0
UNIT_00747,Line_A,172.4,4.9,47.3,3.37,0.11,16,88.2,0
UNIT_00748,Line_A,186.7,4.95,43.2,2.95,0.67,18,92.2,0
UNIT_00749,Line_A,181.6,5.01,37.6,3.19,0.79,7,76.4,0
UNIT_00750,Line_C,174.6,5.69,56.6,2.85,0.88,14,79.6,1
UNIT_00751,Line_A,167.4,4.55,40.3,3.02,1.84,11,92.8,0
UNIT_00752,Line_A,183.2,3.98,39.0,2.8,0.5,5,83.3,0
UNIT_00753,Line_C,165.4,5.19,43.5,3.08,0.8,18,79.0,0
UNIT_00754,Line_B,185.1,3.77,52.5,3.2,0.9,6,80.0,0
UNIT_00755,Line_B,211.5,4.82,32.0,2.88,0.61,0,75.2,1
UNIT_00756,Line_C,196.2,5.71,52.0,2.86,0.2,3,69.3,0
UNIT_00757,Line_B,188.6,5.35,39.5,3.09,1.17,19,71.4,0
UNIT_00758,Line_A,179.0,5.63,46.6,2.79,0.05,1,85.4,0
UNIT_00759,Line_C,156.7,5.37,40.9,2.62,0.22,10,90.4,0
UNIT_00760,Line_A,164.1,6.45,57.0,3.09,0.48,9,100.0,0
UNIT_00761,Line_B,195.4,4.65,45.7,2.97,0.21,15,84.7,0
UNIT_00762,Line_C,170.5,5.24,40.8,2.97,0.67,16,74.8,1
UNIT_00763,Line_C,171.6,4.74,43.2,3.13,1.48,9,84.8,0
UNIT_00764,Line_B,178.0,5.57,45.5,3.17,2.36,12,90.6,0
UNIT_00765,Line_C,167.3,4.96,46.1,2.96,0.62,16,93.2,0
UNIT_00766,Line_B,165.3,6.03,47.6,2.72,0.85,16,92.5,1
UNIT_00767,Line_B,179.4,4.68,45.0,2.84,0.67,17,89.6,0
UNIT_00768,Line_A,169.3,5.84,36.7,3.15,0.59,14,85.8,0
UNIT_00769,Line_B,171.1,5.36,43.0,3.03,0.59,7,90.9,0
UNIT_00770,Line_B,170.6,4.98,48.6,2.86,2.07,11,75.5,0
UNIT_00771,Line_C,186.3,5.33,41.0,2.8,0.07,14,68.9,0
UNIT_00772,Line_A,177.2,5.16,49.0,3.15,1.24,5,100.0,0
UNIT_00773,Line_C,177.9,5.21,45.2,2.94,0.3,19,84.6,0
UNIT_00774,Line_C,187.2,4.88,43.7,3.19,0.53,8,89.3,0
UNIT_00775,Line_C,178.3,4.58,52.2,3.22,0.2,15,62.6,0
UNIT_00776,Line_B,176.7,4.8,34.6,2.92,0.19,10,97.4,0
UNIT_00777,Line_A,185.6,3.99,40.9,3.24,1.39,19,94.2,1
UNIT_00778,Line_A,188.0,5.51,52.4,3.03,0.36,13,72.5,0
UNIT_00779,Line_C,178.2,4.26,56.0,3.07,0.65,14,82.5,0
UNIT_00780,Line_C,181.0,4.87,58.7,2.45,0.94,15,87.1,0
UNIT_00781,Line_B,170.6,5.39,45.3,2.76,1.83,6,74.9,0
UNIT_00782,Line_A,169.7,5.5,47.7,2.77,0.19,6,88.9,0
UNIT_00783,Line_A,189.2,3.94,49.9,2.92,1.92,16,93.4,0
UNIT_00784,Line_B,185.3,4.94,52.7,3.03,0.78,9,87.6,1
UNIT_00785,Line_B,185.5,5.28,46.9,3.04,0.75,13,72.5,0
UNIT_00786,Line_A,183.4,5.03,50.6,3.07,0.49,10,76.7,0
UNIT_00787,Line_C,180.6,5.81,47.8,2.83,0.43,0,84.0,0
UNIT_00788,Line_B,188.4,4.51,48.1,3.17,0.12,9,83.0,0
UNIT_00789,Line_A,191.2,3.77,39.5,3.45,1.56,3,83.2,0
UNIT_00790,Line_A,190.9,5.49,43.0,2.91,0.18,1,82.9,1
UNIT_00791,Line_B,178.8,4.68,41.9,2.83,0.38,5,70.6,0
UNIT_00792,Line_C,196.6,3.94,37.9,2.83,1.39,5,91.4,0
UNIT_00793,Line_C,182.7,4.9,35.1,3.02,0.58,14,90.0,0
UNIT_00794,Line_B,187.6,5.74,42.5,2.87,0.23,5,89.2,0
UNIT_00795,Line_A,183.4,4.24,43.4,2.57,1.18,15,88.4,0
UNIT_00796,Line_C,183.0,6.4,45.6,2.64,0.43,4,82.7,1
UNIT_00797,Line_B,171.2,4.5,48.3,3.26,0.38,16,80.1,0
UNIT_00798,Line_A,188.4,5.05,46.1,3.32,0.19,10,76.9,1
UNIT_00799,Line_B,214.1,4.27,43.5,3.4,0.41,1,97.3,1
UNIT_00800,Line_A,175.5,5.02,39.5,3.06,0.48,2,84.8,0
UNIT_00801,Line_A,180.9,4.92,50.3,2.75,0.92,1,71.7,0
UNIT_00802,Line_B,174.6,4.11,44.4,2.89,0.32,8,84.8,0
UNIT_00803,Line_C,174.1,6.7,42.4,2.63,1.59,5,68.3,1
UNIT_00804,Line_C,198.5,4.7,43.9,2.62,1.42,0,87.0,1
UNIT_00805,Line_C,171.9,4.7,40.6,3.06,1.42,13,86.1,0
UNIT_00806,Line_B,174.3,5.58,41.8,3.13,0.74,17,80.7,0
UNIT_00807,Line_A,161.0,6.09,41.6,3.49,1.13,16,77.5,1
UNIT_00808,Line_B,170.9,5.68,43.3,2.98,1.05,3,89.5,0
UNIT_00809,Line_C,159.5,4.28,48.9,2.66,1.31,17,84.3,1
UNIT_00810,Line_A,187.6,5.13,47.4,2.97,1.4,8,69.5,0
UNIT_00811,Line_C,213.6,3.87,54.3,2.93,1.09,4,94.6,0
UNIT_00812,Line_C,175.6,5.54,52.3,2.88,1.1,2,77.5,1
UNIT_00813,Line_A,160.0,4.02,56.7,3.09,1.03,15,74.5,0
UNIT_00814,Line_C,190.8,4.52,48.4,2.7,1.11,5,95.9,0
UNIT_00815,Line_C,171.3,5.0,48.3,3.03,0.68,12,93.5,0
UNIT_00816,Line_A,195.6,5.27,42.1,3.16,0.39,11,81.6,0
UNIT_00817,Line_A,176.6,4.84,50.0,3.35,0.24,18,75.0,0
UNIT_00818,Line_B,172.4,5.91,41.1,3.08,0.18,14,77.7,0
UNIT_00819,Line_C,177.9,5.43,36.2,3.26,0.26,15,81.5,0
UNIT_00820,Line_A,189.1,5.39,54.2,2.89,1.34,9,94.7,0
UNIT_00821,Line_B,177.3,4.26,37.5,2.92,1.75,10,95.4,0
UNIT_00822,Line_A,174.0,6.02,47.6,3.34,1.07,2,86.3,1
UNIT_00823,Line_B,177.6,4.52,39.7,2.66,0.79,15,90.2,0
UNIT_00824,Line_B,164.7,6.04,51.8,2.9,0.12,15,83.3,1
UNIT_00825,Line_A,184.8,6.21,52.6,3.28,0.59,6,78.0,1
UNIT_00826,Line_C,158.6,5.31,48.2,2.95,0.37,2,73.0,0
UNIT_00827,Line_C,174.7,5.62,52.5,2.93,0.37,15,87.6,0
UNIT_00828,Line_C,189.1,3.15,45.0,2.93,0.72,15,92.2,0
UNIT_00829,Line_A,183.6,4.88,58.4,3.03,1.06,15,80.9,0
UNIT_00830,Line_A,187.1,5.66,49.5,3.27,0.66,0,94.5,0
UNIT_00831,Line_A,179.2,5.55,39.6,3.23,2.65,17,81.9,0
UNIT_00832,Line_B,194.0,4.27,45.4,3.0,0.77,7,85.7,0
UNIT_00833,Line_A,191.1,4.82,44.1,3.27,0.1,4,83.2,0
UNIT_00834,Line_C,185.4,3.48,43.5,3.09,2.08,10,94.9,1
UNIT_00835,Line_C,191.1,5.25,35.1,3.21,0.63,16,88.9,0
UNIT_00836,Line_C,189.0,3.87,47.3,2.74,1.74,16,84.5,1
UNIT_00837,Line_A,174.7,5.68,36.7,3.43,0.18,3,85.6,0
UNIT_00838,Line_A,163.9,5.71,29.8,3.06,0.32,19,75.5,0
UNIT_00839,Line_C,185.0,4.72,42.9,2.31,0.26,15,67.1,0
UNIT_00840,Line_A,186.6,5.31,40.5,3.41,1.31,18,80.7,1
UNIT_00841,Line_B,193.1,4.87,39.8,3.0,1.55,18,83.4,0
UNIT_00842,Line_C,168.8,5.15,26.4,2.9,0.97,10,89.3,0
UNIT_00843,Line_A,169.1,4.31,39.9,2.85,0.82,0,83.7,1
UNIT_00844,Line_A,185.5,5.37,44.0,3.11,0.11,1,81.2,0
UNIT_00845,Line_A,179.1,4.02,41.2,2.78,0.35,12,61.4,0
UNIT_00846,Line_A,157.4,3.9,47.3,2.86,0.4,1,89.2,1
UNIT_00847,Line_A,184.5,4.93,53.4,2.86,0.14,13,86.7,0
UNIT_00848,Line_C,157.8,4.87,48.1,2.93,0.61,2,91.5,0
UNIT_00849,Line_B,168.7,5.16,51.2,2.87,0.98,16,85.2,0
UNIT_00850,Line_C,196.2,4.61,51.7,3.21,1.22,5,94.2,1
UNIT_00851,Line_C,201.9,6.13,38.9,3.07,1.03,2,80.6,1
UNIT_00852,Line_C,165.4,5.1,47.6,3.1,0.52,6,84.7,0
UNIT_00853,Line_A,176.0,5.14,51.0,3.15,0.42,18,86.9,0
UNIT_00854,Line_A,180.5,5.12,42.4,2.98,0.54,11,90.3,0
UNIT_00855,Line_C,201.4,5.6,40.3,2.74,0.6,19,88.3,0
UNIT_00856,Line_A,174.1,5.35,48.2,3.45,0.24,5,88.8,0
UNIT_00857,Line_A,174.3,5.27,36.1,3.23,0.44,13,87.2,0
UNIT_00858,Line_C,198.6,5.44,38.5,3.4,0.38,3,83.5,0
UNIT_00859,Line_C,175.5,3.91,41.0,3.26,1.91,8,92.2,0
UNIT_00860,Line_C,188.7,3.93,47.7,2.88,1.29,7,71.6,1
UNIT_00861,Line_C,162.3,4.95,46.3,2.41,0.98,12,80.0,1
UNIT_00862,Line_A,177.9,4.88,51.2,2.69,0.29,13,97.7,0
UNIT_00863,Line_C,160.1,5.35,39.5,3.16,1.12,1,79.6,0
UNIT_00864,Line_C,167.3,5.01,39.1,2.97,0.34,13,84.4,0
UNIT_00865,Line_C,190.1,5.35,48.1,2.9,1.13,15,96.1,0
UNIT_00866,Line_C,179.4,4.25,40.2,2.38,0.53,7,84.0,0
UNIT_00867,Line_C,176.2,4.99,41.4,3.0,1.45,1,78.3,0
UNIT_00868,Line_B,171.0,4.2,33.9,2.73,0.17,8,94.6,1
UNIT_00869,Line_A,177.4,5.23,46.7,2.82,1.09,6,82.7,0
UNIT_00870,Line_B,183.6,3.87,54.2,3.21,1.54,15,83.2,1
UNIT_00871,Line_A,191.8,5.21,38.8,2.74,0.55,2,69.2,0
UNIT_00872,Line_A,148.5,4.12,51.1,2.77,0.52,5,84.0,1
UNIT_00873,Line_A,170.0,4.77,44.6,3.05,0.66,14,90.5,0
UNIT_00874,Line_C,181.9,5.54,34.4,3.22,0.97,18,81.6,0
UNIT_00875,Line_B,178.8,5.14,39.6,2.9,0.41,11,74.7,0
UNIT_00876,Line_B,184.8,4.01,39.3,3.37,0.36,0,81.2,1
UNIT_00877,Line_C,183.2,4.6,43.1,2.68,2.1,13,80.1,0
UNIT_00878,Line_B,176.3,4.1,47.5,2.64,0.5,0,83.0,0
UNIT_00879,Line_B,173.7,3.98,56.1,2.62,0.63,1,80.9,1
UNIT_00880,Line_A,177.1,5.07,36.4,2.59,0.45,13,98.3,0
UNIT_00881,Line_C,193.8,5.34,42.1,3.08,1.03,7,87.4,0
UNIT_00882,Line_B,171.2,5.26,39.6,2.76,0.38,0,71.1,0
UNIT_00883,Line_A,179.2,5.36,37.4,2.65,0.59,8,85.6,0
UNIT_00884,Line_C,182.2,4.99,45.6,3.09,1.35,7,84.7,0
UNIT_00885,Line_C,198.7,4.84,45.0,3.21,1.22,12,94.6,1
UNIT_00886,Line_A,176.4,4.36,34.1,3.26,0.49,18,83.8,0
UNIT_00887,Line_A,191.5,4.74,45.1,3.22,0.67,2,83.5,0
UNIT_00888,Line_A,194.8,4.21,37.8,2.77,0.3,13,99.9,0
UNIT_00889,Line_A,179.2,4.49,45.1,3.07,0.67,12,76.4,0
UNIT_00890,Line_A,177.5,5.05,52.6,3.12,2.37,19,91.4,0
UNIT_00891,Line_C,176.1,4.93,47.8,2.88,1.16,7,85.5,0
UNIT_00892,Line_B,176.9,6.84,46.1,3.04,0.3,3,81.0,0
UNIT_00893,Line_C,190.3,4.19,41.8,2.69,0.15,18,79.8,0
UNIT_00894,Line_C,182.8,4.92,45.4,2.84,0.31,1,95.9,0
UNIT_00895,Line_B,182.8,4.15,48.4,3.09,0.21,8,88.7,0
UNIT_00896,Line_B,166.5,4.77,47.8,3.38,0.59,13,89.8,1
UNIT_00897,Line_A,168.4,4.79,44.4,3.29,1.43,2,92.1,0
UNIT_00898,Line_A,205.7,5.51,46.3,3.17,0.6,5,87.7,0
UNIT_00899,Line_B,177.9,4.73,37.1,3.02,0.38,2,76.5,0
UNIT_00900,Line_A,170.7,4.89,40.6,2.98,0.5,16,72.4,0
UNIT_00901,Line_A,197.2,4.74,49.2,2.64,0.95,5,,1
UNIT_00902,Line_A,183.4,4.16,50.1,2.79,0.75,12,86.7,1
UNIT_00903,Line_C,186.9,4.61,45.6,2.8,0.31,4,85.6,0
UNIT_00904,Line_B,178.3,4.77,53.9,3.14,1.17,13,99.4,0
UNIT_00905,Line_C,176.2,5.04,48.0,3.24,0.26,15,76.5,0
UNIT_00906,Line_B,178.0,5.34,43.6,3.18,0.71,0,64.8,1
UNIT_00907,Line_A,163.4,4.86,37.7,3.3,0.45,14,70.5,1
UNIT_00908,Line_B,178.9,4.85,53.6,3.02,0.56,13,80.8,0
UNIT_00909,Line_A,183.6,3.97,49.6,2.75,0.27,1,85.9,1
UNIT_00910,Line_C,202.2,5.32,55.8,2.99,0.68,5,96.1,0
UNIT_00911,Line_A,181.0,4.58,58.0,2.82,0.24,17,91.7,0
UNIT_00912,Line_B,152.0,5.45,37.3,3.16,0.42,8,64.5,0
UNIT_00913,Line_C,178.9,5.79,37.3,2.91,0.53,1,100.0,0
UNIT_00914,Line_B,212.9,4.89,27.8,2.98,0.32,12,81.7,0
UNIT_00915,Line_B,190.4,4.39,50.5,3.17,1.6,15,94.8,0
UNIT_00916,Line_B,170.3,4.99,48.9,2.81,0.42,8,89.4,0
UNIT_00917,Line_C,187.1,5.21,45.6,3.24,0.5,2,85.0,0
UNIT_00918,Line_A,171.1,4.81,37.6,2.66,0.66,2,83.1,0
UNIT_00919,Line_B,163.8,4.66,44.5,3.08,0.18,7,76.1,0
UNIT_00920,Line_C,175.8,5.34,46.1,2.98,0.12,9,74.7,0
UNIT_00921,Line_B,181.1,5.3,49.7,3.21,0.53,15,83.7,0
UNIT_00922,Line_B,157.5,4.79,46.6,2.66,0.14,13,73.9,1
UNIT_00923,Line_A,166.2,4.01,49.0,2.62,0.83,5,98.2,1
UNIT_00924,Line_A,180.1,5.27,44.3,3.19,0.86,13,85.8,0
UNIT_00925,Line_C,175.1,4.54,52.1,2.9,0.83,2,100.0,1
UNIT_00926,Line_B,184.7,5.13,48.8,2.98,1.11,3,81.5,0
UNIT_00927,Line_A,165.4,5.09,37.9,2.84,0.53,15,80.3,0
UNIT_00928,Line_B,188.6,3.87,53.3,3.23,1.63,18,89.7,0
UNIT_00929,Line_B,165.8,5.05,52.4,3.07,0.77,13,82.9,0
UNIT_00930,Line_B,199.7,5.31,47.8,3.06,1.55,9,92.8,1
UNIT_00931,Line_C,159.4,5.38,46.7,2.71,1.07,17,96.5,0
UNIT_00932,Line_A,166.9,5.07,55.0,3.13,0.54,7,93.8,0
UNIT_00933,Line_B,185.0,3.81,35.2,2.75,0.76,12,95.9,0
UNIT_00934,Line_B,200.0,5.77,52.4,2.84,0.95,13,91.5,1
UNIT_00935,Line_C,183.8,5.25,42.1,2.66,0.11,1,80.6,0
UNIT_00936,Line_A,186.8,4.28,51.6,2.96,0.18,19,94.1,0
UNIT_00937,Line_A,180.2,4.53,45.7,3.27,1.85,12,90.6,0
UNIT_00938,Line_B,167.7,5.14,37.5,3.06,0.94,4,80.1,0
UNIT_00939,Line_B,174.1,5.41,42.0,2.89,1.32,16,81.1,0
UNIT_00940,Line_C,165.5,4.71,51.1,3.03,0.52,7,84.3,0
UNIT_00941,Line_B,164.7,5.5,43.7,3.03,1.57,1,93.9,0
UNIT_00942,Line_C,184.8,3.92,41.3,3.02,0.55,13,85.9,0
UNIT_00943,Line_B,166.5,4.37,41.2,3.04,0.93,2,85.0,0
UNIT_00944,Line_A,183.8,3.76,48.9,2.74,1.72,11,83.7,1
UNIT_00945,Line_A,164.4,4.46,55.5,3.03,1.02,13,82.2,0
UNIT_00946,Line_C,183.6,5.9,32.2,2.56,0.26,3,75.7,1
UNIT_00947,Line_A,174.1,6.23,61.8,3.14,0.58,15,91.4,0
UNIT_00948,Line_C,196.9,5.14,46.2,2.72,0.79,9,76.9,1
UNIT_00949,Line_A,183.9,4.62,48.5,3.29,0.98,7,85.5,0
UNIT_00950,Line_A,194.8,4.87,42.4,2.39,1.44,2,81.7,1
UNIT_00951,Line_A,170.9,5.28,45.0,3.42,0.99,14,91.1,0
UNIT_00952,Line_B,180.7,4.06,46.2,2.59,0.6,3,82.3,1
UNIT_00953,Line_B,168.2,4.66,38.7,2.7,0.5,3,77.0,1
UNIT_00954,Line_C,175.0,5.86,40.2,3.07,0.53,5,92.9,0
UNIT_00955,Line_B,176.9,4.37,52.1,3.15,0.43,8,78.4,0
UNIT_00956,Line_B,171.3,4.55,35.7,2.93,0.41,17,86.2,0
UNIT_00957,Line_B,165.4,5.01,47.6,3.22,1.3,14,95.2,0
UNIT_00958,Line_C,163.0,5.17,42.8,2.8,0.71,14,79.2,0
UNIT_00959,Line_B,151.9,4.62,39.2,2.9,0.43,3,84.2,0
UNIT_00960,Line_A,167.3,5.05,56.8,2.92,0.64,12,81.6,0
UNIT_00961,Line_B,187.5,5.36,39.3,2.87,0.46,6,86.1,0
UNIT_00962,Line_C,160.8,6.18,38.2,2.52,0.12,9,84.5,0
UNIT_00963,Line_A,163.6,4.92,43.9,2.99,1.0,12,92.4,0
UNIT_00964,Line_C,201.5,4.98,40.4,2.97,1.36,3,80.0,1
UNIT_00965,Line_B,172.4,5.92,45.0,3.27,1.19,6,95.2,0
UNIT_00966,Line_B,183.9,4.67,45.9,2.68,1.14,7,97.8,0
UNIT_00967,Line_A,187.7,4.21,46.4,2.84,0.24,17,87.1,0
UNIT_00968,Line_C,188.0,5.15,44.3,3.3,1.56,19,78.7,1
UNIT_00969,Line_A,161.7,5.65,40.8,3.07,0.39,19,84.7,0
UNIT_00970,Line_A,177.2,5.22,48.9,3.14,0.21,10,84.0,0
UNIT_00971,Line_B,160.6,4.94,44.3,3.11,0.06,12,99.2,0
UNIT_00972,Line_B,209.4,4.13,42.0,3.11,0.77,14,84.2,1
UNIT_00973,Line_B,160.9,4.96,53.9,3.46,1.59,15,96.1,1
UNIT_00974,Line_A,167.4,5.74,44.3,3.02,1.44,13,85.9,0
UNIT_00975,Line_A,167.5,4.26,51.6,2.75,0.66,18,85.4,0
UNIT_00976,Line_A,162.0,4.85,52.4,3.16,1.27,7,82.2,1
UNIT_00977,Line_B,196.2,4.77,52.7,2.86,2.43,14,82.9,0
UNIT_00978,Line_B,209.1,4.58,49.1,2.97,0.48,12,92.1,0
UNIT_00979,Line_B,174.3,5.15,45.0,3.09,0.91,15,79.2,0
UNIT_00980,Line_B,164.2,5.27,44.6,2.79,1.61,18,92.7,0
UNIT_00981,Line_C,153.2,5.26,43.5,2.87,0.22,1,96.5,0
UNIT_00982,Line_B,177.1,4.41,32.0,3.12,0.23,17,80.3,0
UNIT_00983,Line_B,176.2,4.01,49.3,2.86,1.78,16,94.7,0
UNIT_00984,Line_B,172.2,5.16,46.5,3.24,1.3,17,93.4,0
UNIT_00985,Line_B,182.7,4.7,50.0,2.75,0.36,5,92.0,0
UNIT_00986,Line_B,184.7,6.1,44.3,2.75,0.27,11,79.9,0
UNIT_00987,Line_A,183.9,6.13,49.0,3.48,0.24,1,84.0,1
UNIT_00988,Line_A,176.2,6.19,36.7,2.62,0.76,1,84.0,0
UNIT_00989,Line_C,166.8,4.44,38.0,2.99,0.37,11,100.0,0
UNIT_00990,Line_B,188.0,5.34,30.1,3.46,0.38,19,84.9,0
UNIT_00991,Line_B,180.2,5.52,44.2,2.99,0.24,4,83.5,0
UNIT_00992,Line_A,190.7,5.46,40.4,3.34,0.68,15,75.8,0
UNIT_00993,Line_B,189.5,4.79,39.6,3.16,0.22,1,77.2,0
UNIT_00994,Line_B,162.9,5.77,47.0,3.0,1.01,1,79.5,0
UNIT_00995,Line_B,162.8,5.0,42.4,2.97,1.47,12,87.9,0
UNIT_00996,Line_B,170.9,5.08,36.4,2.47,0.78,5,73.6,1
UNIT_00997,Line_B,167.3,4.08,60.3,2.92,1.29,1,79.7,0
UNIT_00998,Line_C,189.1,5.39,44.8,3.06,0.58,18,70.1,0
UNIT_00999,Line_B,184.2,4.84,38.5,3.06,0.33,17,96.2,0
UNIT_01000,Line_C,193.2,5.28,41.0,3.62,0.49,0,85.9,0
UNIT_01001,Line_C,184.8,5.14,44.0,3.07,0.15,19,87.5,1
UNIT_01002,Line_B,182.5,5.11,43.9,3.16,0.39,0,76.3,0
UNIT_01003,Line_C,194.4,4.97,52.8,3.29,0.56,14,94.3,0
UNIT_01004,Line_A,185.6,5.47,44.5,3.14,0.66,15,97.0,0
UNIT_01005,Line_C,180.8,4.88,56.1,2.98,1.32,5,85.5,0
UNIT_01006,Line_C,197.8,4.13,42.4,2.98,1.65,2,81.2,1
UNIT_01007,Line_B,181.4,5.34,47.6,2.91,0.76,11,89.4,0
UNIT_01008,Line_C,176.3,4.51,51.1,3.11,0.26,17,90.9,0
UNIT_01009,Line_B,169.9,4.21,52.2,2.96,0.26,0,92.0,1
UNIT_01010,Line_A,188.4,4.39,52.9,3.16,0.4,17,90.3,0
UNIT_01011,Line_C,194.8,5.17,43.4,2.75,0.34,12,92.7,0
UNIT_01012,Line_A,179.4,4.94,45.0,3.04,0.77,19,79.5,0
UNIT_01013,Line_A,195.7,3.72,30.1,3.39,0.27,5,92.3,0
UNIT_01014,Line_B,156.4,4.77,43.8,2.94,1.68,12,81.4,0
UNIT_01015,Line_C,179.3,5.7,51.5,3.46,1.18,9,64.9,1
UNIT_01016,Line_B,179.5,4.73,50.4,3.04,1.35,12,81.3,0
UNIT_01017,Line_B,171.3,4.9,44.5,2.99,0.38,3,80.6,0
UNIT_01018,Line_A,208.6,5.63,55.2,3.03,0.27,9,86.9,0
UNIT_01019,Line_A,179.2,5.48,42.7,2.92,0.37,19,91.7,0
UNIT_01020,Line_A,175.1,5.61,40.7,2.5,0.69,16,86.5,0
UNIT_01021,Line_A,180.3,3.34,42.2,3.22,0.64,4,100.0,1
UNIT_01022,Line_C,156.0,6.04,38.3,3.55,1.56,1,80.8,1
UNIT_01023,Line_C,170.9,5.38,48.7,3.12,1.76,8,69.1,0
UNIT_01024,Line_C,191.8,6.48,46.7,3.14,0.72,4,87.2,1
UNIT_01025,Line_A,172.5,4.53,48.7,2.95,0.18,5,80.6,0
UNIT_01026,Line_A,170.1,3.94,42.5,3.29,0.51,3,76.3,1
UNIT_01027,Line_A,195.7,5.0,44.7,2.99,3.17,10,82.6,0
UNIT_01028,Line_B,196.1,4.83,31.9,3.07,0.19,1,78.7,0
UNIT_01029,Line_B,186.2,5.39,47.3,2.61,0.79,18,79.5,0
UNIT_01030,Line_B,174.5,5.64,45.6,2.87,0.36,0,97.2,0
UNIT_01031,Line_A,177.1,4.95,38.4,3.09,2.26,3,86.0,0
UNIT_01032,Line_C,170.4,4.86,44.4,3.23,0.85,11,82.9,0
UNIT_01033,Line_A,168.1,5.31,43.5,3.23,0.37,2,97.8,1
UNIT_01034,Line_A,167.5,4.85,55.6,2.61,0.45,10,82.6,1
UNIT_01035,Line_C,172.6,4.8,38.6,2.63,0.1,1,75.2,0
UNIT_01036,Line_C,167.6,5.62,47.0,3.15,0.79,17,,1
UNIT_01037,Line_A,161.2,5.76,38.5,2.81,0.8,11,84.4,1
UNIT_01038,Line_B,182.6,5.65,41.7,3.22,0.19,6,71.9,0
UNIT_01039,Line_C,182.8,4.9,46.7,2.59,1.0,12,75.6,0
UNIT_01040,Line_C,200.4,3.72,43.7,2.98,1.74,10,81.9,1
UNIT_01041,Line_C,172.0,4.91,45.0,2.99,0.23,16,94.1,0
UNIT_01042,Line_B,183.6,4.55,47.0,3.12,0.98,14,95.3,0
UNIT_01043,Line_B,183.8,4.92,42.0,2.74,1.0,16,90.3,0
UNIT_01044,Line_C,177.0,4.6,50.3,2.51,0.72,17,85.0,1
UNIT_01045,Line_A,188.9,4.99,43.2,3.04,0.76,2,,0
UNIT_01046,Line_A,189.3,4.38,44.4,3.13,0.44,15,88.1,0
UNIT_01047,Line_B,183.9,4.23,47.2,3.25,0.09,18,99.3,0
UNIT_01048,Line_C,176.9,5.73,46.4,2.91,0.83,3,86.1,0
UNIT_01049,Line_A,175.7,4.42,48.9,3.19,1.17,16,81.3,0
UNIT_01050,Line_B,163.6,5.0,46.9,3.12,0.29,12,83.7,0
UNIT_01051,Line_B,170.3,5.57,47.8,3.33,0.37,12,82.9,0
UNIT_01052,Line_B,172.5,5.55,43.0,2.99,0.33,14,89.4,0
UNIT_01053,Line_C,166.5,5.48,38.6,2.57,0.88,6,78.9,0
UNIT_01054,Line_A,185.3,5.18,36.4,2.98,0.79,17,88.2,0
UNIT_01055,Line_C,194.4,5.43,35.0,3.02,0.31,14,89.5,0
UNIT_01056,Line_B,169.1,5.82,55.6,3.13,0.63,8,87.8,1
UNIT_01057,Line_C,183.4,5.26,31.7,2.62,0.64,12,76.3,1
UNIT_01058,Line_B,167.6,3.9,52.2,2.92,0.84,19,83.8,0
UNIT_01059,Line_A,176.3,4.68,40.1,3.22,0.48,7,80.8,0
UNIT_01060,Line_C,171.7,5.42,52.1,2.97,1.4,17,84.4,0
UNIT_01061,Line_C,187.2,4.62,31.8,2.92,0.85,0,79.7,0
UNIT_01062,Line_A,171.9,5.97,43.6,3.48,1.38,15,94.9,1
UNIT_01063,Line_C,192.1,4.96,53.7,2.73,0.84,11,86.5,1
UNIT_01064,Line_C,177.1,5.05,49.3,3.31,0.89,14,72.1,1
UNIT_01065,Line_B,172.2,5.67,43.0,3.26,0.16,11,74.4,0
UNIT_01066,Line_C,165.0,4.89,33.3,2.94,0.79,9,94.6,0
UNIT_01067,Line_B,183.0,5.11,37.1,2.99,0.61,3,83.6,0
UNIT_01068,Line_B,190.7,5.54,53.3,2.99,1.48,4,81.9,0
UNIT_01069,Line_A,183.3,4.12,42.9,3.05,1.34,18,94.0,0
UNIT_01070,Line_C,206.9,4.83,44.6,2.85,1.58,8,83.8,0
UNIT_01071,Line_A,197.2,5.5,46.7,2.89,0.38,3,75.4,0
UNIT_01072,Line_C,176.3,5.04,37.2,2.91,0.65,2,76.0,0
UNIT_01073,Line_B,176.2,5.88,47.4,2.92,1.69,5,90.0,0
UNIT_01074,Line_B,185.6,4.05,42.5,2.92,0.37,14,100.0,0
UNIT_01075,Line_A,169.9,3.99,46.8,2.44,1.49,7,91.7,1
UNIT_01076,Line_C,194.0,5.46,41.5,3.02,1.38,8,81.9,0
UNIT_01077,Line_A,184.3,5.52,35.6,2.87,0.63,13,83.2,0
UNIT_01078,Line_B,183.1,4.88,42.4,2.53,1.98,12,85.4,0
UNIT_01079,Line_C,188.2,5.24,48.8,2.91,1.42,1,68.8,1
UNIT_01080,Line_C,200.7,5.45,47.4,2.9,0.22,7,85.2,0
UNIT_01081,Line_C,182.1,4.51,45.2,3.32,1.78,14,89.7,1
UNIT_01082,Line_C,178.6,4.58,50.4,2.87,0.63,14,99.2,0
UNIT_01083,Line_B,198.1,5.11,43.8,3.17,0.88,8,93.7,0
UNIT_01084,Line_A,191.6,5.54,45.3,3.35,0.88,4,100.0,0
UNIT_01085,Line_C,176.1,4.3,42.1,2.84,1.04,3,98.4,0
UNIT_01086,Line_C,180.1,4.88,50.7,2.99,1.71,1,96.2,0
UNIT_01087,Line_C,182.3,4.85,46.7,3.43,0.87,2,85.2,0
UNIT_01088,Line_B,184.3,5.25,41.7,3.06,0.6,19,87.8,0
UNIT_01089,Line_A,163.7,4.99,36.1,3.09,0.3,8,71.6,0
UNIT_01090,Line_B,161.5,4.67,51.6,2.9,0.46,6,86.0,0
UNIT_01091,Line_B,169.4,5.75,40.5,3.17,1.35,8,89.5,0
UNIT_01092,Line_C,168.4,4.68,45.4,2.99,1.55,10,82.7,0
UNIT_01093,Line_B,172.3,4.82,59.1,2.54,0.5,2,72.7,0
UNIT_01094,Line_A,187.6,4.05,49.8,2.91,1.18,18,97.7,0
UNIT_01095,Line_A,178.0,4.57,54.7,2.7,0.43,9,88.2,0
UNIT_01096,Line_C,182.4,5.31,41.8,3.03,0.12,11,98.8,0
UNIT_01097,Line_C,165.3,5.19,51.4,2.77,0.19,10,90.9,0
UNIT_01098,Line_A,174.5,5.36,45.2,3.12,1.44,18,95.9,0
UNIT_01099,Line_B,187.0,5.33,47.2,3.01,0.13,19,94.3,0
UNIT_01100,Line_B,187.1,6.25,57.1,2.69,1.11,2,79.6,1
UNIT_01101,Line_B,171.3,4.55,43.3,2.88,0.82,14,80.9,0
UNIT_01102,Line_C,181.9,4.03,45.1,3.16,1.5,3,81.6,0
UNIT_01103,Line_A,206.4,4.37,39.6,3.29,0.75,0,77.3,1
UNIT_01104,Line_A,179.8,4.58,50.3,2.77,0.96,11,99.1,0
UNIT_01105,Line_A,171.7,4.42,41.6,2.73,0.8,9,85.3,1
UNIT_01106,Line_A,177.9,5.06,51.1,3.49,0.88,9,88.7,0
UNIT_01107,Line_C,181.1,5.75,35.1,3.0,0.67,0,74.4,1
UNIT_01108,Line_C,178.2,5.92,48.3,3.02,0.97,12,91.5,0
UNIT_01109,Line_A,179.6,5.3,41.1,2.82,0.55,10,81.7,0
UNIT_01110,Line_B,162.7,6.28,49.4,3.05,1.29,1,95.1,1
UNIT_01111,Line_A,168.4,4.79,44.9,3.43,0.74,6,79.5,0
UNIT_01112,Line_A,178.2,4.02,41.8,3.06,1.22,2,95.7,0
UNIT_01113,Line_A,178.0,5.63,42.7,3.27,0.38,18,92.5,0
UNIT_01114,Line_A,173.2,3.9,39.9,3.01,0.51,14,81.3,0
UNIT_01115,Line_B,177.9,4.55,50.0,2.74,0.19,9,96.3,0
UNIT_01116,Line_C,180.7,5.31,38.7,2.83,0.9,1,94.2,0
UNIT_01117,Line_B,190.7,4.94,43.4,2.72,0.87,16,88.9,0
UNIT_01118,Line_C,178.8,4.89,47.1,3.05,0.45,7,77.1,0
UNIT_01119,Line_B,184.8,4.29,54.7,3.31,0.69,11,91.4,1
UNIT_01120,Line_A,173.5,4.99,44.9,3.04,0.29,14,85.5,0
UNIT_01121,Line_A,186.9,5.6,43.5,2.92,1.38,7,85.4,1
UNIT_01122,Line_A,184.5,5.01,46.6,2.8,1.35,19,85.6,0
UNIT_01123,Line_A,190.4,4.5,32.6,3.09,0.67,4,84.8,0
UNIT_01124,Line_C,188.6,4.25,37.8,2.69,0.58,6,78.1,1
UNIT_01125,Line_C,187.1,4.51,42.7,2.72,0.16,3,72.9,0
UNIT_01126,Line_C,178.8,5.24,40.7,3.23,1.2,6,71.2,1
UNIT_01127,Line_B,182.9,5.21,35.4,2.93,0.34,15,87.4,0
UNIT_01128,Line_B,192.8,4.52,50.1,2.93,1.27,9,65.6,1
UNIT_01129,Line_B,172.2,3.67,46.6,2.96,0.18,17,90.8,1
UNIT_01130,Line_B,172.5,5.25,45.8,3.18,0.28,17,89.0,0
UNIT_01131,Line_C,182.2,4.46,40.8,3.04,0.23,6,82.6,0
UNIT_01132,Line_C,185.0,5.41,45.5,2.81,0.33,15,93.2,0
UNIT_01133,Line_C,170.1,4.55,48.1,2.82,2.8,9,82.9,0
UNIT_01134,Line_B,179.1,4.41,43.4,2.95,0.61,8,88.3,0
UNIT_01135,Line_A,178.9,5.09,47.7,3.08,1.08,5,,0
UNIT_01136,Line_C,153.4,6.41,40.2,2.99,0.27,1,67.1,1
UNIT_01137,Line_B,177.4,5.45,45.6,2.97,0.38,9,83.1,0
UNIT_01138,Line_C,178.1,5.08,51.9,3.01,2.12,13,88.4,0
UNIT_01139,Line_B,178.1,5.22,52.4,2.99,0.63,17,92.6,0
UNIT_01140,Line_C,197.0,3.95,53.0,2.8,0.77,8,83.6,1
UNIT_01141,Line_B,165.4,4.33,46.7,3.28,0.94,2,87.0,0
UNIT_01142,Line_C,170.1,3.49,45.2,2.88,1.95,9,91.3,1
UNIT_01143,Line_C,148.7,6.04,42.3,3.03,0.05,5,84.0,1
UNIT_01144,Line_A,174.2,5.92,34.2,2.48,1.44,18,89.7,1
UNIT_01145,Line_B,175.3,5.24,36.9,2.95,1.63,13,76.0,0
UNIT_01146,Line_B,173.9,5.08,44.0,2.73,1.01,18,71.7,0
UNIT_01147,Line_C,193.3,4.07,44.4,2.76,0.54,6,80.7,1
UNIT_01148,Line_C,190.3,4.87,53.5,3.61,0.84,8,91.2,0
UNIT_01149,Line_C,180.9,6.08,52.9,3.06,0.25,1,79.3,0
UNIT_01150,Line_B,175.6,5.08,40.9,3.31,0.1,2,90.2,0
UNIT_01151,Line_B,192.3,4.66,49.9,3.21,0.77,7,76.8,0
UNIT_01152,Line_B,179.8,3.95,42.1,3.25,0.02,7,80.3,0
UNIT_01153,Line_C,170.2,5.83,49.1,2.95,0.44,13,86.9,0
UNIT_01154,Line_A,159.4,4.96,49.8,3.4,0.29,4,79.7,0
UNIT_01155,Line_B,174.7,3.95,52.5,3.21,0.54,19,81.0,0
UNIT_01156,Line_A,189.1,4.45,42.0,3.01,0.57,15,64.1,0
UNIT_01157,Line_C,207.3,4.23,51.1,3.07,0.22,17,91.7,0
UNIT_01158,Line_B,180.7,4.92,33.8,2.97,0.97,6,84.1,0
UNIT_01159,Line_B,170.8,5.12,52.8,3.01,1.57,11,77.4,0
UNIT_01160,Line_B,165.8,4.7,44.8,2.99,0.25,10,99.7,0
UNIT_01161,Line_B,186.6,5.47,45.0,3.1,0.24,15,78.7,0
UNIT_01162,Line_C,158.8,5.05,32.8,3.43,0.64,16,80.9,1
UNIT_01163,Line_B,186.6,5.64,42.7,2.7,0.1,11,77.3,0
UNIT_01164,Line_B,189.8,4.79,53.1,3.29,0.66,19,93.8,0
UNIT_01165,Line_A,185.2,6.83,42.4,2.91,1.43,9,96.5,1
UNIT_01166,Line_A,177.4,4.66,49.3,3.32,0.24,5,95.7,0
UNIT_01167,Line_B,186.8,4.46,45.2,2.92,1.86,3,95.6,0
UNIT_01168,Line_C,182.1,4.38,51.4,3.1,0.48,7,80.2,0
UNIT_01169,Line_C,170.7,4.87,46.1,2.96,0.53,5,98.4,0
UNIT_01170,Line_B,202.2,3.97,39.4,2.57,0.4,4,83.4,1
UNIT_01171,Line_B,175.8,5.18,45.3,3.43,1.16,9,72.7,0
UNIT_01172,Line_B,189.3,3.86,54.6,2.76,0.72,5,81.6,1
UNIT_01173,Line_A,151.0,5.1,48.0,3.02,0.5,19,87.6,0
UNIT_01174,Line_A,195.3,4.19,44.3,2.74,0.34,6,79.8,0
UNIT_01175,Line_B,197.6,4.77,58.5,2.67,0.81,12,86.2,0
UNIT_01176,Line_A,180.4,5.36,52.0,2.95,1.64,15,89.3,0
UNIT_01177,Line_A,186.7,6.38,49.9,2.85,0.54,18,88.3,0
UNIT_01178,Line_A,186.7,4.35,46.9,2.71,0.71,13,90.2,1
UNIT_01179,Line_A,172.3,4.91,49.4,2.99,0.16,5,83.6,0
UNIT_01180,Line_B,186.6,4.57,49.6,2.63,0.7,11,79.2,0
UNIT_01181,Line_C,170.3,4.48,31.9,3.03,2.82,1,73.2,0
UNIT_01182,Line_C,172.7,4.57,47.4,2.97,0.21,5,84.3,0
UNIT_01183,Line_B,193.5,5.49,44.0,2.38,0.87,19,80.7,1
UNIT_01184,Line_B,191.7,4.71,42.0,2.87,0.43,0,84.1,0
UNIT_01185,Line_A,171.5,6.35,43.8,3.12,0.15,6,68.4,1
UNIT_01186,Line_A,171.2,5.25,35.7,2.73,0.47,1,72.9,0
UNIT_01187,Line_B,172.3,4.39,34.2,3.13,2.4,10,89.1,0
UNIT_01188,Line_B,188.8,4.78,52.5,3.11,0.86,15,71.9,0
UNIT_01189,Line_A,168.0,4.52,47.8,2.75,0.79,1,83.5,0
UNIT_01190,Line_B,184.3,5.48,30.5,3.0,0.23,2,78.4,0
UNIT_01191,Line_A,189.0,4.02,41.5,3.21,1.35,17,77.8,0
UNIT_01192,Line_A,178.9,4.2,50.3,2.78,1.72,5,85.7,0
UNIT_01193,Line_C,192.1,4.65,43.3,2.95,1.68,0,85.2,0
UNIT_01194,Line_B,176.3,5.41,52.5,3.29,1.29,1,89.4,0
UNIT_01195,Line_B,177.4,5.74,51.3,2.79,0.31,18,76.2,0
UNIT_01196,Line_C,168.3,5.83,36.9,3.11,0.25,18,77.9,0
UNIT_01197,Line_C,192.2,5.32,44.1,2.73,0.09,3,94.0,1
UNIT_01198,Line_C,170.8,4.95,42.3,2.96,0.27,5,83.2,0
UNIT_01199,Line_B,184.2,5.48,36.7,3.11,0.83,3,87.9,0
UNIT_01200,Line_C,179.1,4.31,36.3,2.4,0.27,9,81.0,1
UNIT_01201,Line_B,167.4,3.89,40.2,2.87,1.4,16,88.6,1
UNIT_01202,Line_C,172.7,5.26,41.2,3.11,1.55,15,65.1,0
UNIT_01203,Line_C,196.6,4.4,46.7,3.06,1.49,7,94.2,1
UNIT_01204,Line_B,182.4,4.96,51.3,2.87,0.12,13,81.4,0
UNIT_01205,Line_C,167.9,5.07,48.1,2.72,0.79,5,75.0,1
UNIT_01206,Line_B,183.7,5.15,49.5,3.16,0.72,18,76.5,0
UNIT_01207,Line_C,178.2,5.56,43.4,2.92,1.46,11,82.9,0
UNIT_01208,Line_A,221.4,5.5,48.6,3.14,0.15,18,84.1,0
UNIT_01209,Line_C,183.4,5.12,44.1,3.1,0.72,5,86.1,0
UNIT_01210,Line_B,175.4,4.73,42.4,2.89,0.15,19,75.5,0
UNIT_01211,Line_C,197.0,5.06,56.4,3.27,1.32,5,92.0,0
UNIT_01212,Line_B,157.9,4.64,31.0,2.85,0.04,13,80.8,0
UNIT_01213,Line_C,181.1,4.88,33.8,3.3,2.37,0,80.4,0
UNIT_01214,Line_A,203.9,6.57,47.3,3.33,0.98,4,83.2,1
UNIT_01215,Line_A,178.6,5.11,43.4,3.26,0.64,10,90.3,0
UNIT_01216,Line_B,159.2,5.27,36.4,2.95,0.38,10,84.7,0
UNIT_01217,Line_C,175.2,4.58,38.7,3.64,1.51,2,80.7,1
UNIT_01218,Line_C,197.5,5.61,39.5,3.04,0.16,0,82.4,0
UNIT_01219,Line_B,184.5,5.46,50.4,3.06,0.04,16,94.8,0
UNIT_01220,Line_B,169.9,5.46,52.3,2.99,0.94,4,93.4,0
UNIT_01221,Line_B,171.8,5.13,54.8,2.72,0.61,15,87.9,0
UNIT_01222,Line_C,173.3,5.62,35.5,3.32,0.83,3,86.2,1
UNIT_01223,Line_B,184.3,5.76,36.8,2.86,0.75,5,100.0,0
UNIT_01224,Line_B,196.1,5.17,36.4,3.23,1.04,0,88.7,0
UNIT_01225,Line_C,192.6,4.93,52.7,3.29,0.64,10,86.4,0
UNIT_01226,Line_A,185.5,5.54,47.5,3.15,0.47,10,83.4,0
UNIT_01227,Line_C,164.0,4.46,45.5,2.83,0.66,11,87.9,0
UNIT_01228,Line_A,164.1,4.57,46.4,2.91,1.16,14,60.6,0
UNIT_01229,Line_A,186.4,4.97,44.7,2.33,1.22,13,93.2,1
UNIT_01230,Line_C,163.9,3.96,38.3,2.97,0.86,4,74.8,1
UNIT_01231,Line_C,177.3,5.5,48.1,3.2,0.06,8,79.3,0
UNIT_01232,Line_C,183.6,4.42,43.9,2.94,0.79,1,73.8,0
UNIT_01233,Line_C,166.3,4.72,37.8,2.85,0.13,13,79.1,0
UNIT_01234,Line_B,167.7,4.87,48.4,2.93,1.27,7,82.3,0
UNIT_01235,Line_B,178.9,5.02,42.4,3.3,1.15,3,92.1,0
UNIT_01236,Line_A,186.0,4.79,46.4,2.99,0.3,17,95.3,0
UNIT_01237,Line_A,192.7,4.96,44.3,3.46,1.02,9,100.0,0
UNIT_01238,Line_A,187.3,4.96,50.3,2.86,0.7,1,85.8,0
UNIT_01239,Line_A,180.9,4.73,46.3,3.05,0.35,1,83.2,0
UNIT_01240,Line_B,171.0,4.54,39.7,2.89,1.0,5,91.2,0
UNIT_01241,Line_C,167.1,5.65,46.9,3.52,1.81,18,78.2,1
UNIT_01242,Line_C,173.9,3.74,47.1,3.04,0.46,1,77.3,0
UNIT_01243,Line_B,184.9,4.88,48.1,3.53,0.87,8,82.1,1
UNIT_01244,Line_C,184.0,4.72,51.2,2.89,0.28,7,84.7,0
UNIT_01245,Line_C,154.8,5.25,41.3,3.38,0.38,12,68.5,1
UNIT_01246,Line_C,170.6,4.13,49.0,3.03,0.67,11,93.5,0
UNIT_01247,Line_B,194.5,4.7,34.7,3.21,0.34,9,86.9,0
UNIT_01248,Line_A,181.0,4.94,44.3,2.7,0.32,16,91.4,0
UNIT_01249,Line_C,163.0,5.64,43.4,3.09,0.24,0,72.4,0
UNIT_01250,Line_A,208.3,5.2,53.7,2.73,1.54,7,79.7,0
UNIT_01251,Line_B,179.7,4.29,44.1,3.06,1.18,1,79.3,0
UNIT_01252,Line_A,184.6,4.71,48.6,2.62,0.65,6,83.4,1
UNIT_01253,Line_C,184.8,5.53,34.4,2.98,1.24,5,84.7,0
UNIT_01254,Line_B,175.6,4.28,42.9,3.27,1.31,17,92.0,0
UNIT_01255,Line_A,171.3,4.95,39.9,3.14,0.57,13,85.8,0
UNIT_01256,Line_A,205.5,4.99,59.9,2.69,0.26,4,79.1,0
UNIT_01257,Line_B,192.0,4.77,41.0,2.53,0.87,12,100.0,0
UNIT_01258,Line_B,189.9,6.62,45.4,3.12,1.55,16,82.9,1
UNIT_01259,Line_C,186.9,4.75,45.8,3.4,1.11,3,77.7,0
UNIT_01260,Line_A,168.0,5.27,35.5,2.76,1.76,11,69.9,1
UNIT_01261,Line_C,195.3,4.54,41.8,3.52,1.3,9,85.7,1
UNIT_01262,Line_B,169.9,5.32,47.4,3.0,2.55,18,90.5,0
UNIT_01263,Line_C,183.4,5.52,45.5,2.51,0.91,7,75.9,0
UNIT_01264,Line_A,160.3,4.65,31.2,2.61,0.52,13,90.0,0
UNIT_01265,Line_A,155.5,4.97,41.6,3.19,1.17,11,85.7,0
UNIT_01266,Line_A,183.8,4.46,51.1,3.03,1.6,6,70.8,1
UNIT_01267,Line_B,170.3,4.31,48.5,3.37,0.8,6,90.0,0
UNIT_01268,Line_C,156.1,5.62,52.3,2.7,1.32,17,82.9,0
UNIT_01269,Line_A,186.5,4.67,39.1,3.03,0.48,17,76.0,0
UNIT_01270,Line_B,205.4,3.55,52.7,3.0,1.29,5,92.7,1
UNIT_01271,Line_A,196.7,6.06,44.7,2.96,3.34,9,92.5,1
UNIT_01272,Line_C,176.9,4.52,54.6,2.9,0.48,2,75.8,0
UNIT_01273,Line_C,180.1,4.85,45.0,2.91,0.84,8,87.3,0
UNIT_01274,Line_C,190.7,5.98,32.7,3.04,1.06,17,86.6,0
UNIT_01275,Line_C,193.5,4.91,50.1,3.08,0.63,14,84.5,0
UNIT_01276,Line_B,175.9,4.9,42.3,3.06,0.51,9,80.9,0
UNIT_01277,Line_C,180.4,4.26,42.7,3.3,0.72,15,83.8,0
UNIT_01278,Line_A,183.6,4.02,36.3,2.7,1.46,11,92.5,0
UNIT_01279,Line_C,186.6,4.9,54.7,2.55,0.16,8,88.3,0
UNIT_01280,Line_C,178.4,5.22,41.9,3.25,0.32,0,69.6,0
UNIT_01281,Line_C,178.6,5.18,54.5,2.76,0.61,2,67.9,1
UNIT_01282,Line_B,196.6,4.71,42.4,2.91,1.34,10,70.1,0
UNIT_01283,Line_C,194.5,5.01,39.4,2.85,0.71,1,74.1,1
UNIT_01284,Line_B,185.7,3.9,52.9,2.84,0.41,0,79.0,1
UNIT_01285,Line_A,200.6,5.28,44.6,2.64,1.88,6,81.4,0
UNIT_01286,Line_C,175.4,5.1,44.6,2.86,0.82,11,84.5,0
UNIT_01287,Line_A,199.5,6.18,37.3,3.16,0.5,14,84.7,1
UNIT_01288,Line_A,186.5,5.0,42.3,3.0,1.05,19,84.6,0
UNIT_01289,Line_B,219.3,4.43,47.6,3.13,1.01,13,94.1,0
UNIT_01290,Line_A,165.7,4.97,37.2,2.88,0.83,19,71.6,0
UNIT_01291,Line_C,171.7,4.8,41.8,3.23,0.39,5,87.7,0
UNIT_01292,Line_B,185.0,5.26,42.5,2.87,1.33,13,87.6,1
UNIT_01293,Line_A,184.8,5.02,45.4,2.47,2.1,0,74.9,1
UNIT_01294,Line_C,203.4,4.24,53.9,3.08,0.93,2,89.3,1
UNIT_01295,Line_B,172.0,4.02,43.2,3.19,0.19,12,88.0,0
UNIT_01296,Line_A,190.9,5.16,40.9,2.86,2.81,6,84.7,0
UNIT_01297,Line_C,193.9,5.83,61.5,3.3,1.04,11,65.7,1
UNIT_01298,Line_B,188.5,5.05,42.4,2.79,0.29,18,92.7,0
UNIT_01299,Line_A,168.5,5.49,43.9,3.17,1.28,15,86.8,0
UNIT_01300,Line_C,196.9,5.61,42.9,3.44,1.56,7,88.2,0
UNIT_01301,Line_B,194.8,5.16,43.3,3.01,0.73,13,57.9,0
UNIT_01302,Line_C,187.2,4.51,45.5,2.94,0.13,18,80.7,0
UNIT_01303,Line_C,182.5,5.12,50.5,2.97,0.86,4,73.5,0
UNIT_01304,Line_B,182.7,5.72,47.4,3.41,0.28,11,95.3,0
UNIT_01305,Line_C,179.1,5.32,51.5,3.1,1.07,14,76.2,1
UNIT_01306,Line_A,187.7,5.45,51.3,3.54,0.41,13,96.8,0
UNIT_01307,Line_A,180.4,4.72,46.3,3.07,0.98,9,92.6,0
UNIT_01308,Line_B,169.8,4.88,47.3,2.84,0.52,8,86.8,0
UNIT_01309,Line_C,167.4,4.93,51.7,2.85,0.89,11,94.1,0
UNIT_01310,Line_B,171.0,4.97,38.3,3.02,1.31,9,77.4,0
UNIT_01311,Line_B,182.7,5.7,60.0,2.49,1.33,7,78.9,1
UNIT_01312,Line_C,179.7,3.59,41.9,2.88,0.36,17,92.4,0
UNIT_01313,Line_C,182.6,5.02,42.9,2.89,0.57,15,77.5,0
UNIT_01314,Line_C,186.0,4.95,37.7,3.06,0.59,12,74.4,0
UNIT_01315,Line_A,172.5,4.18,37.9,3.49,0.85,3,82.4,1
UNIT_01316,Line_C,197.6,5.4,50.8,3.01,1.63,10,77.9,0
UNIT_01317,Line_B,176.8,4.57,58.6,2.52,0.64,4,99.9,0
UNIT_01318,Line_B,174.8,4.79,41.6,2.77,0.99,3,91.2,0
UNIT_01319,Line_B,185.8,6.11,47.1,3.07,0.62,4,80.4,0
UNIT_01320,Line_A,158.0,5.61,46.3,3.02,0.41,3,77.0,0
UNIT_01321,Line_A,170.5,5.34,51.0,3.41,0.18,15,87.7,0
UNIT_01322,Line_B,191.8,5.23,58.3,3.24,0.49,10,94.5,0
UNIT_01323,Line_C,159.2,4.9,54.1,3.23,0.25,14,87.3,0
UNIT_01324,Line_C,193.4,6.2,43.6,2.95,0.26,19,77.4,0
UNIT_01325,Line_A,198.1,5.48,48.2,3.27,0.91,5,73.5,1
UNIT_01326,Line_C,175.6,4.55,48.8,2.78,0.99,3,82.0,1
UNIT_01327,Line_A,183.5,4.16,44.9,3.24,1.37,2,87.5,1
UNIT_01328,Line_C,193.4,5.34,38.4,2.93,0.11,0,81.2,0
UNIT_01329,Line_B,174.4,4.97,40.2,2.64,1.22,0,93.1,1
UNIT_01330,Line_B,190.4,4.14,51.9,3.15,0.04,11,89.2,0
UNIT_01331,Line_C,171.9,5.26,52.5,3.35,0.41,13,86.9,0
UNIT_01332,Line_B,174.3,4.84,43.8,2.9,0.62,5,89.1,0
UNIT_01333,Line_C,170.4,5.32,46.6,3.39,0.41,10,73.9,0
UNIT_01334,Line_B,184.1,5.27,52.2,2.59,0.7,4,81.0,0
UNIT_01335,Line_C,193.9,4.64,34.8,2.7,0.81,14,76.7,1
UNIT_01336,Line_B,177.8,5.38,42.3,2.96,0.02,14,88.1,0
UNIT_01337,Line_A,164.7,4.7,57.1,2.91,1.01,14,76.8,0
UNIT_01338,Line_C,167.0,4.74,46.8,2.83,0.46,10,85.7,0
UNIT_01339,Line_B,184.7,4.68,38.2,3.03,1.19,16,83.7,0
UNIT_01340,Line_B,202.1,5.68,45.7,2.87,1.22,1,89.8,1
UNIT_01341,Line_A,184.7,4.83,51.1,2.91,0.76,8,75.4,0
UNIT_01342,Line_A,175.4,5.82,29.7,3.07,1.33,1,88.6,0
UNIT_01343,Line_B,189.2,6.07,46.1,2.83,0.33,16,76.4,0
UNIT_01344,Line_A,177.1,4.56,42.8,2.97,0.41,1,77.3,0
UNIT_01345,Line_C,175.5,3.25,35.1,2.84,0.1,8,83.9,1
UNIT_01346,Line_C,168.5,5.63,45.5,2.7,1.03,3,94.6,0
UNIT_01347,Line_C,196.9,4.79,44.2,3.19,0.71,14,78.3,1
UNIT_01348,Line_C,149.5,4.48,44.9,3.43,0.62,8,70.8,1
UNIT_01349,Line_B,189.6,4.65,42.9,3.27,0.59,11,77.4,0
UNIT_01350,Line_A,174.4,4.75,38.9,3.08,0.52,19,81.9,0
UNIT_01351,Line_B,175.1,5.78,36.3,2.84,0.26,18,100.0,0
UNIT_01352,Line_B,200.3,5.1,40.9,2.93,0.21,8,88.1,0
UNIT_01353,Line_C,171.4,5.77,50.2,3.26,2.11,7,79.0,1
UNIT_01354,Line_A,171.8,5.3,46.4,2.43,0.97,5,83.9,1
UNIT_01355,Line_B,178.4,4.81,44.6,2.91,0.6,13,97.6,0
UNIT_01356,Line_B,185.0,4.77,38.8,3.18,0.54,19,83.1,0
UNIT_01357,Line_A,174.7,5.34,42.8,2.72,0.89,11,83.2,0
UNIT_01358,Line_A,161.1,5.49,49.4,3.11,1.52,11,81.8,1
UNIT_01359,Line_B,169.6,5.6,48.0,3.09,0.77,19,90.6,0
UNIT_01360,Line_A,195.4,4.84,42.1,2.64,2.64,3,80.8,0
UNIT_01361,Line_A,180.9,5.11,29.3,3.02,1.06,1,92.0,0
UNIT_01362,Line_B,185.4,5.35,41.0,2.85,0.47,1,93.5,1
UNIT_01363,Line_A,176.9,4.77,42.1,3.1,0.21,11,89.9,0
UNIT_01364,Line_B,172.1,4.32,39.6,3.17,1.46,17,83.2,1
UNIT_01365,Line_A,200.1,4.52,42.5,3.1,0.3,4,73.8,0
UNIT_01366,Line_A,177.7,4.86,49.9,3.02,1.19,14,83.2,0
UNIT_01367,Line_B,174.7,5.4,44.8,3.07,0.9,17,79.7,0
UNIT_01368,Line_C,193.2,5.76,50.9,2.71,0.17,18,78.8,0
UNIT_01369,Line_B,171.3,4.19,35.9,2.99,0.87,15,83.1,0
UNIT_01370,Line_C,172.9,4.64,43.2,2.8,1.0,7,88.8,1
UNIT_01371,Line_B,180.1,4.79,33.4,3.26,0.53,13,,0
UNIT_01372,Line_B,180.0,5.48,42.4,3.17,0.5,11,74.0,0
UNIT_01373,Line_B,183.1,4.68,38.7,3.17,0.55,9,77.3,0
UNIT_01374,Line_C,205.1,4.74,52.7,3.43,1.44,14,98.5,0
UNIT_01375,Line_C,184.0,4.15,47.5,2.92,0.48,13,89.4,0
UNIT_01376,Line_C,151.5,5.29,51.1,2.86,0.11,16,77.3,0
UNIT_01377,Line_C,183.9,4.9,42.4,2.91,0.71,11,95.3,0
UNIT_01378,Line_B,180.5,4.61,38.9,2.6,0.1,13,83.1,0
UNIT_01379,Line_B,180.5,4.84,38.7,2.62,0.85,5,100.0,0
UNIT_01380,Line_C,183.0,5.68,46.6,3.16,0.27,9,87.1,0
UNIT_01381,Line_A,179.7,4.4,55.9,2.65,0.58,16,89.5,0
UNIT_01382,Line_B,179.4,4.5,47.5,2.73,0.28,15,91.7,0
UNIT_01383,Line_C,187.4,5.75,42.8,2.97,1.79,10,96.9,0
UNIT_01384,Line_B,173.5,5.05,43.9,2.9,0.9,11,81.5,0
UNIT_01385,Line_A,168.6,5.4,44.8,3.22,0.26,5,96.2,0
UNIT_01386,Line_B,216.3,5.24,57.2,3.02,0.77,7,,1
UNIT_01387,Line_A,171.4,4.98,52.4,2.8,0.22,13,82.1,1
UNIT_01388,Line_C,181.2,4.79,46.6,3.24,0.57,2,85.1,0
UNIT_01389,Line_C,162.1,5.5,45.7,3.18,1.51,0,92.4,1
UNIT_01390,Line_A,181.4,5.7,46.8,2.65,0.91,11,82.4,1
UNIT_01391,Line_B,168.8,5.65,48.0,3.06,0.3,14,98.2,0
UNIT_01392,Line_C,174.7,4.29,42.5,2.82,0.18,19,95.6,0
UNIT_01393,Line_C,192.5,5.78,39.9,2.81,1.0,9,85.3,1
UNIT_01394,Line_A,185.7,4.79,51.2,3.47,2.02,2,77.3,0
UNIT_01395,Line_B,186.8,4.55,45.1,3.03,0.6,12,93.0,0
UNIT_01396,Line_B,158.7,4.9,50.7,2.95,1.46,6,68.2,0
UNIT_01397,Line_B,202.0,5.5,54.9,3.02,0.92,3,90.9,0
UNIT_01398,Line_A,165.7,5.32,48.1,3.22,0.99,12,78.4,0
UNIT_01399,Line_A,198.3,4.85,47.2,2.82,0.21,14,95.1,0
UNIT_01400,Line_C,192.3,5.5,64.2,2.87,0.57,1,73.9,0
UNIT_01401,Line_A,186.9,5.08,46.2,3.16,0.6,14,79.7,0
UNIT_01402,Line_A,169.7,4.66,38.5,2.62,0.06,11,88.5,0
UNIT_01403,Line_A,181.8,4.58,43.3,3.25,0.38,14,89.8,0
UNIT_01404,Line_A,174.3,5.25,54.3,2.6,0.42,12,80.0,0
UNIT_01405,Line_A,180.3,4.95,37.2,2.94,0.29,9,82.3,0
UNIT_01406,Line_B,177.0,4.17,40.5,2.6,0.55,6,92.6,0
UNIT_01407,Line_C,155.5,5.51,51.6,2.74,1.15,12,93.1,1
UNIT_01408,Line_A,193.5,4.71,43.4,3.32,1.17,3,82.2,0
UNIT_01409,Line_A,179.0,5.96,44.3,3.26,1.65,10,80.1,0
UNIT_01410,Line_A,174.2,4.16,51.4,3.29,1.29,15,74.0,0
UNIT_01411,Line_B,173.3,4.89,40.7,2.64,0.81,4,87.0,0
UNIT_01412,Line_A,184.3,4.58,36.2,2.74,1.68,1,91.5,0
UNIT_01413,Line_C,169.3,4.41,36.7,3.08,0.45,0,86.2,0
UNIT_01414,Line_B,152.9,4.71,48.5,3.18,0.65,11,77.6,0
UNIT_01415,Line_C,184.9,6.06,46.6,2.8,2.12,8,99.3,0
UNIT_01416,Line_B,186.2,5.09,40.8,2.86,0.43,13,68.2,0
UNIT_01417,Line_B,177.6,4.52,38.0,2.72,0.05,16,92.0,0
UNIT_01418,Line_C,166.2,3.9,43.4,3.41,0.19,19,86.7,1
UNIT_01419,Line_B,181.1,3.97,51.7,2.88,0.59,6,88.7,0
UNIT_01420,Line_C,162.4,4.68,40.0,3.01,0.29,2,78.7,1
UNIT_01421,Line_C,167.7,4.62,41.0,3.02,0.17,14,83.8,0
UNIT_01422,Line_B,171.0,4.87,37.9,3.28,1.19,0,87.3,0
UNIT_01423,Line_C,190.1,3.64,42.8,2.76,0.92,12,84.3,1
UNIT_01424,Line_A,175.6,4.94,47.0,3.29,0.07,5,70.6,0
UNIT_01425,Line_C,174.6,5.62,57.7,2.68,1.37,7,98.7,0
UNIT_01426,Line_C,203.5,5.97,46.3,3.29,2.5,2,90.2,1
UNIT_01427,Line_C,184.2,3.86,44.7,2.57,0.37,0,85.3,0
UNIT_01428,Line_A,184.1,4.52,50.2,2.97,0.94,3,85.8,0
UNIT_01429,Line_C,175.6,4.49,49.2,3.41,0.26,8,98.5,0
UNIT_01430,Line_B,172.8,5.09,41.5,3.17,0.74,5,79.1,1
UNIT_01431,Line_A,153.8,4.27,58.8,3.11,0.96,7,77.3,1
UNIT_01432,Line_A,191.6,6.01,44.9,2.74,0.6,2,91.8,0
UNIT_01433,Line_B,185.4,5.03,46.4,2.82,0.33,2,88.7,0
UNIT_01434,Line_A,177.9,4.93,48.3,3.34,0.43,14,76.9,0
UNIT_01435,Line_A,178.4,5.96,47.1,3.12,0.09,16,93.7,0
UNIT_01436,Line_B,188.8,4.99,54.2,3.22,0.68,14,87.4,0
UNIT_01437,Line_B,161.3,5.24,41.5,3.02,1.9,19,77.8,0
UNIT_01438,Line_A,172.9,4.55,49.7,2.93,0.19,14,88.9,0
UNIT_01439,Line_C,166.4,4.18,46.0,3.19,1.64,2,87.7,1
UNIT_01440,Line_C,201.3,4.63,50.9,3.06,0.51,14,84.3,0
UNIT_01441,Line_B,190.5,6.31,43.7,2.96,0.09,4,88.1,0
UNIT_01442,Line_C,153.6,5.38,42.9,2.65,1.21,15,90.0,0
UNIT_01443,Line_B,161.8,5.16,49.4,3.24,0.68,12,92.3,0
UNIT_01444,Line_A,178.4,4.41,47.1,3.11,0.24,16,85.9,0
UNIT_01445,Line_A,174.3,5.55,40.1,2.85,0.34,19,82.8,0
UNIT_01446,Line_C,164.1,4.19,53.1,3.29,0.41,13,86.9,0
UNIT_01447,Line_C,203.3,4.06,49.4,3.06,0.57,18,94.5,1
UNIT_01448,Line_C,183.8,4.66,44.6,3.07,0.74,10,90.0,0
UNIT_01449,Line_A,185.7,6.17,42.2,3.22,0.76,18,82.4,1
UNIT_01450,Line_A,171.7,6.14,47.2,3.17,1.12,1,85.4,1
UNIT_01451,Line_A,188.7,4.73,49.0,3.07,0.66,8,98.3,0
UNIT_01452,Line_A,175.4,4.6,35.4,2.95,0.84,15,91.0,0
UNIT_01453,Line_A,176.6,4.02,47.3,3.5,0.68,19,86.2,0
UNIT_01454,Line_B,187.3,5.05,48.9,2.82,0.02,17,94.1,0
UNIT_01455,Line_A,160.5,5.1,30.9,3.19,0.2,7,80.7,0
UNIT_01456,Line_C,199.2,5.47,46.2,2.98,0.25,12,87.6,0
UNIT_01457,Line_B,182.2,5.55,49.2,3.11,0.64,1,100.0,0
UNIT_01458,Line_A,195.4,4.88,48.5,3.31,0.69,2,90.2,0
UNIT_01459,Line_B,167.1,5.33,49.8,2.92,0.52,14,98.0,0
UNIT_01460,Line_C,168.9,4.58,43.0,3.15,0.94,6,84.3,0
UNIT_01461,Line_A,166.1,5.32,38.8,3.07,1.04,11,81.2,0
UNIT_01462,Line_A,183.0,4.7,34.2,2.84,0.57,4,94.3,1
UNIT_01463,Line_A,180.8,5.28,51.6,3.31,1.13,15,70.4,1
UNIT_01464,Line_C,174.4,5.23,49.2,3.18,0.5,1,86.4,0
UNIT_01465,Line_A,167.8,5.04,52.0,2.89,0.8,12,93.2,0
UNIT_01466,Line_B,164.8,5.48,40.6,3.28,0.04,13,89.5,0
UNIT_01467,Line_B,179.4,4.06,49.8,2.79,0.57,16,68.2,0
UNIT_01468,Line_C,174.4,4.36,36.0,2.99,1.17,5,74.2,0
UNIT_01469,Line_A,171.8,4.84,39.8,2.89,0.65,6,84.1,0
UNIT_01470,Line_C,198.6,4.13,45.8,3.19,0.24,11,88.8,1
UNIT_01471,Line_C,179.0,4.76,49.0,2.88,0.76,5,89.1,0
UNIT_01472,Line_B,195.2,4.78,55.1,3.19,0.52,14,85.0,0
UNIT_01473,Line_A,173.6,5.79,43.6,3.15,0.83,15,90.8,0
UNIT_01474,Line_C,182.9,5.09,39.8,2.91,0.33,15,88.5,0
UNIT_01475,Line_A,179.3,5.62,39.5,3.46,0.55,9,84.0,0
UNIT_01476,Line_B,159.6,5.18,40.9,2.81,0.23,12,89.3,0
UNIT_01477,Line_B,197.1,4.68,58.3,2.65,0.41,3,79.8,1
UNIT_01478,Line_A,178.4,5.08,49.5,3.21,0.72,3,90.1,0
UNIT_01479,Line_B,189.0,5.44,51.7,2.46,0.11,7,78.2,1
UNIT_01480,Line_A,171.0,5.72,43.6,3.37,0.57,4,88.9,0
UNIT_01481,Line_A,178.0,4.92,45.0,3.03,0.19,16,88.7,0
UNIT_01482,Line_A,169.6,4.01,49.2,2.64,0.49,5,82.6,0
UNIT_01483,Line_A,194.8,3.97,42.0,2.76,0.16,18,90.1,0
UNIT_01484,Line_B,183.7,4.8,43.3,2.59,2.29,8,97.3,1
UNIT_01485,Line_C,184.4,3.6,41.0,3.1,1.16,15,76.8,0
UNIT_01486,Line_A,196.3,6.08,42.3,2.67,0.52,1,92.6,0
UNIT_01487,Line_A,193.9,5.36,45.3,3.13,1.63,14,93.7,0
UNIT_01488,Line_A,189.2,4.62,40.1,2.92,0.34,9,83.3,0
UNIT_01489,Line_B,162.9,4.33,46.7,2.88,1.39,16,91.4,0
UNIT_01490,Line_A,171.7,5.62,46.7,3.13,0.84,3,83.0,0
UNIT_01491,Line_B,168.0,4.33,43.9,3.16,0.35,4,95.0,0
UNIT_01492,Line_A,188.7,4.39,40.0,3.29,0.96,17,63.1,1
UNIT_01493,Line_A,182.0,4.54,45.6,2.84,1.2,11,96.6,0
UNIT_01494,Line_B,163.3,5.07,42.0,2.99,0.59,11,76.1,0
UNIT_01495,Line_B,177.7,5.37,45.3,2.84,1.1,11,85.7,0
UNIT_01496,Line_B,162.1,5.72,51.6,3.04,1.03,7,78.5,0
UNIT_01497,Line_C,179.4,5.63,37.5,2.81,0.77,18,97.0,0
UNIT_01498,Line_B,160.1,5.0,58.0,2.89,0.16,11,83.2,0
UNIT_01499,Line_C,186.3,5.61,44.6,2.9,0.75,0,80.7,0
UNIT_01500,Line_B,184.5,4.6,47.5,3.07,0.58,5,94.0,0
UNIT_01501,Line_A,202.9,3.91,40.5,3.0,0.91,19,90.9,0
UNIT_01502,Line_A,190.2,4.6,51.9,3.13,0.25,9,82.3,0
UNIT_01503,Line_A,174.9,4.52,44.2,2.97,1.13,14,77.1,0
UNIT_01504,Line_B,189.8,4.62,42.6,2.86,0.39,0,76.0,0
UNIT_01505,Line_A,163.2,4.42,41.5,3.05,0.26,0,95.2,0
UNIT_01506,Line_C,168.5,4.72,43.4,2.77,1.01,4,88.4,0
UNIT_01507,Line_B,184.0,5.37,47.5,3.14,1.66,10,86.4,0
UNIT_01508,Line_C,154.1,6.03,46.0,2.93,0.68,12,88.9,1
UNIT_01509,Line_C,179.6,3.96,44.8,3.05,1.58,1,69.4,0
UNIT_01510,Line_B,167.8,4.23,40.7,3.06,0.35,18,82.4,0
UNIT_01511,Line_A,181.2,4.53,40.4,3.4,0.29,12,82.6,0
UNIT_01512,Line_C,167.1,5.46,42.2,3.1,1.32,7,92.9,0
UNIT_01513,Line_A,185.1,4.88,47.8,3.02,0.92,9,73.2,0
UNIT_01514,Line_A,180.2,4.57,49.0,2.83,0.18,10,93.4,0
UNIT_01515,Line_C,196.8,5.43,49.8,3.2,1.76,15,99.4,0
UNIT_01516,Line_B,180.1,5.57,45.0,2.93,0.58,1,71.2,0
UNIT_01517,Line_A,170.8,4.99,47.3,2.62,0.62,11,85.1,0
UNIT_01518,Line_B,177.0,4.51,44.0,2.95,1.93,10,89.0,0
UNIT_01519,Line_B,163.9,5.16,34.5,3.05,1.61,15,92.0,0
UNIT_01520,Line_C,184.9,4.86,43.7,2.8,1.52,7,67.7,0
UNIT_01521,Line_C,187.1,4.86,42.7,2.97,0.35,7,87.7,0
UNIT_01522,Line_A,209.6,4.69,38.8,2.98,0.77,16,83.3,0
UNIT_01523,Line_A,172.5,5.55,41.6,2.99,0.88,17,82.7,0
UNIT_01524,Line_B,176.8,5.15,45.8,3.31,0.27,16,100.0,0
UNIT_01525,Line_A,173.1,5.62,38.2,2.67,0.19,17,83.3,0
UNIT_01526,Line_A,182.5,5.8,40.7,3.51,0.55,2,88.6,1
UNIT_01527,Line_A,184.6,5.28,54.3,2.99,1.12,13,84.0,1
UNIT_01528,Line_A,179.4,4.7,35.4,3.15,0.03,13,86.9,0
UNIT_01529,Line_C,193.0,5.62,43.9,3.03,0.66,5,89.4,0
UNIT_01530,Line_A,172.6,5.28,38.0,2.57,0.21,9,92.1,0
UNIT_01531,Line_A,191.8,6.56,40.5,2.74,1.19,19,78.8,1
UNIT_01532,Line_C,186.5,5.19,43.8,2.87,0.79,2,86.2,0
UNIT_01533,Line_A,179.9,5.42,39.1,3.25,0.21,16,86.5,0
UNIT_01534,Line_C,176.2,5.17,48.4,2.65,1.21,6,71.8,0
UNIT_01535,Line_A,209.1,4.94,53.1,2.79,0.79,17,77.4,0
UNIT_01536,Line_A,170.2,4.84,50.1,3.04,0.51,10,92.1,0
UNIT_01537,Line_A,183.6,5.18,51.1,3.12,2.31,0,81.3,1
UNIT_01538,Line_C,171.0,5.31,36.7,3.11,0.56,2,100.0,0
UNIT_01539,Line_B,201.4,5.69,43.5,2.75,0.4,16,92.7,0
UNIT_01540,Line_B,190.6,5.19,47.8,2.6,0.96,15,88.6,0
UNIT_01541,Line_A,171.9,4.72,50.2,3.13,1.83,4,97.1,0
UNIT_01542,Line_A,186.2,4.8,55.5,3.36,0.04,12,91.2,0
UNIT_01543,Line_B,183.1,4.21,51.4,2.91,1.38,10,86.5,0
UNIT_01544,Line_A,173.8,6.0,50.4,2.71,1.0,1,73.7,1
UNIT_01545,Line_B,189.1,4.68,60.8,2.89,1.64,14,90.3,0
UNIT_01546,Line_C,184.7,5.58,45.6,3.1,1.44,3,96.2,0
UNIT_01547,Line_C,182.6,5.17,43.3,2.94,0.86,8,80.3,0
UNIT_01548,Line_B,179.5,5.18,46.1,3.35,0.98,0,70.4,0
UNIT_01549,Line_A,185.2,4.93,39.5,3.23,0.69,4,76.4,0
UNIT_01550,Line_A,182.8,4.53,45.4,3.05,1.68,18,99.1,0
UNIT_01551,Line_C,180.7,4.42,34.6,2.51,0.34,10,85.6,0
UNIT_01552,Line_B,172.3,6.04,41.8,2.83,0.68,14,96.7,0
UNIT_01553,Line_B,200.3,5.07,44.3,2.86,1.12,5,85.2,0
UNIT_01554,Line_B,167.4,5.68,50.7,2.81,1.21,0,81.0,1
UNIT_01555,Line_A,185.1,5.83,51.7,3.05,1.21,12,100.0,0
UNIT_01556,Line_C,176.2,4.75,39.2,3.05,0.92,4,82.0,0
UNIT_01557,Line_C,201.1,5.25,57.5,2.58,1.22,2,83.0,1
UNIT_01558,Line_C,169.2,5.03,45.9,3.2,0.97,9,88.7,0
UNIT_01559,Line_C,171.2,4.31,46.4,3.0,1.94,8,82.7,0
UNIT_01560,Line_A,168.4,4.89,35.3,3.09,0.33,2,91.2,0
UNIT_01561,Line_A,183.9,5.35,41.3,3.19,1.22,11,88.6,0
UNIT_01562,Line_A,163.5,4.7,51.3,2.81,0.6,8,88.9,0
UNIT_01563,Line_C,174.3,4.81,46.0,3.31,0.72,19,80.1,0
UNIT_01564,Line_B,154.2,4.9,45.6,2.96,2.04,1,71.7,1
UNIT_01565,Line_B,182.9,6.27,46.4,3.38,2.02,9,78.3,1
UNIT_01566,Line_C,174.0,3.9,36.3,2.78,1.68,15,79.0,1
UNIT_01567,Line_B,162.1,5.3,44.4,3.36,0.44,8,87.3,0
UNIT_01568,Line_C,193.0,4.85,53.4,2.77,0.41,4,78.5,0
UNIT_01569,Line_C,164.3,4.62,51.5,3.64,0.21,19,73.3,1
UNIT_01570,Line_A,189.6,4.83,44.2,2.76,1.78,6,75.8,0
UNIT_01571,Line_B,171.6,5.4,54.4,3.26,0.28,18,88.1,0
UNIT_01572,Line_C,199.2,5.43,37.4,2.91,0.52,16,90.5,0
UNIT_01573,Line_C,189.0,5.11,39.2,3.18,0.44,13,80.9,0
UNIT_01574,Line_A,167.9,5.66,56.2,2.99,0.4,15,81.8,0
UNIT_01575,Line_A,169.0,5.76,48.5,2.73,0.11,10,89.9,0
UNIT_01576,Line_B,187.3,5.49,43.3,2.3,0.48,13,86.3,0
UNIT_01577,Line_C,176.9,4.67,44.7,3.63,0.77,5,94.5,0
UNIT_01578,Line_A,178.0,5.3,40.2,3.02,0.24,1,83.7,0
UNIT_01579,Line_B,195.3,5.3,46.7,2.26,0.35,12,78.3,0
UNIT_01580,Line_A,171.0,4.51,46.2,3.08,1.61,16,93.7,0
UNIT_01581,Line_A,181.1,4.06,45.1,3.17,0.3,16,82.5,1
UNIT_01582,Line_B,191.5,3.79,38.0,2.82,0.63,15,78.7,1
UNIT_01583,Line_B,189.7,5.04,46.6,2.82,0.66,19,92.1,0
UNIT_01584,Line_B,178.1,5.18,41.8,3.0,0.36,11,96.6,0
UNIT_01585,Line_A,176.5,4.29,39.1,3.3,1.31,3,86.5,0
UNIT_01586,Line_C,159.1,5.63,52.6,3.02,1.57,4,77.0,1
UNIT_01587,Line_A,167.3,5.09,58.0,3.37,0.18,5,97.3,0
UNIT_01588,Line_C,183.8,5.81,56.7,3.28,0.44,19,88.0,1
UNIT_01589,Line_A,178.3,5.22,48.9,2.94,0.34,17,86.8,0
UNIT_01590,Line_C,180.9,4.36,43.4,2.61,0.53,14,81.8,0
UNIT_01591,Line_B,192.5,5.27,44.6,2.94,0.66,17,94.0,0
UNIT_01592,Line_B,165.8,5.4,47.4,3.13,0.11,6,76.1,0
UNIT_01593,Line_A,177.2,4.67,42.5,3.01,0.66,14,75.4,0
UNIT_01594,Line_C,182.3,4.13,52.9,3.16,2.03,3,100.0,0
UNIT_01595,Line_A,171.6,5.06,32.8,3.22,1.47,2,78.1,0
UNIT_01596,Line_B,197.2,4.4,43.2,3.13,0.76,12,92.7,1
UNIT_01597,Line_C,190.9,5.67,49.8,2.93,0.14,14,,0
UNIT_01598,Line_C,183.5,4.76,39.9,3.13,1.19,11,86.7,0
UNIT_01599,Line_C,201.5,6.03,43.6,3.56,0.48,9,78.0,1
UNIT_01600,Line_A,162.0,3.73,48.6,2.63,1.39,12,90.0,1
UNIT_01601,Line_C,179.9,5.08,54.1,3.12,1.24,7,96.1,0
UNIT_01602,Line_C,184.4,5.86,37.2,3.46,0.52,5,87.7,0
UNIT_01603,Line_A,169.0,4.47,36.8,2.71,0.62,5,79.0,1
UNIT_01604,Line_A,183.6,4.9,39.3,3.25,0.34,7,87.4,0
UNIT_01605,Line_C,166.7,4.76,35.8,3.28,0.15,6,73.9,1
UNIT_01606,Line_A,188.3,4.59,36.2,2.63,0.65,3,77.2,1
UNIT_01607,Line_B,192.7,5.15,39.2,3.18,1.07,10,82.9,0
UNIT_01608,Line_A,183.3,4.22,52.4,2.93,0.71,8,85.5,0
UNIT_01609,Line_A,157.8,4.93,43.1,2.98,0.59,3,75.4,0
UNIT_01610,Line_C,168.4,5.31,45.2,2.92,0.97,18,87.0,0
UNIT_01611,Line_A,186.8,4.87,39.3,3.33,0.58,10,89.2,0
UNIT_01612,Line_C,180.3,4.4,48.8,2.97,0.76,2,83.3,0
UNIT_01613,Line_C,147.7,5.62,56.3,2.88,0.51,0,67.7,1
UNIT_01614,Line_A,194.9,5.44,39.7,2.89,0.64,1,85.8,0
UNIT_01615,Line_A,181.6,4.38,55.3,2.91,0.22,8,99.5,0
UNIT_01616,Line_C,170.2,4.22,47.2,2.73,0.38,4,88.7,1
UNIT_01617,Line_B,191.9,4.43,45.1,2.88,1.99,19,85.1,0
UNIT_01618,Line_A,171.9,5.33,47.4,3.03,0.2,9,82.0,0
UNIT_01619,Line_C,171.7,5.17,47.3,3.1,2.08,14,89.6,0
UNIT_01620,Line_A,184.3,5.47,56.1,3.3,0.74,4,86.7,0
UNIT_01621,Line_A,201.4,4.8,48.1,3.06,0.14,1,90.7,0
UNIT_01622,Line_C,199.5,4.45,48.2,2.88,1.21,6,76.2,1
UNIT_01623,Line_A,184.3,5.55,42.5,2.75,0.19,13,86.0,0
UNIT_01624,Line_B,185.5,4.67,50.0,3.07,1.13,15,81.3,0
UNIT_01625,Line_C,189.5,5.11,39.3,2.97,0.9,3,88.0,0
UNIT_01626,Line_B,164.9,4.07,45.7,2.98,0.7,5,69.4,1
UNIT_01627,Line_B,187.7,4.66,62.3,3.07,0.82,9,81.9,0
UNIT_01628,Line_B,171.2,5.61,30.0,3.13,0.85,6,89.3,1
UNIT_01629,Line_A,183.8,4.57,46.4,3.07,0.56,5,90.6,0
UNIT_01630,Line_B,177.3,5.49,46.6,2.96,2.19,19,84.8,0
UNIT_01631,Line_C,186.0,3.6,43.6,2.8,1.65,18,67.7,1
UNIT_01632,Line_A,181.4,4.66,43.8,2.85,1.18,7,90.1,0
UNIT_01633,Line_C,143.1,4.9,45.5,3.21,0.51,1,97.7,1
UNIT_01634,Line_B,182.1,6.05,43.5,2.89,0.47,7,78.3,0
UNIT_01635,Line_B,187.7,4.3,46.3,2.66,0.85,17,81.6,0
UNIT_01636,Line_A,185.4,5.4,42.1,3.29,0.47,17,91.5,0
UNIT_01637,Line_B,178.8,5.63,57.1,2.76,0.57,14,91.7,0
UNIT_01638,Line_A,199.7,4.57,43.5,3.01,1.19,13,93.8,0
UNIT_01639,Line_A,183.7,4.78,48.4,3.12,1.69,7,93.1,0
UNIT_01640,Line_C,185.3,5.08,41.0,3.0,0.86,8,72.7,0
UNIT_01641,Line_A,192.5,4.11,50.6,2.38,0.78,17,81.2,1
UNIT_01642,Line_B,184.4,4.73,49.4,3.1,0.14,4,90.0,0
UNIT_01643,Line_B,169.2,5.77,47.5,3.33,1.15,8,84.3,1
UNIT_01644,Line_A,150.7,5.31,38.8,3.2,1.25,17,87.9,0
UNIT_01645,Line_A,174.3,4.91,40.5,2.47,1.45,13,84.0,0
UNIT_01646,Line_B,189.1,5.07,55.1,3.53,3.13,2,81.5,1
UNIT_01647,Line_B,175.8,5.35,40.4,2.67,0.46,15,83.1,0
UNIT_01648,Line_C,189.6,5.46,48.8,2.73,1.85,1,76.0,0
UNIT_01649,Line_C,181.8,4.67,39.3,3.2,1.73,5,79.2,0
UNIT_01650,Line_A,195.5,5.92,51.1,3.11,0.79,18,84.5,0
UNIT_01651,Line_A,176.5,5.79,40.9,3.02,0.19,1,84.6,0
UNIT_01652,Line_A,185.6,5.41,39.2,2.86,1.59,3,89.5,0
UNIT_01653,Line_B,186.1,4.49,40.7,3.33,1.89,17,82.7,1
UNIT_01654,Line_A,198.0,4.39,41.7,2.99,0.25,13,98.4,0
UNIT_01655,Line_A,159.5,4.8,47.4,2.61,1.08,4,94.8,1
UNIT_01656,Line_C,174.5,5.04,45.4,3.31,0.75,6,81.0,0
UNIT_01657,Line_C,190.2,3.94,38.4,3.05,0.72,18,86.6,0
UNIT_01658,Line_C,198.6,5.3,44.8,3.28,0.14,12,94.7,0
UNIT_01659,Line_A,182.9,5.77,38.1,3.14,1.56,6,79.9,0
UNIT_01660,Line_B,176.5,5.35,48.9,3.6,0.51,2,79.0,0
UNIT_01661,Line_B,189.1,4.59,50.0,2.92,2.39,8,95.4,0
UNIT_01662,Line_A,190.4,4.52,44.9,3.0,0.6,6,90.5,0
UNIT_01663,Line_B,175.7,5.18,46.6,3.18,0.46,8,93.6,0
UNIT_01664,Line_B,184.0,4.91,55.5,2.92,0.5,0,87.5,0
UNIT_01665,Line_B,194.2,5.27,44.1,3.2,0.62,9,83.0,0
UNIT_01666,Line_C,202.7,5.36,39.3,2.26,0.61,4,74.3,1
UNIT_01667,Line_C,188.9,5.66,48.5,2.98,1.57,19,86.1,0
UNIT_01668,Line_B,180.5,4.32,38.2,2.97,0.6,5,94.9,0
UNIT_01669,Line_C,179.4,5.13,43.7,2.97,1.75,4,95.0,0
UNIT_01670,Line_C,186.7,4.78,41.4,2.78,1.54,6,93.6,0
UNIT_01671,Line_B,178.6,4.94,40.8,3.23,1.4,12,91.3,0
UNIT_01672,Line_A,182.3,5.52,43.5,2.87,1.23,14,100.0,0
UNIT_01673,Line_C,167.3,5.58,50.4,3.05,0.29,5,72.6,0
UNIT_01674,Line_C,195.6,5.84,51.6,2.99,1.29,13,86.8,0
UNIT_01675,Line_C,166.3,5.26,50.6,3.13,1.55,2,77.5,0
UNIT_01676,Line_A,174.8,4.93,47.0,3.36,1.82,3,97.4,0
UNIT_01677,Line_B,181.2,4.85,43.5,3.05,0.15,5,80.6,0
UNIT_01678,Line_C,203.9,3.96,30.9,3.21,1.49,13,93.1,1
UNIT_01679,Line_B,174.9,5.8,47.2,3.04,0.16,11,81.4,0
UNIT_01680,Line_C,172.0,4.81,31.3,2.87,1.12,9,88.4,0
UNIT_01681,Line_A,173.4,5.3,33.5,2.96,0.99,12,84.1,0
UNIT_01682,Line_A,199.9,5.41,44.0,2.93,0.34,3,84.9,1
UNIT_01683,Line_C,146.3,4.25,46.6,3.14,0.78,5,87.7,0
UNIT_01684,Line_B,168.0,4.45,42.3,3.03,0.66,14,92.4,0
UNIT_01685,Line_B,212.8,5.93,54.2,2.8,1.04,19,84.1,0
UNIT_01686,Line_B,187.1,5.17,47.8,2.94,0.76,0,92.1,0
UNIT_01687,Line_B,166.7,4.65,43.5,2.62,0.94,7,93.3,0
UNIT_01688,Line_C,179.5,4.92,53.3,2.95,0.58,17,81.7,0
UNIT_01689,Line_A,180.8,5.65,54.4,3.0,2.94,16,100.0,0
UNIT_01690,Line_C,190.2,5.56,48.1,3.45,0.96,5,91.0,1
UNIT_01691,Line_C,202.1,4.12,40.3,3.34,0.51,0,81.5,1
UNIT_01692,Line_B,184.7,5.98,41.7,2.74,0.48,11,89.9,1
UNIT_01693,Line_B,173.5,5.58,36.3,3.05,1.25,13,93.3,0
UNIT_01694,Line_A,189.4,4.91,44.7,3.05,3.91,5,89.7,0
UNIT_01695,Line_C,171.6,4.28,38.7,2.94,1.66,6,86.6,1
UNIT_01696,Line_B,167.6,5.63,43.0,2.96,0.72,13,57.4,0
UNIT_01697,Line_A,158.9,5.29,46.6,2.91,0.13,10,77.3,0
UNIT_01698,Line_B,161.2,4.13,33.1,3.47,0.36,5,90.4,1
UNIT_01699,Line_C,169.2,4.86,37.4,2.9,0.45,16,77.1,0
UNIT_01700,Line_A,165.9,6.88,42.0,3.09,0.13,18,89.1,1
UNIT_01701,Line_A,183.8,5.01,44.7,2.37,0.63,14,92.1,0
UNIT_01702,Line_C,165.6,4.55,42.0,3.21,1.14,18,84.1,0
UNIT_01703,Line_A,142.3,4.39,43.4,3.3,0.54,7,70.9,1
UNIT_01704,Line_C,167.5,6.06,40.8,2.74,1.34,2,79.1,1
UNIT_01705,Line_C,174.3,5.51,36.3,2.87,0.47,14,90.5,0
UNIT_01706,Line_C,172.7,5.84,41.8,3.11,0.21,11,95.1,0
UNIT_01707,Line_C,198.2,5.15,43.7,3.0,0.41,8,68.3,0
UNIT_01708,Line_A,172.6,5.75,43.1,3.12,0.37,5,85.6,0
UNIT_01709,Line_A,190.6,4.49,45.7,2.93,0.16,1,73.3,0
UNIT_01710,Line_B,179.8,5.1,47.5,3.47,0.3,3,85.7,0
UNIT_01711,Line_B,179.5,5.17,49.1,2.83,0.1,13,83.7,0
UNIT_01712,Line_C,170.0,5.83,41.2,3.67,0.1,4,100.0,1
UNIT_01713,Line_C,179.3,5.19,35.5,3.31,0.53,18,80.7,0
UNIT_01714,Line_B,170.8,4.62,52.6,3.21,0.44,9,93.4,0
UNIT_01715,Line_C,182.0,5.04,47.3,2.74,2.54,1,93.1,0
UNIT_01716,Line_B,177.2,3.99,39.3,3.23,0.31,13,83.4,0
UNIT_01717,Line_B,168.7,3.61,46.7,3.15,0.5,13,86.0,1
UNIT_01718,Line_B,191.9,5.5,51.4,2.47,0.83,3,85.0,0
UNIT_01719,Line_B,185.1,4.78,55.4,2.65,1.41,16,79.0,0
UNIT_01720,Line_A,174.6,4.84,46.5,3.09,1.78,14,78.4,0
UNIT_01721,Line_C,181.7,5.5,51.4,2.97,0.83,11,81.7,0
UNIT_01722,Line_B,179.0,5.84,37.7,2.87,0.64,2,75.9,0
UNIT_01723,Line_C,169.6,5.32,44.8,3.27,0.39,9,81.0,0
UNIT_01724,Line_B,180.8,6.16,43.0,2.78,0.76,19,83.4,0
UNIT_01725,Line_C,172.5,5.3,47.1,2.89,1.68,4,86.3,1
UNIT_01726,Line_C,168.7,5.18,54.7,2.84,0.74,18,88.5,0
UNIT_01727,Line_B,160.5,5.14,46.5,3.13,0.97,3,83.4,0
UNIT_01728,Line_B,175.7,4.23,39.4,2.57,1.29,12,78.8,1
UNIT_01729,Line_A,186.8,5.57,37.4,2.88,0.91,7,88.4,1
UNIT_01730,Line_C,171.7,3.53,54.9,2.57,1.04,1,91.3,1
UNIT_01731,Line_C,210.2,4.65,48.1,2.92,0.89,12,81.1,0
UNIT_01732,Line_C,190.6,5.01,47.7,3.18,0.29,9,77.1,0
UNIT_01733,Line_C,195.7,4.53,42.9,3.19,0.77,6,81.4,0
UNIT_01734,Line_C,189.5,4.73,46.6,2.82,0.84,4,83.5,1
UNIT_01735,Line_C,202.2,6.1,39.1,3.13,2.14,9,94.2,1
UNIT_01736,Line_B,170.6,5.66,47.3,2.95,0.39,2,90.6,0
UNIT_01737,Line_A,149.3,4.59,38.0,3.34,0.81,11,85.0,1
UNIT_01738,Line_A,174.6,4.72,42.8,2.97,0.53,1,100.0,0
UNIT_01739,Line_A,186.7,4.23,41.1,2.26,2.02,4,84.7,0
UNIT_01740,Line_B,181.8,5.42,25.5,3.22,1.53,10,96.3,0
UNIT_01741,Line_C,183.3,4.85,42.9,2.89,0.8,14,94.8,0
UNIT_01742,Line_B,195.9,3.82,39.6,2.93,0.02,7,94.2,0
UNIT_01743,Line_A,184.6,5.06,43.7,3.08,1.57,12,87.6,0
UNIT_01744,Line_A,189.6,5.26,45.0,2.64,0.17,18,85.9,0
UNIT_01745,Line_C,168.7,5.58,55.6,3.02,0.11,11,85.0,0
UNIT_01746,Line_C,166.9,4.96,46.8,3.13,1.35,15,91.8,0
UNIT_01747,Line_B,199.4,4.78,47.0,3.09,1.0,9,78.7,0
UNIT_01748,Line_C,181.2,6.19,48.0,2.85,0.94,5,82.9,1
UNIT_01749,Line_C,172.5,5.0,50.2,3.25,0.41,7,98.3,0
UNIT_01750,Line_C,172.5,5.43,47.7,2.75,0.15,7,90.0,0
UNIT_01751,Line_C,172.2,4.68,46.7,2.84,0.03,10,92.6,0
UNIT_01752,Line_B,171.5,5.41,49.3,2.97,0.93,3,75.2,0
UNIT_01753,Line_B,164.6,4.13,30.4,3.07,0.21,15,81.5,0
UNIT_01754,Line_B,162.0,4.72,57.5,2.92,1.05,3,87.7,0
UNIT_01755,Line_A,177.7,4.28,54.5,3.31,0.24,14,84.7,1
UNIT_01756,Line_B,172.9,4.64,46.3,3.07,0.81,9,75.2,0
UNIT_01757,Line_B,193.3,5.75,36.5,3.02,0.28,14,91.1,0
UNIT_01758,Line_B,183.5,4.63,52.3,3.07,1.26,3,93.6,0
UNIT_01759,Line_B,183.2,5.43,40.8,3.18,0.9,4,82.7,0
UNIT_01760,Line_B,171.1,5.91,48.2,3.06,0.76,5,91.4,1
UNIT_01761,Line_B,178.5,4.98,37.3,2.55,0.32,15,100.0,0
UNIT_01762,Line_A,184.3,5.6,58.4,3.27,0.17,5,97.2,0
UNIT_01763,Line_B,188.6,5.32,36.3,3.03,0.94,6,83.1,0
UNIT_01764,Line_B,178.9,5.07,45.4,3.17,0.42,2,76.2,0
UNIT_01765,Line_C,192.9,5.45,32.3,2.9,0.72,4,86.8,0
UNIT_01766,Line_B,180.1,6.1,44.8,2.54,0.69,17,100.0,0
UNIT_01767,Line_B,189.5,4.62,42.4,2.43,0.65,2,95.7,0
UNIT_01768,Line_A,174.1,4.42,51.8,2.76,1.54,18,85.0,0
UNIT_01769,Line_A,158.2,4.39,42.4,3.13,0.66,16,97.5,1
UNIT_01770,Line_B,183.2,5.6,51.8,3.32,0.28,18,94.3,0
UNIT_01771,Line_B,188.7,5.68,38.9,3.08,1.11,12,69.8,0
UNIT_01772,Line_B,186.9,4.68,43.3,2.74,1.08,13,93.5,0
UNIT_01773,Line_B,185.1,3.72,43.4,2.8,0.38,16,86.0,0
UNIT_01774,Line_C,175.8,4.6,48.0,3.34,0.32,14,78.1,0
UNIT_01775,Line_A,170.3,5.33,47.2,2.67,0.9,11,85.7,0
UNIT_01776,Line_A,186.6,4.96,49.3,3.53,0.22,8,88.3,0
UNIT_01777,Line_A,185.1,5.11,46.6,3.47,0.91,17,78.6,1
UNIT_01778,Line_A,173.3,4.69,49.0,3.53,1.83,6,84.0,1
UNIT_01779,Line_C,193.3,5.61,39.6,3.1,1.1,11,82.4,0
UNIT_01780,Line_A,169.4,5.21,47.3,2.91,1.9,1,91.4,0
UNIT_01781,Line_B,173.0,5.35,54.6,3.09,0.72,12,82.6,0
UNIT_01782,Line_A,199.6,5.1,34.9,3.23,0.72,2,71.4,0
UNIT_01783,Line_C,190.4,5.31,47.9,2.84,0.79,1,81.4,0
UNIT_01784,Line_C,175.7,5.28,49.1,2.72,0.97,5,77.4,1
UNIT_01785,Line_A,183.4,4.44,53.8,2.93,0.93,13,74.6,0
UNIT_01786,Line_A,181.9,5.22,49.4,2.81,0.33,16,94.4,0
UNIT_01787,Line_A,147.1,5.47,45.6,3.31,0.68,11,91.4,1
UNIT_01788,Line_B,169.1,5.69,47.6,2.85,1.5,13,77.3,0
UNIT_01789,Line_C,179.4,5.25,40.6,3.02,0.27,4,74.8,0
UNIT_01790,Line_B,175.7,4.42,42.7,3.25,0.79,2,84.2,0
UNIT_01791,Line_C,183.0,4.51,37.0,3.32,0.96,2,74.4,0
UNIT_01792,Line_B,193.6,4.74,53.9,3.05,0.96,1,83.1,1
UNIT_01793,Line_A,176.1,5.11,47.7,3.1,0.16,6,85.6,0
UNIT_01794,Line_B,167.3,4.93,39.5,2.75,0.26,14,87.4,0
UNIT_01795,Line_A,183.9,4.33,46.6,3.26,1.46,1,87.7,0
UNIT_01796,Line_C,176.1,4.32,52.0,3.32,1.45,6,78.8,1
UNIT_01797,Line_A,178.1,3.74,51.0,2.53,0.7,12,85.6,0
UNIT_01798,Line_B,176.5,3.13,39.4,3.44,0.87,1,95.2,1
UNIT_01799,Line_B,206.9,4.92,26.2,2.82,0.3,10,68.2,0
UNIT_01800,Line_A,153.1,6.39,47.4,3.15,0.2,7,87.6,1
UNIT_01801,Line_B,175.3,6.08,39.7,3.02,0.11,18,75.6,0
UNIT_01802,Line_B,180.0,4.41,48.7,2.98,0.2,9,96.2,0
UNIT_01803,Line_A,170.6,5.09,50.7,2.95,0.87,10,91.5,0
UNIT_01804,Line_A,190.8,4.12,51.7,2.75,0.62,17,91.3,0
UNIT_01805,Line_A,189.8,4.21,55.5,3.13,0.75,14,78.2,0
UNIT_01806,Line_A,179.4,4.28,52.4,2.93,0.74,10,87.1,0
UNIT_01807,Line_B,176.8,4.86,55.5,2.67,0.26,13,88.0,0
UNIT_01808,Line_A,178.7,4.89,53.3,2.74,0.91,8,66.0,0
UNIT_01809,Line_C,178.7,5.15,53.8,2.68,1.6,13,86.2,0
UNIT_01810,Line_A,179.1,5.4,44.8,2.87,0.26,6,89.9,0
UNIT_01811,Line_B,177.7,4.8,37.3,3.12,0.66,6,73.7,0
UNIT_01812,Line_C,183.0,5.02,59.9,2.82,1.13,16,89.8,0
UNIT_01813,Line_B,189.0,4.34,45.4,3.24,1.44,8,85.8,0
UNIT_01814,Line_C,165.2,4.19,52.4,2.97,0.98,10,96.1,0
UNIT_01815,Line_A,167.4,4.1,41.7,2.93,0.3,2,81.7,1
UNIT_01816,Line_A,159.0,5.39,50.8,3.0,0.1,6,86.4,0
UNIT_01817,Line_A,190.4,4.8,30.3,3.35,0.53,13,87.7,0
UNIT_01818,Line_A,183.0,3.88,42.5,2.66,0.6,10,62.5,1
UNIT_01819,Line_A,186.1,4.96,44.4,3.41,1.45,6,82.2,0
UNIT_01820,Line_A,162.8,4.25,47.8,3.24,0.49,0,85.7,0
UNIT_01821,Line_C,201.4,6.0,51.4,2.99,0.25,10,66.1,0
UNIT_01822,Line_A,172.7,4.65,38.4,3.3,0.36,6,90.4,0
UNIT_01823,Line_C,182.0,5.41,49.0,2.92,0.98,18,85.7,0
UNIT_01824,Line_C,190.3,5.65,52.4,3.07,0.69,0,85.6,0
UNIT_01825,Line_C,168.2,4.43,59.1,2.86,0.6,13,90.8,0
UNIT_01826,Line_A,173.4,5.05,49.2,3.24,1.47,7,81.7,0
UNIT_01827,Line_C,182.2,5.33,42.2,2.82,0.06,5,85.3,0
UNIT_01828,Line_B,214.3,5.07,37.4,2.99,1.29,14,91.9,0
UNIT_01829,Line_C,183.6,5.22,56.0,3.17,0.02,10,85.4,0
UNIT_01830,Line_B,199.3,4.2,49.4,3.26,1.24,1,70.2,1
UNIT_01831,Line_C,194.5,5.33,44.9,2.79,0.78,12,85.4,0
UNIT_01832,Line_B,184.4,4.71,35.3,3.19,0.74,3,85.5,0
UNIT_01833,Line_A,168.1,5.21,39.4,2.75,0.75,17,92.2,0
UNIT_01834,Line_B,192.7,5.55,48.8,2.46,1.24,4,82.3,1
UNIT_01835,Line_A,162.0,5.4,47.1,2.81,0.25,15,77.2,0
UNIT_01836,Line_C,199.2,5.21,33.3,3.21,1.05,6,77.2,1
UNIT_01837,Line_A,182.4,5.39,48.8,3.0,1.27,6,96.5,0
UNIT_01838,Line_A,148.2,5.41,35.6,2.87,0.63,0,87.3,0
UNIT_01839,Line_B,175.9,5.9,53.1,3.01,0.41,18,96.1,0
UNIT_01840,Line_B,187.8,4.98,46.3,3.01,0.13,11,97.3,0
UNIT_01841,Line_A,177.2,5.1,42.2,3.16,3.49,2,79.1,1
UNIT_01842,Line_C,188.6,5.56,50.9,2.6,0.75,0,78.4,1
UNIT_01843,Line_C,169.8,4.71,47.1,2.97,0.1,5,84.0,0
UNIT_01844,Line_C,164.3,4.2,52.9,3.03,0.28,9,89.9,0
UNIT_01845,Line_B,179.1,5.3,45.5,2.66,0.43,0,73.8,0
UNIT_01846,Line_B,180.4,4.88,45.8,2.66,1.29,7,88.6,1
UNIT_01847,Line_B,175.8,4.28,43.3,2.91,0.28,6,88.2,0
UNIT_01848,Line_B,194.7,5.3,46.6,3.0,0.41,17,76.0,1
UNIT_01849,Line_A,169.8,5.86,55.2,3.0,1.14,8,76.3,1
UNIT_01850,Line_A,183.8,4.02,42.0,2.86,0.51,2,88.6,0
UNIT_01851,Line_A,180.8,5.61,48.9,2.85,0.73,4,100.0,0
UNIT_01852,Line_B,161.3,3.48,39.7,2.9,0.18,16,82.6,0
UNIT_01853,Line_A,164.2,4.76,32.6,3.07,0.23,0,87.6,0
UNIT_01854,Line_A,180.1,6.1,46.2,3.31,0.25,2,80.2,1
UNIT_01855,Line_C,203.8,4.8,47.2,2.44,0.65,0,86.9,1
UNIT_01856,Line_B,187.0,5.05,44.3,3.16,0.72,0,80.0,0
UNIT_01857,Line_B,159.3,5.46,36.0,2.97,0.78,18,82.9,0
UNIT_01858,Line_B,142.7,3.97,46.8,3.13,1.47,19,100.0,1
UNIT_01859,Line_C,188.8,5.04,46.6,3.3,0.4,14,85.9,0
UNIT_01860,Line_C,178.8,5.04,39.7,2.81,0.15,1,72.5,0
UNIT_01861,Line_A,193.7,6.12,36.9,3.24,1.17,13,90.1,1
UNIT_01862,Line_C,169.4,4.26,43.5,2.69,0.81,15,94.0,0
UNIT_01863,Line_B,184.2,4.77,48.9,3.03,1.11,15,90.4,0
UNIT_01864,Line_C,190.2,4.44,47.5,2.94,0.81,14,83.6,0
UNIT_01865,Line_B,174.6,4.38,39.7,3.01,0.44,13,77.7,0
UNIT_01866,Line_A,174.9,5.68,45.8,2.75,0.44,8,77.9,0
UNIT_01867,Line_C,180.3,5.02,50.3,3.11,0.36,1,83.5,1
UNIT_01868,Line_A,186.5,4.67,38.0,3.4,1.63,16,82.1,1
UNIT_01869,Line_C,179.8,4.69,45.4,2.76,2.64,18,80.5,0
UNIT_01870,Line_A,191.7,4.66,53.0,3.05,1.02,10,94.7,0
UNIT_01871,Line_A,174.5,4.72,37.4,3.21,0.56,8,92.4,0
UNIT_01872,Line_B,164.1,4.24,51.9,2.93,0.39,18,95.1,1
UNIT_01873,Line_C,203.7,4.84,54.7,3.34,0.91,9,78.7,0
UNIT_01874,Line_B,172.7,4.78,43.7,2.89,0.19,7,77.6,0
UNIT_01875,Line_A,173.2,4.55,42.9,2.97,0.99,17,85.6,0
UNIT_01876,Line_A,179.2,5.09,51.2,2.75,0.37,18,88.3,0
UNIT_01877,Line_C,180.8,5.14,43.9,3.03,0.03,4,85.6,0
UNIT_01878,Line_C,175.4,4.67,30.9,3.0,1.92,5,87.8,0
UNIT_01879,Line_A,179.8,4.91,44.4,3.16,1.19,6,97.7,0
UNIT_01880,Line_B,179.5,6.3,47.8,2.84,0.17,3,83.3,0
UNIT_01881,Line_A,182.1,6.27,49.4,2.83,1.33,17,91.5,1
UNIT_01882,Line_A,151.7,4.37,39.7,3.12,0.36,19,89.1,0
UNIT_01883,Line_C,202.6,4.45,43.4,3.35,1.31,10,85.8,1
UNIT_01884,Line_B,178.2,4.36,50.9,3.16,0.65,14,91.1,0
UNIT_01885,Line_A,187.0,5.63,44.6,3.46,0.68,8,78.9,1
UNIT_01886,Line_B,163.5,4.76,35.8,3.14,0.72,19,77.2,0
UNIT_01887,Line_B,174.3,5.14,52.4,3.13,0.65,19,88.5,0
UNIT_01888,Line_A,171.9,6.2,43.7,3.17,0.27,14,71.9,0
UNIT_01889,Line_B,197.6,4.99,51.5,3.37,1.92,17,89.1,0
UNIT_01890,Line_A,173.0,5.42,36.6,3.31,1.01,2,76.0,1
UNIT_01891,Line_A,189.1,5.31,44.3,2.73,0.22,17,97.1,0
UNIT_01892,Line_C,172.2,4.65,48.1,3.2,0.41,8,81.8,0
UNIT_01893,Line_C,174.6,5.64,44.5,3.07,1.94,4,96.6,1
UNIT_01894,Line_A,177.1,4.49,37.9,2.95,0.16,18,83.3,0
UNIT_01895,Line_C,195.4,5.8,30.7,2.56,0.99,16,83.0,1
UNIT_01896,Line_B,157.3,4.65,54.1,2.61,0.26,2,91.9,0
UNIT_01897,Line_C,164.2,4.71,46.5,2.91,0.36,13,87.3,0
UNIT_01898,Line_C,156.6,4.35,52.0,2.63,0.65,17,84.5,0
UNIT_01899,Line_B,166.9,4.45,50.6,2.91,0.93,13,81.8,1
UNIT_01900,Line_B,170.3,4.74,48.6,3.18,0.74,9,81.8,0
UNIT_01901,Line_B,160.6,3.54,43.1,2.85,0.23,0,100.0,0
UNIT_01902,Line_C,171.2,4.86,47.9,3.02,1.88,9,71.6,0
UNIT_01903,Line_A,155.8,4.7,53.6,2.73,1.1,11,75.4,0
UNIT_01904,Line_A,167.8,5.47,45.5,3.07,1.53,16,94.4,0
UNIT_01905,Line_A,194.4,5.25,56.4,3.13,0.62,4,93.8,0
UNIT_01906,Line_A,184.8,4.58,36.0,2.64,1.15,4,77.6,1
UNIT_01907,Line_A,182.2,4.72,35.4,2.81,1.54,18,71.0,0
UNIT_01908,Line_A,168.0,4.86,50.9,2.68,0.87,16,95.2,0
UNIT_01909,Line_C,161.6,5.89,40.1,3.13,0.85,11,76.6,1
UNIT_01910,Line_A,166.3,4.51,57.3,3.04,0.98,8,81.1,0
UNIT_01911,Line_C,179.5,4.57,53.0,2.99,0.97,12,85.8,0
UNIT_01912,Line_A,190.4,4.32,54.5,2.97,0.88,3,76.4,1
UNIT_01913,Line_C,190.8,4.11,50.3,3.08,1.26,4,92.4,0
UNIT_01914,Line_A,187.6,5.18,39.5,3.09,0.61,10,85.2,0
UNIT_01915,Line_B,171.1,5.12,35.0,2.88,1.79,8,77.9,0
UNIT_01916,Line_A,180.3,5.77,54.0,2.84,0.08,3,78.6,0
UNIT_01917,Line_B,176.1,5.62,36.0,2.99,1.13,10,95.4,0
UNIT_01918,Line_B,177.6,6.44,54.5,2.95,1.72,13,82.8,1
UNIT_01919,Line_B,204.4,4.96,49.0,3.52,0.41,16,89.9,0
UNIT_01920,Line_B,158.9,4.84,44.5,2.9,0.5,12,84.9,0
UNIT_01921,Line_B,177.2,4.22,47.7,3.07,1.82,12,71.0,0
UNIT_01922,Line_C,194.5,5.42,47.8,3.12,1.13,11,91.0,0
UNIT_01923,Line_B,162.4,5.07,43.8,3.35,1.19,2,93.6,0
UNIT_01924,Line_B,172.3,5.39,53.6,2.8,0.59,7,99.7,0
UNIT_01925,Line_A,173.7,4.32,53.3,3.33,0.55,9,69.8,1
UNIT_01926,Line_B,177.3,5.21,45.9,2.96,0.59,10,59.7,0
UNIT_01927,Line_A,160.8,5.12,41.4,3.63,0.54,5,90.1,0
UNIT_01928,Line_A,187.1,5.08,52.8,3.09,0.6,14,80.2,0
UNIT_01929,Line_C,188.0,4.59,32.9,2.69,1.04,10,73.6,0
UNIT_01930,Line_A,186.1,5.71,47.7,2.95,0.52,6,85.9,0
UNIT_01931,Line_B,169.6,6.23,49.4,3.33,0.26,9,81.4,1
UNIT_01932,Line_C,181.0,4.33,40.0,3.02,1.66,14,74.8,0
UNIT_01933,Line_C,169.2,5.43,50.8,2.99,0.4,0,84.3,0
UNIT_01934,Line_A,176.0,3.27,44.8,3.18,0.5,6,89.5,0
UNIT_01935,Line_A,205.8,5.4,41.7,2.91,0.18,4,86.4,1
UNIT_01936,Line_B,181.1,3.88,50.8,2.95,0.85,6,86.5,0
UNIT_01937,Line_B,165.7,4.69,38.5,2.76,0.39,13,88.5,0
UNIT_01938,Line_C,182.2,4.21,50.2,3.43,0.25,4,71.5,0
UNIT_01939,Line_A,163.8,4.87,33.1,2.69,1.34,10,84.6,0
UNIT_01940,Line_A,165.6,5.5,46.7,3.04,2.17,7,86.9,0
UNIT_01941,Line_A,167.5,3.89,45.3,3.12,0.44,1,82.0,0
UNIT_01942,Line_C,174.7,4.78,41.8,3.0,1.14,17,78.4,0
UNIT_01943,Line_A,191.2,4.69,47.3,2.69,0.9,11,79.0,0
UNIT_01944,Line_B,186.9,5.95,44.5,2.75,0.79,5,82.7,0
UNIT_01945,Line_A,186.3,5.26,51.3,3.13,0.24,10,92.3,0
UNIT_01946,Line_A,166.8,4.29,48.4,2.81,0.84,19,97.2,1
UNIT_01947,Line_C,173.5,4.72,47.7,2.48,1.17,3,95.6,0
UNIT_01948,Line_A,183.3,5.93,46.8,3.1,2.57,17,72.5,0
UNIT_01949,Line_A,172.5,5.43,42.2,2.78,0.09,0,77.5,0
UNIT_01950,Line_C,176.7,4.45,43.2,3.16,1.13,17,90.3,0
UNIT_01951,Line_B,185.3,4.84,46.5,2.95,0.78,6,95.4,0
UNIT_01952,Line_A,175.8,4.86,44.0,2.94,0.6,5,77.3,0
UNIT_01953,Line_B,182.7,4.68,51.7,3.01,1.67,15,86.5,0
UNIT_01954,Line_C,199.1,3.97,45.6,2.72,0.44,3,75.9,1
UNIT_01955,Line_B,177.9,4.59,47.3,2.79,2.14,2,87.2,0
UNIT_01956,Line_B,194.2,5.83,36.6,2.94,0.08,9,79.9,0
UNIT_01957,Line_B,186.7,4.77,50.7,2.71,0.53,18,86.5,0
UNIT_01958,Line_B,162.4,4.94,41.5,3.18,1.36,6,75.3,1
UNIT_01959,Line_A,166.8,5.08,38.7,2.92,0.82,10,71.9,0
UNIT_01960,Line_C,170.0,6.33,54.9,2.64,0.39,7,100.0,1
UNIT_01961,Line_C,169.7,5.01,49.2,2.86,0.46,15,85.6,0
UNIT_01962,Line_A,178.9,5.66,50.9,3.03,1.0,17,100.0,0
UNIT_01963,Line_C,187.4,4.64,47.7,2.89,0.35,19,97.1,0
UNIT_01964,Line_C,195.1,4.84,44.4,3.1,1.85,5,71.9,0
UNIT_01965,Line_C,183.7,5.01,43.3,3.14,0.66,5,87.9,0
UNIT_01966,Line_B,174.7,4.54,49.7,3.6,0.62,18,74.6,0
UNIT_01967,Line_B,155.0,4.88,51.8,3.29,0.92,11,82.6,1
UNIT_01968,Line_C,180.8,5.53,44.6,2.59,0.18,6,69.9,1
UNIT_01969,Line_A,180.3,4.52,57.4,2.91,0.82,6,,0
UNIT_01970,Line_C,182.2,5.0,43.8,2.93,2.83,3,78.2,0
UNIT_01971,Line_C,205.3,5.43,36.6,3.14,0.65,1,80.6,0
UNIT_01972,Line_C,194.9,4.51,34.7,2.77,0.8,6,85.3,1
UNIT_01973,Line_B,189.4,5.66,34.9,2.87,1.23,15,76.7,1
UNIT_01974,Line_B,168.5,5.04,42.5,2.69,1.81,13,86.2,0
UNIT_01975,Line_A,173.8,4.9,43.6,2.85,0.81,0,94.1,0
UNIT_01976,Line_C,178.9,3.8,49.1,2.86,0.59,0,87.2,0
UNIT_01977,Line_B,170.7,4.78,44.8,2.92,1.33,17,84.5,0
UNIT_01978,Line_A,186.0,5.22,50.1,2.7,0.34,15,87.7,0
UNIT_01979,Line_C,184.3,6.05,45.3,3.25,1.78,15,73.5,1
UNIT_01980,Line_B,166.9,5.34,45.1,3.12,1.45,17,92.6,0
UNIT_01981,Line_B,194.4,5.68,41.5,2.64,1.3,12,75.4,1
UNIT_01982,Line_A,181.2,4.27,53.5,3.01,0.95,6,97.4,0
UNIT_01983,Line_C,159.3,4.92,35.8,2.61,1.11,11,91.2,0
UNIT_01984,Line_B,179.4,5.73,46.8,3.34,1.11,12,89.5,0
UNIT_01985,Line_C,183.4,4.47,43.9,3.4,0.88,16,89.8,0
UNIT_01986,Line_C,191.7,5.58,49.7,2.99,0.44,10,85.0,0
UNIT_01987,Line_A,176.0,5.44,44.9,2.79,1.14,1,78.7,0
UNIT_01988,Line_A,189.9,5.16,45.1,2.83,0.23,12,77.5,0
UNIT_01989,Line_C,182.2,4.8,43.4,2.89,0.28,14,99.0,0
UNIT_01990,Line_B,164.2,4.41,53.4,2.97,1.85,18,85.8,0
UNIT_01991,Line_B,163.0,6.07,45.0,3.34,0.27,3,76.1,1
UNIT_01992,Line_A,193.5,5.38,56.8,3.24,1.57,17,89.1,0
UNIT_01993,Line_B,194.4,5.2,46.6,3.24,0.26,0,87.7,0
UNIT_01994,Line_C,183.9,4.75,45.1,3.04,0.62,14,82.4,0
UNIT_01995,Line_A,197.9,5.02,44.1,2.71,0.67,6,77.8,0
UNIT_01996,Line_B,192.7,5.1,48.4,2.81,0.17,2,90.9,0
UNIT_01997,Line_C,188.2,5.24,41.5,3.02,1.04,6,92.6,0
UNIT_01998,Line_A,169.1,5.44,45.9,2.7,0.2,11,87.6,0
UNIT_01999,Line_A,200.8,4.53,45.0,3.08,0.21,3,85.6,1
UNIT_02000,Line_C,186.4,4.12,47.0,3.2,0.19,11,,1
UNIT_02001,Line_A,175.4,5.05,47.1,3.14,0.07,14,88.8,1
UNIT_02002,Line_B,172.0,3.95,47.4,3.13,1.28,17,79.9,0
UNIT_02003,Line_B,183.1,4.81,45.6,2.53,0.45,11,74.8,0
UNIT_02004,Line_C,159.9,4.69,54.4,3.33,0.55,12,94.0,1
UNIT_02005,Line_A,188.4,5.3,47.5,2.61,0.62,18,76.8,0
UNIT_02006,Line_B,168.6,6.19,60.6,2.96,0.47,0,,0
UNIT_02007,Line_A,184.4,3.83,45.3,3.15,0.25,15,95.5,0
UNIT_02008,Line_C,173.7,6.36,50.8,3.09,0.43,19,71.0,1
UNIT_02009,Line_B,176.8,4.86,40.6,2.68,0.61,16,81.9,0
UNIT_02010,Line_B,170.9,5.21,53.4,2.73,0.24,18,76.2,0
UNIT_02011,Line_B,178.1,4.15,40.8,3.07,0.44,18,79.2,0
UNIT_02012,Line_A,202.7,5.6,47.7,3.13,1.41,11,100.0,0
UNIT_02013,Line_C,196.6,5.02,43.4,2.72,0.43,16,84.2,0
UNIT_02014,Line_B,184.3,4.96,47.7,3.1,0.92,7,87.9,0
UNIT_02015,Line_A,179.7,3.84,43.6,2.62,1.02,2,91.3,0
UNIT_02016,Line_B,190.1,5.04,40.3,3.16,0.12,1,79.8,0
UNIT_02017,Line_C,193.6,5.51,43.4,2.78,1.04,3,93.6,0
UNIT_02018,Line_C,170.0,4.86,54.2,3.02,1.29,14,88.0,0
UNIT_02019,Line_B,179.1,5.7,47.8,2.98,0.95,8,91.0,0
UNIT_02020,Line_A,158.1,5.68,37.3,3.29,0.51,16,79.2,0
UNIT_02021,Line_B,193.5,4.62,51.6,3.06,0.19,6,88.6,0
UNIT_02022,Line_B,204.8,5.96,39.7,2.85,0.99,15,84.9,1
UNIT_02023,Line_B,181.0,5.03,49.5,3.09,0.45,17,94.0,0
UNIT_02024,Line_A,154.5,5.03,48.3,3.54,0.57,6,80.7,1
UNIT_02025,Line_B,187.3,5.06,48.7,3.19,0.33,10,100.0,0
UNIT_02026,Line_B,169.2,5.04,56.1,2.99,0.62,10,87.7,0
UNIT_02027,Line_C,172.0,3.42,40.0,2.79,0.59,17,84.0,1
UNIT_02028,Line_B,187.5,4.89,48.7,2.85,0.27,7,83.1,0
UNIT_02029,Line_B,183.1,4.18,52.6,3.17,0.89,7,84.9,0
UNIT_02030,Line_B,174.1,5.98,41.1,2.78,1.84,15,80.0,1
UNIT_02031,Line_A,172.2,5.95,40.5,3.0,1.36,18,90.3,0
UNIT_02032,Line_A,181.5,5.51,43.3,3.36,1.95,0,84.9,0
UNIT_02033,Line_C,175.1,4.86,46.9,3.04,0.43,1,100.0,0
UNIT_02034,Line_C,166.7,4.4,36.5,2.73,0.3,18,81.5,0
UNIT_02035,Line_C,176.0,4.61,48.3,3.54,0.1,8,84.0,0
UNIT_02036,Line_B,184.1,6.17,36.5,3.44,0.53,11,81.5,1
UNIT_02037,Line_A,177.9,4.58,52.8,3.13,0.58,18,100.0,0
UNIT_02038,Line_C,163.0,3.59,48.1,3.32,0.69,7,73.4,1
UNIT_02039,Line_B,191.9,5.62,56.5,2.93,0.25,8,85.7,1
UNIT_02040,Line_A,147.1,5.9,49.0,3.18,0.78,16,87.5,1
UNIT_02041,Line_C,174.6,6.0,43.2,2.89,0.65,14,76.0,0
UNIT_02042,Line_C,172.6,5.62,40.2,2.66,0.79,13,100.0,1
UNIT_02043,Line_C,181.8,5.72,46.4,3.65,0.92,7,77.6,1
UNIT_02044,Line_A,186.7,5.03,44.8,2.65,0.71,14,85.3,0
UNIT_02045,Line_C,193.5,3.75,52.1,3.07,1.33,16,98.5,0
UNIT_02046,Line_B,171.5,5.02,39.4,3.07,0.88,18,82.0,0
UNIT_02047,Line_B,187.0,5.37,57.1,3.13,0.67,12,86.1,0
UNIT_02048,Line_C,182.3,4.92,52.6,2.98,0.37,17,82.2,0
UNIT_02049,Line_B,159.5,4.89,43.8,2.98,0.54,16,84.6,0
UNIT_02050,Line_A,202.8,4.42,55.8,3.03,0.18,14,93.7,0
UNIT_02051,Line_A,162.7,4.4,40.3,3.12,1.15,10,81.6,1
UNIT_02052,Line_B,185.0,6.1,46.2,3.0,0.37,8,,0
UNIT_02053,Line_C,184.7,6.12,37.3,2.98,0.29,12,84.7,1
UNIT_02054,Line_C,183.3,5.0,56.1,2.67,0.21,17,85.5,0
UNIT_02055,Line_B,174.1,5.17,35.1,3.5,0.35,10,86.6,0
UNIT_02056,Line_C,189.9,4.41,36.4,3.13,0.44,13,83.5,0
UNIT_02057,Line_C,161.3,5.39,41.2,3.05,1.52,11,78.1,1
UNIT_02058,Line_B,179.2,6.06,52.9,2.84,0.37,12,83.0,0
UNIT_02059,Line_B,173.2,4.08,50.7,2.75,1.75,13,99.1,1
UNIT_02060,Line_C,171.9,5.28,45.7,3.21,1.53,1,84.7,1
UNIT_02061,Line_B,185.1,5.32,51.1,2.96,1.49,2,90.2,0
UNIT_02062,Line_A,192.9,5.32,44.3,3.16,1.0,0,76.7,0
UNIT_02063,Line_C,175.9,5.99,47.5,2.66,0.14,15,82.7,0
UNIT_02064,Line_B,189.4,6.22,54.9,3.39,1.38,17,77.0,0
UNIT_02065,Line_B,180.6,4.86,43.5,3.23,0.16,7,95.3,0
UNIT_02066,Line_C,169.3,5.4,40.4,2.98,0.27,1,72.6,0
UNIT_02067,Line_C,176.9,5.05,47.8,3.12,0.44,0,88.0,0
UNIT_02068,Line_A,176.4,4.62,49.4,3.19,0.38,8,87.7,0
UNIT_02069,Line_B,171.6,5.16,45.7,2.67,1.2,12,87.2,0
UNIT_02070,Line_A,185.1,5.4,51.0,3.42,1.09,6,66.2,1
UNIT_02071,Line_B,182.8,5.13,43.8,3.12,0.6,12,68.8,0
UNIT_02072,Line_B,160.9,4.47,45.8,2.82,0.99,3,85.9,0
UNIT_02073,Line_B,160.2,4.72,47.2,2.73,0.73,14,77.6,0
UNIT_02074,Line_C,185.1,4.73,46.7,3.25,0.65,6,79.9,1
UNIT_02075,Line_B,170.2,4.49,54.7,3.05,0.48,19,81.6,0
UNIT_02076,Line_B,183.6,5.19,47.2,3.12,0.33,15,76.6,0
UNIT_02077,Line_B,189.4,5.25,43.2,3.01,0.03,9,75.2,0
UNIT_02078,Line_A,164.7,5.59,48.2,2.75,1.17,18,85.0,1
UNIT_02079,Line_A,163.1,4.49,51.1,3.13,0.36,19,69.8,0
UNIT_02080,Line_C,200.1,4.65,49.6,2.95,0.39,3,81.0,0
UNIT_02081,Line_A,184.2,5.93,49.3,2.99,0.34,11,79.7,0
UNIT_02082,Line_A,175.0,4.9,36.0,3.59,0.8,13,84.8,1
UNIT_02083,Line_C,168.8,5.02,30.0,3.22,0.94,7,100.0,0
UNIT_02084,Line_A,173.9,4.89,52.7,3.23,0.4,19,77.1,0
UNIT_02085,Line_B,165.7,5.68,47.6,3.68,0.66,13,88.3,0
UNIT_02086,Line_C,190.6,5.7,44.9,3.1,0.43,15,86.8,0
UNIT_02087,Line_B,170.7,5.67,49.2,3.03,1.18,3,89.5,0
UNIT_02088,Line_A,193.1,5.02,56.6,2.83,0.85,18,83.3,0
UNIT_02089,Line_A,175.2,4.48,53.5,2.89,0.08,19,96.5,0
UNIT_02090,Line_C,167.5,6.16,50.8,2.49,0.91,18,90.5,1
UNIT_02091,Line_A,174.9,5.51,39.7,3.2,0.7,8,90.6,0
UNIT_02092,Line_C,148.5,4.73,40.5,2.68,0.31,18,73.7,0
UNIT_02093,Line_A,178.6,5.85,30.7,3.23,0.28,0,85.8,0
UNIT_02094,Line_A,178.0,4.68,48.8,2.99,1.08,4,80.9,0
UNIT_02095,Line_C,189.9,5.85,51.7,3.03,1.13,13,78.1,0
UNIT_02096,Line_C,157.4,5.89,52.1,2.99,0.73,15,80.0,0
UNIT_02097,Line_C,193.9,4.45,49.1,3.35,0.41,2,84.6,1
UNIT_02098,Line_C,189.8,5.35,44.1,3.3,0.32,5,88.7,0
UNIT_02099,Line_A,195.0,5.47,41.6,2.99,0.33,1,92.9,0
UNIT_02100,Line_C,179.4,6.57,40.0,2.78,0.49,2,92.5,1
UNIT_02101,Line_C,192.2,4.55,44.0,3.23,1.31,0,87.3,0
UNIT_02102,Line_A,162.3,5.86,39.1,2.76,0.12,19,85.4,0
UNIT_02103,Line_A,188.6,5.01,55.5,2.61,0.65,17,82.4,0
UNIT_02104,Line_C,170.7,4.26,37.2,3.12,0.49,12,83.0,0
UNIT_02105,Line_A,160.2,4.93,43.8,3.3,0.86,0,78.8,0
UNIT_02106,Line_C,166.5,5.0,33.4,2.9,0.26,14,81.6,0
UNIT_02107,Line_A,180.1,4.36,46.8,3.1,0.54,10,87.8,0
UNIT_02108,Line_A,170.1,5.19,45.0,2.9,1.12,15,97.3,0
UNIT_02109,Line_A,184.5,5.57,42.9,3.18,0.74,9,83.8,0
UNIT_02110,Line_A,158.3,5.14,39.4,3.27,0.44,0,78.5,0
UNIT_02111,Line_C,154.5,4.67,45.0,2.93,0.31,18,92.8,0
UNIT_02112,Line_C,196.5,4.91,41.7,2.74,1.53,17,69.0,0
UNIT_02113,Line_C,190.8,5.0,44.2,2.64,0.19,18,93.3,0
UNIT_02114,Line_C,167.4,5.13,56.7,3.23,1.67,13,73.5,0
UNIT_02115,Line_A,180.0,5.67,46.0,2.72,0.72,18,90.3,0
UNIT_02116,Line_C,192.2,5.16,48.2,3.09,0.58,1,81.2,0
UNIT_02117,Line_B,185.0,4.16,42.2,3.19,1.3,8,87.6,1
UNIT_02118,Line_B,181.8,4.66,40.3,2.87,1.34,6,100.0,0
UNIT_02119,Line_C,193.1,5.1,44.9,2.96,0.68,9,78.3,1
UNIT_02120,Line_C,171.2,5.67,60.0,3.25,0.88,0,77.0,1
UNIT_02121,Line_C,180.4,5.78,43.3,2.8,0.23,16,85.6,0
UNIT_02122,Line_B,179.8,6.06,47.2,2.77,0.54,5,97.2,0
UNIT_02123,Line_B,176.7,5.08,40.0,2.94,0.37,2,86.4,0
UNIT_02124,Line_C,175.3,5.46,28.5,3.32,1.55,3,85.4,1
UNIT_02125,Line_A,180.9,4.13,40.3,3.4,1.45,2,86.4,1
UNIT_02126,Line_A,180.4,5.26,59.3,2.98,0.24,13,77.0,0
UNIT_02127,Line_B,167.4,4.35,48.6,2.82,0.22,18,86.4,0
UNIT_02128,Line_A,189.6,4.96,54.8,3.27,0.57,1,81.9,0
UNIT_02129,Line_A,168.3,6.82,42.9,2.58,1.71,0,95.6,1
UNIT_02130,Line_C,177.4,5.18,30.9,3.06,0.46,17,91.4,0
UNIT_02131,Line_C,176.5,4.48,38.3,2.99,2.52,7,74.4,1
UNIT_02132,Line_B,184.3,5.24,47.4,3.32,0.19,2,82.7,0
UNIT_02133,Line_B,154.6,4.69,46.4,3.35,0.36,3,89.2,0
UNIT_02134,Line_B,190.7,4.42,44.9,2.76,0.23,13,77.1,1
UNIT_02135,Line_C,171.9,6.26,41.8,3.04,0.69,1,76.4,1
UNIT_02136,Line_B,194.6,5.64,50.6,2.86,0.45,8,81.3,0
UNIT_02137,Line_A,174.3,5.21,42.0,2.93,1.61,19,87.8,0
UNIT_02138,Line_B,179.4,4.76,46.8,3.15,0.42,8,93.3,0
UNIT_02139,Line_B,203.0,4.81,46.2,2.92,1.15,3,86.9,0
UNIT_02140,Line_C,176.7,5.93,42.8,3.05,0.24,15,100.0,0
UNIT_02141,Line_C,194.9,5.18,39.7,3.24,0.52,8,79.6,0
UNIT_02142,Line_C,180.5,3.15,42.4,3.38,0.1,7,90.9,1
UNIT_02143,Line_B,185.0,6.45,56.2,3.07,1.73,5,76.1,1
UNIT_02144,Line_B,180.8,5.11,51.7,3.03,0.56,15,97.9,0
UNIT_02145,Line_B,190.2,5.21,51.1,2.72,1.14,9,95.9,0
UNIT_02146,Line_A,171.8,5.65,40.3,3.4,0.14,9,90.7,1
UNIT_02147,Line_C,168.2,5.28,36.4,3.12,0.18,15,71.1,0
UNIT_02148,Line_C,172.3,5.45,51.6,3.03,0.25,7,90.6,0
UNIT_02149,Line_C,181.2,4.75,50.4,3.02,0.38,13,78.4,0
UNIT_02150,Line_A,177.4,4.26,45.8,3.09,1.32,3,88.6,1
UNIT_02151,Line_A,188.5,5.17,42.8,3.19,0.43,11,73.4,1
UNIT_02152,Line_C,195.7,5.86,36.2,3.22,0.92,8,87.2,0
UNIT_02153,Line_B,168.3,4.61,50.2,3.4,2.01,10,82.2,0
UNIT_02154,Line_C,171.2,4.56,52.1,3.06,0.5,7,78.8,0
UNIT_02155,Line_B,162.8,5.73,40.9,3.44,0.16,2,89.7,1
UNIT_02156,Line_B,204.4,4.73,40.4,3.26,0.25,18,84.6,0
UNIT_02157,Line_B,183.7,4.75,52.4,2.98,0.98,8,83.4,0
UNIT_02158,Line_C,185.8,4.78,41.1,2.58,0.37,14,90.9,0
UNIT_02159,Line_B,163.9,4.96,55.7,3.02,0.14,18,100.0,0
UNIT_02160,Line_C,180.0,4.06,44.3,3.39,3.2,8,87.2,1
UNIT_02161,Line_A,186.1,4.68,42.7,2.81,1.4,16,,0
UNIT_02162,Line_B,177.0,5.14,45.3,3.02,0.3,8,72.5,0
UNIT_02163,Line_C,192.9,5.13,42.7,3.04,2.4,1,85.6,1
UNIT_02164,Line_C,207.7,5.69,51.8,3.24,2.79,17,93.2,1
UNIT_02165,Line_C,168.6,6.1,50.3,2.9,2.09,16,86.1,1
UNIT_02166,Line_A,167.7,5.91,51.5,2.78,0.51,11,89.1,0
UNIT_02167,Line_C,169.5,5.55,46.1,3.14,0.61,16,84.5,0
UNIT_02168,Line_C,199.3,4.91,42.3,2.81,0.95,13,92.7,0
UNIT_02169,Line_C,192.5,4.63,44.9,2.54,0.33,16,89.9,0
UNIT_02170,Line_A,178.4,5.01,42.4,3.46,1.32,1,76.8,0
UNIT_02171,Line_C,180.4,5.35,53.8,3.23,0.82,16,88.6,0
UNIT_02172,Line_C,170.2,5.49,51.0,3.47,1.29,4,72.7,1
UNIT_02173,Line_C,190.7,5.37,44.5,3.22,0.44,19,88.6,0
UNIT_02174,Line_A,175.4,4.93,39.4,3.17,0.77,19,82.7,0
UNIT_02175,Line_C,176.9,5.47,54.2,3.09,0.21,1,86.3,0
UNIT_02176,Line_A,187.3,5.76,45.8,2.95,0.4,13,87.6,0
UNIT_02177,Line_B,177.7,5.53,44.2,3.13,0.47,7,87.3,0
UNIT_02178,Line_B,177.2,4.98,54.3,2.86,0.98,5,96.3,0
UNIT_02179,Line_B,180.1,4.5,41.9,2.73,1.23,19,85.3,1
UNIT_02180,Line_C,189.5,4.49,43.1,2.92,0.24,8,86.5,0
UNIT_02181,Line_A,199.8,4.59,43.6,3.32,1.53,11,95.6,1
UNIT_02182,Line_B,187.0,5.15,37.1,2.69,0.89,6,100.0,0
UNIT_02183,Line_B,189.6,5.31,46.9,2.7,1.04,13,84.9,0
UNIT_02184,Line_B,177.6,4.15,40.4,3.15,1.23,5,80.9,1
UNIT_02185,Line_A,171.5,4.7,41.6,2.9,0.29,7,81.3,0
UNIT_02186,Line_A,187.8,5.15,40.8,3.12,1.51,14,88.6,0
UNIT_02187,Line_A,182.1,4.46,41.5,3.25,0.38,4,83.4,0
UNIT_02188,Line_B,162.9,5.26,40.0,3.12,0.59,15,71.0,0
UNIT_02189,Line_B,176.1,4.82,46.5,2.84,0.51,19,94.0,0
UNIT_02190,Line_B,179.0,4.57,44.1,3.32,2.4,14,91.5,0
UNIT_02191,Line_B,173.9,5.03,45.3,3.19,0.3,7,94.2,0
UNIT_02192,Line_A,197.8,5.24,59.1,3.01,2.1,3,95.8,1
UNIT_02193,Line_A,185.8,4.49,44.1,2.99,1.74,11,86.5,1
UNIT_02194,Line_B,196.5,4.85,48.6,3.09,0.19,8,87.1,0
UNIT_02195,Line_C,183.2,5.28,49.3,2.92,0.37,4,93.1,0
UNIT_02196,Line_A,181.0,4.54,44.6,2.59,0.37,7,75.3,0
UNIT_02197,Line_C,168.8,4.01,46.6,3.19,1.06,19,82.2,1
UNIT_02198,Line_B,180.1,4.08,45.1,3.17,1.52,3,84.5,0
UNIT_02199,Line_A,180.2,4.75,46.2,2.42,0.37,5,92.4,0
UNIT_02200,Line_B,163.6,4.21,41.5,3.13,0.15,6,80.7,0
UNIT_02201,Line_A,173.5,4.79,42.0,3.44,1.06,18,79.3,0
UNIT_02202,Line_A,176.1,6.0,45.1,2.72,0.7,7,81.6,0
UNIT_02203,Line_B,185.0,4.17,33.2,2.98,0.19,5,88.8,0
UNIT_02204,Line_B,185.5,4.83,54.0,2.95,0.95,5,84.5,0
UNIT_02205,Line_C,173.0,6.28,58.0,3.42,0.66,18,73.4,1
UNIT_02206,Line_A,185.6,5.24,46.0,3.28,0.24,7,75.0,0
UNIT_02207,Line_C,177.8,4.78,49.0,2.78,0.43,7,86.1,0
UNIT_02208,Line_A,145.6,4.91,51.5,3.09,2.01,7,86.4,0
UNIT_02209,Line_A,174.2,5.26,37.1,3.58,0.03,17,85.2,0
UNIT_02210,Line_C,192.9,6.02,50.6,2.84,0.27,14,81.2,1
UNIT_02211,Line_C,159.8,4.68,42.4,3.0,0.17,11,91.3,0
UNIT_02212,Line_B,181.4,4.55,58.7,3.13,0.53,4,88.0,0
UNIT_02213,Line_A,199.0,4.17,43.9,2.85,0.75,2,87.7,1
UNIT_02214,Line_A,170.9,5.06,50.4,3.44,0.6,1,88.0,0
UNIT_02215,Line_B,180.0,4.16,43.9,2.88,0.66,5,97.8,0
UNIT_02216,Line_B,164.4,4.72,58.2,2.65,0.79,15,76.8,1
UNIT_02217,Line_C,199.5,4.45,41.9,2.87,0.42,15,81.6,1
UNIT_02218,Line_A,179.0,5.64,52.0,3.16,2.9,15,82.3,1
UNIT_02219,Line_A,180.6,4.69,48.8,2.8,0.7,13,95.1,0
UNIT_02220,Line_C,196.3,5.24,47.4,3.08,0.2,10,82.0,0
UNIT_02221,Line_A,187.9,4.04,46.4,3.14,0.61,7,78.7,1
UNIT_02222,Line_A,169.5,5.08,41.0,2.7,1.06,14,84.2,0
UNIT_02223,Line_B,172.2,4.28,29.5,2.86,1.17,3,85.8,0
UNIT_02224,Line_B,185.9,4.74,51.4,3.09,0.95,1,94.6,0
UNIT_02225,Line_B,172.5,6.33,42.1,3.18,0.73,16,82.0,1
UNIT_02226,Line_C,154.6,5.56,52.0,2.87,0.29,9,79.5,0
UNIT_02227,Line_C,179.4,4.92,47.1,3.04,0.85,12,77.7,0
UNIT_02228,Line_A,162.2,6.92,52.2,2.93,0.6,19,82.2,1
UNIT_02229,Line_C,199.4,4.45,49.8,3.18,0.36,13,100.0,0
UNIT_02230,Line_B,182.1,5.7,30.2,3.13,0.7,15,88.1,0
UNIT_02231,Line_A,169.1,4.08,48.7,2.91,1.22,9,89.8,0
UNIT_02232,Line_C,171.6,4.85,42.9,3.12,0.15,6,85.0,0
UNIT_02233,Line_A,157.3,4.19,52.0,2.9,0.28,7,86.1,0
UNIT_02234,Line_B,166.8,5.15,48.5,3.11,1.11,18,91.3,0
UNIT_02235,Line_C,192.2,5.03,48.6,3.12,0.23,7,89.5,0
UNIT_02236,Line_A,206.8,4.82,43.4,3.59,1.46,18,87.8,1
UNIT_02237,Line_A,188.7,5.66,39.5,2.92,0.54,0,85.1,0
UNIT_02238,Line_B,178.9,4.66,42.4,2.96,0.94,5,82.2,0
UNIT_02239,Line_C,174.8,5.2,34.2,2.84,1.07,18,88.4,0
UNIT_02240,Line_A,168.5,5.49,41.5,2.74,0.63,11,85.7,0
UNIT_02241,Line_B,204.7,4.11,36.2,2.89,1.54,7,100.0,1
UNIT_02242,Line_B,177.7,4.55,36.4,3.17,0.72,3,93.4,1
UNIT_02243,Line_A,205.4,5.03,45.7,3.18,0.77,9,79.6,0
UNIT_02244,Line_C,196.7,5.38,48.2,3.07,0.19,19,75.6,0
UNIT_02245,Line_C,159.1,5.85,44.8,2.93,2.05,7,81.8,0
UNIT_02246,Line_B,172.0,4.87,42.0,2.88,1.22,9,76.3,0
UNIT_02247,Line_A,172.0,4.81,39.3,2.77,0.26,7,81.3,0
UNIT_02248,Line_A,179.0,4.48,43.1,2.86,0.19,17,77.2,0
UNIT_02249,Line_B,179.3,5.2,40.1,2.68,0.47,13,82.4,0
UNIT_02250,Line_B,216.0,4.82,44.6,3.34,0.53,12,82.5,1
UNIT_02251,Line_B,167.1,4.84,35.9,3.46,0.67,13,86.2,1
UNIT_02252,Line_A,182.7,4.94,49.2,2.52,1.48,8,83.3,0
UNIT_02253,Line_B,187.4,5.33,41.6,3.07,1.53,16,77.8,0
UNIT_02254,Line_A,180.0,4.66,47.3,3.07,1.2,12,94.7,0
UNIT_02255,Line_C,181.3,4.54,50.3,3.05,0.09,1,88.2,0
UNIT_02256,Line_C,167.5,5.26,47.0,2.85,1.86,7,80.6,0
UNIT_02257,Line_B,181.3,3.18,49.8,3.26,1.32,17,77.9,1
UNIT_02258,Line_A,186.1,4.64,32.6,3.1,1.0,5,73.3,0
UNIT_02259,Line_C,183.9,4.31,42.0,3.26,0.55,19,72.7,0
UNIT_02260,Line_A,186.8,5.72,51.6,2.82,0.94,16,93.4,1
UNIT_02261,Line_C,197.0,4.74,48.1,2.65,0.16,19,92.5,0
UNIT_02262,Line_A,191.2,4.66,56.1,3.11,0.92,15,80.3,0
UNIT_02263,Line_B,180.9,4.97,55.2,2.76,1.27,2,95.9,1
UNIT_02264,Line_A,165.9,4.64,46.8,3.26,0.82,3,89.9,0
UNIT_02265,Line_A,172.8,4.76,43.5,2.47,0.54,9,86.6,0
UNIT_02266,Line_C,177.4,5.06,39.2,2.88,1.57,7,91.9,0
UNIT_02267,Line_C,183.0,4.75,42.1,2.85,2.66,18,89.9,0
UNIT_02268,Line_A,174.3,4.74,42.6,2.92,0.99,16,86.2,0
UNIT_02269,Line_C,168.8,4.39,41.4,3.07,1.26,15,83.1,0
UNIT_02270,Line_A,165.7,4.31,39.5,3.1,0.64,18,84.1,1
UNIT_02271,Line_A,160.2,5.04,47.4,3.16,0.47,1,72.1,0
UNIT_02272,Line_A,177.2,5.18,55.2,3.19,1.33,14,78.6,1
UNIT_02273,Line_B,162.4,4.14,50.6,2.96,2.25,17,99.4,0
UNIT_02274,Line_A,168.0,5.46,43.1,3.53,0.38,19,78.4,0
UNIT_02275,Line_B,175.3,5.46,51.1,3.35,0.27,16,70.2,0
UNIT_02276,Line_A,164.0,5.58,47.1,2.92,0.43,16,92.2,0
UNIT_02277,Line_A,184.6,5.18,44.8,2.97,0.36,15,87.0,0
UNIT_02278,Line_B,188.9,5.38,44.4,2.92,1.65,2,87.4,0
UNIT_02279,Line_C,173.4,6.31,43.8,3.09,1.52,8,83.7,1
UNIT_02280,Line_C,174.8,4.82,48.9,2.76,0.42,17,92.3,0
UNIT_02281,Line_B,186.4,4.37,45.8,2.8,0.79,12,97.2,0
UNIT_02282,Line_A,171.4,4.08,40.6,2.46,0.27,5,80.8,1
UNIT_02283,Line_C,170.6,6.05,40.3,2.9,0.62,14,90.1,0
UNIT_02284,Line_C,194.4,6.06,46.8,3.27,0.26,0,93.9,0
UNIT_02285,Line_C,190.6,4.45,47.6,2.96,0.55,7,80.4,0
UNIT_02286,Line_C,187.2,4.56,43.1,2.98,0.27,15,97.1,0
UNIT_02287,Line_C,191.1,4.81,38.2,3.07,1.56,15,93.9,0
UNIT_02288,Line_C,156.3,5.73,52.5,2.75,0.81,10,75.1,1
UNIT_02289,Line_B,196.2,4.23,51.2,3.01,0.9,5,97.8,0
UNIT_02290,Line_B,184.7,3.82,33.1,3.22,0.37,9,75.5,0
UNIT_02291,Line_A,192.1,6.3,53.0,3.08,0.49,3,79.5,0
UNIT_02292,Line_A,184.6,5.19,43.7,3.24,0.76,18,90.5,0
UNIT_02293,Line_C,180.6,5.27,46.1,3.32,2.24,17,93.3,0
UNIT_02294,Line_C,176.7,4.88,51.8,3.17,0.69,14,85.8,0
UNIT_02295,Line_C,184.4,5.28,54.9,2.82,1.76,6,80.0,0
UNIT_02296,Line_A,176.3,4.09,51.0,2.91,0.52,2,82.9,0
UNIT_02297,Line_B,190.4,4.5,46.4,3.48,0.72,1,82.0,1
UNIT_02298,Line_A,161.0,5.06,36.7,3.08,1.49,7,91.7,1
UNIT_02299,Line_C,173.5,3.64,32.8,3.05,1.16,16,81.8,1
UNIT_02300,Line_A,204.5,4.82,50.3,2.79,0.35,7,79.8,0
UNIT_02301,Line_A,172.5,4.78,53.1,2.98,0.92,15,73.2,1
UNIT_02302,Line_B,177.1,4.82,40.1,3.18,0.96,3,80.2,0
UNIT_02303,Line_C,169.4,4.67,43.4,3.0,1.07,16,84.1,0
UNIT_02304,Line_C,184.0,4.4,41.7,2.87,0.38,1,76.0,0
UNIT_02305,Line_A,171.2,3.91,41.5,2.93,0.23,6,71.0,0
UNIT_02306,Line_A,177.8,5.09,51.4,3.3,1.83,3,92.8,1
UNIT_02307,Line_A,190.2,4.82,46.3,3.17,2.69,12,77.0,0
UNIT_02308,Line_A,171.6,4.17,43.6,3.13,1.06,3,74.5,1
UNIT_02309,Line_B,189.5,5.04,60.9,3.11,0.5,0,97.6,0
UNIT_02310,Line_A,189.9,4.82,36.4,2.7,1.65,6,91.8,0
UNIT_02311,Line_A,192.7,4.72,48.3,3.07,0.32,0,93.2,0
UNIT_02312,Line_B,181.7,3.71,38.7,3.27,0.34,7,89.0,0
UNIT_02313,Line_A,218.9,5.41,44.1,2.93,1.92,5,95.5,1
UNIT_02314,Line_A,192.7,4.26,45.9,3.24,2.53,18,92.1,0
UNIT_02315,Line_A,183.9,5.04,50.1,3.14,0.45,10,82.2,0
UNIT_02316,Line_A,169.5,4.52,43.4,3.21,0.37,8,76.5,0
UNIT_02317,Line_B,178.8,4.77,42.8,3.01,0.71,12,74.7,0
UNIT_02318,Line_C,197.1,5.69,43.3,3.22,0.29,2,83.9,1
UNIT_02319,Line_C,200.5,5.32,38.5,2.63,0.19,2,76.2,1
UNIT_02320,Line_A,197.7,5.68,48.8,3.01,0.2,3,78.6,1
UNIT_02321,Line_A,189.4,5.2,46.7,3.18,0.9,17,83.8,0
UNIT_02322,Line_B,164.9,5.24,47.6,3.07,0.67,14,96.2,0
UNIT_02323,Line_B,185.8,3.93,44.6,3.27,1.48,19,72.9,1
UNIT_02324,Line_C,165.1,4.81,43.8,2.96,1.92,16,85.2,0
UNIT_02325,Line_C,162.2,4.87,52.1,2.86,1.03,2,75.0,0
UNIT_02326,Line_B,182.9,5.73,51.1,2.59,0.29,3,80.5,1
UNIT_02327,Line_A,186.3,4.7,53.5,2.93,0.1,16,92.4,0
UNIT_02328,Line_A,190.8,5.16,47.2,3.13,0.53,10,78.2,0
UNIT_02329,Line_A,186.0,5.14,53.1,3.19,0.48,12,82.9,0
UNIT_02330,Line_A,186.4,5.69,42.5,2.65,0.31,4,86.1,0
UNIT_02331,Line_C,168.2,4.92,43.8,3.29,1.0,10,90.6,0
UNIT_02332,Line_A,178.7,5.5,52.2,2.76,1.06,18,80.6,0
UNIT_02333,Line_C,161.9,3.98,50.1,2.97,0.88,9,95.1,1
UNIT_02334,Line_B,156.0,4.03,43.3,2.86,2.62,13,81.4,1
UNIT_02335,Line_B,188.9,3.63,38.7,3.1,0.21,14,88.9,1
UNIT_02336,Line_B,171.0,5.47,43.8,3.02,0.56,18,83.5,0
UNIT_02337,Line_C,190.5,5.4,40.9,3.17,0.7,4,90.9,0
UNIT_02338,Line_A,193.3,5.54,55.3,3.46,0.5,18,100.0,1
UNIT_02339,Line_A,172.6,4.59,49.6,3.1,0.45,12,82.8,0
UNIT_02340,Line_B,187.1,4.66,40.4,2.86,1.19,16,84.9,0
UNIT_02341,Line_B,172.1,4.93,38.7,3.12,0.38,5,81.5,0
UNIT_02342,Line_B,157.8,5.87,40.3,3.49,0.33,2,80.3,1
UNIT_02343,Line_C,181.5,6.02,41.6,3.16,1.05,1,79.4,1
UNIT_02344,Line_B,174.3,5.48,44.0,3.24,1.03,7,,0
UNIT_02345,Line_A,174.7,5.2,51.7,2.6,0.18,11,78.8,0
UNIT_02346,Line_A,203.7,5.8,39.2,3.1,1.49,5,79.0,1
UNIT_02347,Line_C,161.7,4.85,58.7,2.93,2.33,5,59.7,0
UNIT_02348,Line_A,184.6,4.77,39.3,2.83,0.13,16,96.1,0
UNIT_02349,Line_B,168.1,4.92,36.5,2.99,1.19,14,98.2,0
UNIT_02350,Line_B,190.9,4.41,55.1,3.03,0.84,12,90.2,0
UNIT_02351,Line_C,183.6,4.89,52.9,2.84,0.78,13,78.0,0
UNIT_02352,Line_C,184.6,4.33,43.9,3.05,1.56,16,74.9,1
UNIT_02353,Line_B,168.7,5.62,47.3,2.96,0.83,4,72.5,0
UNIT_02354,Line_A,170.8,5.33,47.4,3.18,0.8,18,90.1,0
UNIT_02355,Line_B,191.1,5.86,45.8,3.06,0.48,17,95.1,0
UNIT_02356,Line_B,201.2,4.02,37.2,3.09,1.61,6,86.3,1
UNIT_02357,Line_A,185.8,6.14,30.1,3.24,0.17,6,91.9,0
UNIT_02358,Line_B,169.2,4.06,39.9,3.14,1.35,3,88.6,1
UNIT_02359,Line_A,184.1,4.28,55.9,3.0,0.37,14,78.8,0
UNIT_02360,Line_B,209.1,4.63,56.1,2.48,0.67,6,93.1,1
UNIT_02361,Line_C,181.2,5.78,43.4,3.13,0.3,5,92.6,0
UNIT_02362,Line_C,197.5,5.14,39.3,2.77,0.52,13,77.1,0
UNIT_02363,Line_A,171.1,4.85,46.7,2.98,0.34,3,91.5,0
UNIT_02364,Line_C,179.5,4.52,47.6,3.09,0.57,2,83.8,0
UNIT_02365,Line_A,187.4,4.17,48.6,3.33,1.42,17,82.9,0
UNIT_02366,Line_B,184.8,5.68,29.8,3.46,0.47,0,88.1,0
UNIT_02367,Line_A,170.8,5.48,63.9,2.77,1.0,18,87.9,0
UNIT_02368,Line_A,170.3,5.81,51.8,2.67,0.43,13,92.1,0
UNIT_02369,Line_A,191.9,5.24,43.8,3.08,0.34,7,78.2,0
UNIT_02370,Line_A,194.3,3.41,40.7,3.06,0.72,11,89.5,1
UNIT_02371,Line_C,198.1,4.25,50.9,2.7,0.05,6,75.7,1
UNIT_02372,Line_A,201.6,5.28,48.0,3.0,0.45,8,83.6,0
UNIT_02373,Line_B,181.6,4.78,45.6,3.15,1.64,14,84.1,0
UNIT_02374,Line_C,176.3,4.66,47.8,2.69,0.95,18,92.8,0
UNIT_02375,Line_C,196.2,4.34,44.3,2.75,0.69,4,85.1,0
UNIT_02376,Line_C,188.6,5.57,47.4,2.84,0.64,10,82.9,0
UNIT_02377,Line_A,168.2,5.27,49.4,2.95,1.42,17,96.4,0
UNIT_02378,Line_C,167.6,5.3,47.1,3.17,0.43,0,81.6,0
UNIT_02379,Line_B,185.9,4.62,46.7,2.92,0.54,0,81.2,0
UNIT_02380,Line_A,177.9,5.11,53.4,3.01,0.06,12,70.0,0
UNIT_02381,Line_B,179.7,4.2,35.4,3.56,0.64,2,83.3,1
UNIT_02382,Line_C,192.9,4.92,40.2,2.76,0.99,19,77.5,0
UNIT_02383,Line_B,189.1,3.48,45.2,2.84,0.46,2,83.0,1
UNIT_02384,Line_A,196.0,4.06,40.6,3.17,0.9,14,86.9,0
UNIT_02385,Line_C,156.8,4.81,42.6,3.25,0.54,6,76.3,0
UNIT_02386,Line_C,183.0,6.43,52.7,3.1,0.93,18,78.4,1
UNIT_02387,Line_C,188.3,3.92,44.1,3.45,0.75,17,72.2,1
UNIT_02388,Line_C,161.7,4.25,34.0,3.08,0.37,15,80.9,0
UNIT_02389,Line_C,172.1,5.13,42.5,2.51,0.55,12,77.4,0
UNIT_02390,Line_B,169.9,6.06,45.3,3.02,0.64,4,100.0,0
UNIT_02391,Line_A,180.3,5.12,45.2,2.86,0.63,2,97.0,0
UNIT_02392,Line_B,199.5,5.42,48.3,3.35,1.94,5,95.7,1
UNIT_02393,Line_A,204.3,4.8,47.8,3.24,0.62,1,74.6,0
UNIT_02394,Line_B,170.2,4.69,44.2,2.6,1.66,15,83.6,0
UNIT_02395,Line_B,186.3,5.05,37.8,3.34,0.28,5,75.4,0
UNIT_02396,Line_C,186.7,4.61,42.4,3.23,0.9,8,99.7,0
UNIT_02397,Line_A,184.7,5.43,41.3,2.92,1.19,12,91.6,0
UNIT_02398,Line_A,184.8,4.04,43.3,2.98,0.17,14,76.6,0
UNIT_02399,Line_C,183.6,5.53,49.1,3.35,1.01,11,88.0,0
UNIT_02400,Line_A,200.3,5.02,47.4,2.51,0.08,14,73.1,0
UNIT_02401,Line_B,193.2,4.87,49.9,3.11,0.41,2,83.9,0
UNIT_02402,Line_C,167.3,4.01,42.7,3.27,0.71,5,83.6,1
UNIT_02403,Line_B,189.5,4.41,54.1,2.98,1.96,15,90.9,0
UNIT_02404,Line_B,190.7,5.72,49.0,3.16,1.02,14,92.9,1
UNIT_02405,Line_C,183.8,4.87,45.7,3.03,0.4,12,85.2,0
UNIT_02406,Line_B,193.6,5.17,48.6,2.8,1.4,18,83.2,0
UNIT_02407,Line_C,182.3,4.47,40.9,2.8,0.22,19,59.1,0
UNIT_02408,Line_B,182.4,4.98,32.3,3.18,0.11,1,97.5,0
UNIT_02409,Line_A,181.5,4.18,41.4,2.84,0.89,11,79.7,1
UNIT_02410,Line_B,155.8,5.06,49.5,2.62,0.45,18,85.8,0
UNIT_02411,Line_A,179.0,5.22,45.5,3.03,0.73,6,100.0,0
UNIT_02412,Line_C,172.0,5.19,44.2,2.87,0.22,1,75.4,0
UNIT_02413,Line_B,165.8,4.46,39.9,2.7,1.5,2,85.2,1
UNIT_02414,Line_B,197.2,4.79,33.3,3.02,1.4,14,89.0,0
UNIT_02415,Line_B,186.1,5.32,53.5,3.19,0.17,18,93.7,0
UNIT_02416,Line_B,179.6,4.87,43.8,3.01,0.28,14,85.0,0
UNIT_02417,Line_A,173.2,4.83,42.4,2.73,1.67,0,94.4,0
UNIT_02418,Line_A,183.6,6.14,41.0,3.12,0.44,8,81.7,1
UNIT_02419,Line_B,191.9,4.43,52.5,3.26,0.23,6,89.3,0
UNIT_02420,Line_A,170.1,5.65,50.3,3.55,0.79,18,88.3,1
UNIT_02421,Line_C,179.9,4.31,39.2,3.36,0.47,10,84.3,0
UNIT_02422,Line_A,190.4,5.39,52.0,2.75,0.22,4,87.6,0
UNIT_02423,Line_C,156.8,5.42,44.1,3.21,2.01,11,78.0,0
UNIT_02424,Line_B,179.3,4.69,41.3,3.06,0.11,14,82.6,0
UNIT_02425,Line_B,174.8,4.27,43.2,2.71,0.59,11,74.7,0
UNIT_02426,Line_A,178.4,3.82,40.3,3.07,1.21,8,81.5,1
UNIT_02427,Line_B,174.0,4.63,37.1,3.48,1.57,14,94.1,0
UNIT_02428,Line_C,181.7,5.32,49.7,3.3,1.03,6,88.4,0
UNIT_02429,Line_A,203.1,4.35,43.7,2.75,1.27,2,87.5,0
UNIT_02430,Line_A,176.1,5.06,48.7,3.0,1.13,17,72.2,0
UNIT_02431,Line_B,183.5,4.11,46.7,3.12,0.71,14,87.6,0
UNIT_02432,Line_A,203.9,4.86,48.3,2.57,0.33,14,84.5,0
UNIT_02433,Line_A,173.4,4.31,32.7,2.58,0.49,17,89.3,0
UNIT_02434,Line_B,201.8,4.95,39.8,3.04,0.26,14,96.1,0
UNIT_02435,Line_B,180.1,4.7,48.4,3.04,0.75,0,81.7,0
UNIT_02436,Line_B,201.4,4.29,37.4,2.54,0.33,16,82.5,1
UNIT_02437,Line_C,189.0,4.6,47.2,3.1,0.61,0,92.3,0
UNIT_02438,Line_C,183.7,4.44,36.7,3.27,0.56,13,80.2,0
UNIT_02439,Line_A,179.2,4.21,45.1,2.95,0.85,19,85.7,0
UNIT_02440,Line_B,172.5,5.65,54.7,3.01,0.61,8,69.0,0
UNIT_02441,Line_A,180.9,4.78,49.6,3.14,0.65,6,82.5,0
UNIT_02442,Line_A,190.8,3.68,33.9,3.11,0.19,18,95.4,0
UNIT_02443,Line_A,179.8,4.63,50.1,2.58,0.4,9,87.7,0
UNIT_02444,Line_B,176.2,5.55,55.9,2.77,0.01,18,92.2,0
UNIT_02445,Line_C,177.0,4.54,61.8,2.9,1.0,6,92.7,0
UNIT_02446,Line_C,191.9,5.9,47.9,2.78,0.53,3,95.8,0
UNIT_02447,Line_B,194.7,4.49,36.8,3.37,0.47,11,82.2,1
UNIT_02448,Line_C,172.0,5.3,47.6,3.16,0.77,7,92.5,0
UNIT_02449,Line_A,172.0,5.62,54.6,2.72,0.69,14,100.0,0
UNIT_02450,Line_C,184.6,5.27,43.9,2.95,0.76,5,84.8,0
UNIT_02451,Line_C,198.3,4.18,51.3,3.28,0.86,15,,1
UNIT_02452,Line_A,193.8,4.43,40.0,2.84,0.59,7,80.2,0
UNIT_02453,Line_B,165.0,5.7,47.2,3.21,0.25,7,88.7,0
UNIT_02454,Line_C,176.8,4.52,30.1,3.35,0.22,14,71.7,0
UNIT_02455,Line_B,168.8,5.59,39.3,3.3,0.38,5,78.9,1
UNIT_02456,Line_C,176.8,4.74,45.0,3.05,1.83,5,82.4,0
UNIT_02457,Line_C,199.3,5.08,42.8,3.31,0.66,10,85.9,0
UNIT_02458,Line_B,162.9,4.17,37.2,2.87,0.94,6,99.4,0
UNIT_02459,Line_A,160.6,4.64,42.0,3.62,0.49,7,90.5,1
UNIT_02460,Line_B,170.1,4.47,47.0,3.06,0.56,6,76.1,0
UNIT_02461,Line_A,183.4,5.14,44.5,3.29,0.34,12,100.0,0
UNIT_02462,Line_B,187.4,5.06,45.4,2.91,0.97,6,84.9,0
UNIT_02463,Line_B,185.2,5.28,49.4,3.12,0.52,12,71.6,0
UNIT_02464,Line_B,194.1,4.71,42.9,3.14,1.03,4,76.7,1
UNIT_02465,Line_A,158.8,4.44,53.2,2.77,0.07,17,76.7,0
UNIT_02466,Line_A,194.3,5.11,39.1,2.76,1.07,19,74.2,0
UNIT_02467,Line_C,176.3,4.38,56.6,2.95,0.29,0,89.1,0
UNIT_02468,Line_A,188.8,5.65,51.7,3.28,0.34,2,63.7,0
UNIT_02469,Line_A,164.1,4.93,42.9,2.54,1.25,2,92.9,0
UNIT_02470,Line_C,180.1,4.8,43.3,2.91,1.37,3,91.5,0
UNIT_02471,Line_A,182.8,5.28,46.2,3.33,0.71,15,81.3,1
UNIT_02472,Line_B,193.9,4.95,48.6,2.69,1.31,4,92.3,0
UNIT_02473,Line_A,161.0,4.01,51.6,3.31,0.41,11,76.3,1
UNIT_02474,Line_A,180.4,4.36,37.0,2.72,0.47,5,78.3,0
UNIT_02475,Line_B,167.0,5.63,47.6,2.77,1.6,1,89.4,0
UNIT_02476,Line_B,186.1,5.05,32.3,2.96,0.09,1,83.3,0
UNIT_02477,Line_A,189.3,3.99,43.9,3.47,0.95,18,80.0,0
UNIT_02478,Line_A,195.4,5.21,53.7,2.84,0.59,11,,1
UNIT_02479,Line_A,173.6,4.66,36.5,2.57,0.78,13,95.6,0
UNIT_02480,Line_B,191.1,4.48,35.4,2.65,0.69,3,95.2,1
UNIT_02481,Line_C,196.3,4.31,46.3,3.23,0.77,9,88.4,0
UNIT_02482,Line_A,160.3,5.6,53.3,2.66,0.58,13,82.2,1
UNIT_02483,Line_A,187.3,3.82,47.0,3.3,0.76,15,89.2,1
UNIT_02484,Line_B,191.5,4.5,33.6,3.02,0.94,13,78.1,0
UNIT_02485,Line_B,176.9,5.07,34.9,2.99,0.49,11,94.4,0
UNIT_02486,Line_A,165.5,5.95,45.6,3.07,0.59,12,92.6,0
UNIT_02487,Line_A,191.3,5.33,37.9,2.8,0.74,7,100.0,1
UNIT_02488,Line_B,165.6,4.49,45.8,3.03,1.32,13,78.6,0
UNIT_02489,Line_B,177.9,5.92,46.2,2.7,0.15,5,77.6,0
UNIT_02490,Line_B,179.5,4.19,42.1,3.34,0.27,14,89.4,0
UNIT_02491,Line_A,188.6,5.16,55.9,2.74,2.04,9,82.8,0
UNIT_02492,Line_C,172.5,5.29,48.5,3.11,0.87,11,93.0,0
UNIT_02493,Line_B,171.8,4.47,52.3,2.74,0.85,9,95.5,0
UNIT_02494,Line_B,181.2,5.42,50.5,2.87,2.76,11,98.6,0
UNIT_02495,Line_A,192.1,4.69,44.1,2.91,0.84,14,85.5,0
UNIT_02496,Line_C,207.4,5.42,43.8,3.75,0.44,5,92.0,0
UNIT_02497,Line_C,161.9,3.9,43.2,3.0,0.05,9,80.9,0
UNIT_02498,Line_A,183.8,5.2,49.1,2.79,0.56,8,86.7,0
UNIT_02499,Line_C,167.0,4.75,41.1,2.89,0.67,0,84.6,0
UNIT_02500,Line_C,192.2,5.69,55.4,2.62,1.18,17,84.1,1
UNIT_02501,Line_A,168.7,4.97,40.5,2.96,1.22,13,99.6,0
UNIT_02502,Line_C,171.9,5.75,46.3,3.46,0.97,0,74.3,1
UNIT_02503,Line_A,172.9,5.3,43.6,3.08,1.35,1,85.0,1
UNIT_02504,Line_A,179.1,4.92,42.3,3.23,0.76,18,85.4,0
UNIT_02505,Line_A,183.9,5.47,58.0,2.77,0.15,16,90.1,0
UNIT_02506,Line_B,185.8,5.48,42.4,2.95,0.53,14,76.2,0
UNIT_02507,Line_B,179.9,5.28,43.2,3.05,0.54,14,82.6,0
UNIT_02508,Line_B,164.0,3.62,41.0,2.82,0.71,16,80.2,1
UNIT_02509,Line_A,188.7,4.41,45.2,3.1,1.39,11,67.0,0
UNIT_02510,Line_A,179.4,5.83,44.4,3.15,0.63,0,94.3,0
UNIT_02511,Line_C,193.9,4.25,38.3,3.14,0.64,9,73.2,0
UNIT_02512,Line_C,171.5,5.53,42.5,2.96,3.0,6,72.2,0
UNIT_02513,Line_C,160.8,5.42,48.7,3.27,0.29,3,92.6,1
UNIT_02514,Line_A,179.6,4.56,51.2,2.94,0.82,17,82.3,0
UNIT_02515,Line_C,195.6,3.8,45.1,2.91,0.41,13,82.6,0
UNIT_02516,Line_C,181.9,4.66,45.4,3.36,0.88,18,82.8,0
UNIT_02517,Line_B,177.6,6.25,42.8,2.72,1.5,2,93.6,0
UNIT_02518,Line_A,169.6,4.48,42.0,2.57,1.09,19,80.6,1
UNIT_02519,Line_C,201.1,4.52,39.5,2.78,0.8,12,89.8,1
UNIT_02520,Line_B,167.6,4.4,35.7,3.1,0.65,11,75.9,0
UNIT_02521,Line_A,171.3,5.73,40.8,3.32,1.35,3,87.6,1
UNIT_02522,Line_A,186.8,4.85,50.4,2.83,1.13,12,92.2,0
UNIT_02523,Line_B,157.7,4.62,42.5,3.45,0.66,11,96.2,1
UNIT_02524,Line_A,195.3,5.85,42.9,3.01,2.78,14,72.6,1
UNIT_02525,Line_A,187.5,5.35,42.8,2.97,0.37,3,82.6,0
UNIT_02526,Line_B,190.8,4.45,52.5,2.79,2.64,12,97.8,0
UNIT_02527,Line_C,186.7,4.27,39.4,3.49,1.39,1,92.4,1
UNIT_02528,Line_A,178.1,5.69,46.7,2.96,0.22,1,83.4,0
UNIT_02529,Line_B,167.2,5.01,44.6,2.67,0.4,9,85.0,0
UNIT_02530,Line_C,178.3,4.07,45.4,3.61,0.81,2,87.4,1
UNIT_02531,Line_C,168.3,3.93,46.5,3.1,0.17,14,82.0,0
UNIT_02532,Line_C,185.8,4.33,45.3,3.2,1.16,9,89.4,0
UNIT_02533,Line_A,189.7,4.26,49.8,3.42,0.63,4,88.9,1
UNIT_02534,Line_C,197.7,3.77,44.8,3.15,1.19,5,76.1,1
UNIT_02535,Line_C,184.5,4.34,55.5,3.24,1.09,9,81.1,1
UNIT_02536,Line_A,191.1,4.45,45.3,3.01,0.56,11,81.4,0
UNIT_02537,Line_B,176.4,4.72,34.8,3.18,0.41,15,83.0,0
UNIT_02538,Line_B,174.3,6.02,48.8,2.99,0.08,11,87.2,0
UNIT_02539,Line_B,185.7,4.84,47.4,2.99,2.72,10,86.4,1
UNIT_02540,Line_A,175.4,4.9,45.2,3.03,1.03,12,79.2,0
UNIT_02541,Line_C,183.2,5.31,43.4,2.9,0.25,11,95.7,0
UNIT_02542,Line_C,167.3,4.86,32.3,3.13,0.63,6,85.0,0
UNIT_02543,Line_B,169.4,5.24,33.3,3.13,1.34,4,96.7,0
UNIT_02544,Line_C,187.6,5.17,54.9,3.2,0.7,10,96.5,0
UNIT_02545,Line_B,190.6,5.07,41.5,3.16,0.19,2,76.5,0
UNIT_02546,Line_C,168.2,6.66,50.8,3.5,1.13,4,81.1,0
UNIT_02547,Line_B,188.0,5.55,35.4,3.26,0.19,2,81.7,0
UNIT_02548,Line_B,173.6,4.35,38.7,2.95,1.24,9,87.5,1
UNIT_02549,Line_A,180.2,5.22,49.1,3.11,0.9,19,90.8,0
UNIT_02550,Line_B,197.0,4.52,44.4,3.35,0.65,17,86.2,1
UNIT_02551,Line_A,189.7,5.27,48.2,2.76,0.63,1,80.6,0
UNIT_02552,Line_A,189.6,4.17,44.9,3.5,0.53,16,98.2,0
UNIT_02553,Line_A,202.9,4.34,43.8,2.81,1.03,3,81.5,1
UNIT_02554,Line_C,171.6,5.21,40.9,3.23,0.23,18,90.9,0
UNIT_02555,Line_A,168.2,5.6,37.8,3.0,0.43,4,84.7,0
UNIT_02556,Line_C,171.3,5.3,53.4,2.99,1.72,2,84.5,1
UNIT_02557,Line_C,176.9,5.51,54.4,2.67,2.53,15,90.4,0
UNIT_02558,Line_A,151.7,5.22,38.8,3.23,0.58,16,97.3,0
UNIT_02559,Line_B,177.5,5.1,38.4,2.68,0.74,7,87.4,0
UNIT_02560,Line_B,173.5,4.7,42.9,2.64,0.27,10,81.1,1
UNIT_02561,Line_B,189.4,5.49,47.0,3.29,0.36,15,96.8,0
UNIT_02562,Line_C,184.2,5.61,43.9,3.45,0.08,17,89.0,0
UNIT_02563,Line_B,172.8,4.96,48.0,2.83,0.15,8,86.4,0
UNIT_02564,Line_B,187.1,4.93,44.7,3.25,0.48,15,93.2,0
UNIT_02565,Line_B,188.7,5.95,44.3,3.2,1.28,15,87.6,0
UNIT_02566,Line_C,170.8,4.99,59.5,2.98,0.65,15,100.0,0
UNIT_02567,Line_B,174.1,5.05,41.8,3.33,1.66,17,85.0,1
UNIT_02568,Line_B,153.3,5.29,54.8,2.96,0.43,16,94.2,0
UNIT_02569,Line_C,166.9,4.94,53.7,3.13,1.46,8,88.5,0
UNIT_02570,Line_C,171.1,4.51,48.0,2.69,3.06,6,88.5,1
UNIT_02571,Line_C,180.9,5.23,33.4,2.7,0.88,19,82.1,1
UNIT_02572,Line_C,168.7,4.98,45.2,3.29,0.08,8,82.1,0
UNIT_02573,Line_B,173.8,6.11,41.9,3.14,0.08,18,89.0,0
UNIT_02574,Line_C,165.3,5.47,45.1,2.96,0.16,19,,0
UNIT_02575,Line_A,182.1,4.64,38.6,3.48,0.34,0,80.4,0
UNIT_02576,Line_A,185.1,5.44,49.5,3.47,1.22,2,85.1,1
UNIT_02577,Line_B,184.8,5.18,50.9,3.11,0.47,11,94.9,0
UNIT_02578,Line_C,180.1,5.79,52.0,2.64,1.45,1,85.6,0
UNIT_02579,Line_B,161.5,4.69,42.7,2.97,0.4,13,85.5,0
UNIT_02580,Line_B,172.6,5.11,38.6,2.79,2.99,0,76.5,0
UNIT_02581,Line_B,175.1,4.94,47.1,3.02,1.72,16,98.6,0
UNIT_02582,Line_A,175.2,5.04,55.5,2.77,0.44,8,93.9,0
UNIT_02583,Line_B,180.9,4.47,45.4,2.7,0.3,13,94.8,0
UNIT_02584,Line_B,197.1,5.35,47.7,2.43,1.74,9,73.4,1
UNIT_02585,Line_B,189.7,5.25,43.6,3.04,0.24,13,87.8,0
UNIT_02586,Line_B,168.1,5.77,42.0,2.43,0.41,13,77.5,1
UNIT_02587,Line_A,188.1,4.99,48.9,2.92,0.24,5,91.2,0
UNIT_02588,Line_C,187.7,4.75,44.4,3.17,0.79,16,87.6,0
UNIT_02589,Line_B,170.3,5.47,47.4,2.82,1.52,16,89.2,0
UNIT_02590,Line_A,190.2,4.52,48.0,2.73,0.45,6,79.3,0
UNIT_02591,Line_B,178.1,5.65,47.1,2.98,1.31,1,76.7,1
UNIT_02592,Line_B,163.1,5.65,48.3,2.79,0.83,8,79.9,0
UNIT_02593,Line_A,185.5,5.75,39.9,3.05,0.23,13,87.5,0
UNIT_02594,Line_A,182.6,5.23,39.5,2.74,0.42,15,83.1,0
UNIT_02595,Line_A,177.3,4.71,44.7,2.97,0.15,4,87.0,0
UNIT_02596,Line_B,179.6,5.07,44.9,2.91,2.09,9,76.8,0
UNIT_02597,Line_C,171.4,5.23,41.9,3.0,0.73,15,84.9,0
UNIT_02598,Line_C,187.3,4.66,46.4,3.41,0.64,10,96.2,0
UNIT_02599,Line_B,179.5,5.8,50.4,3.05,0.71,15,87.7,0
UNIT_02600,Line_C,182.0,5.35,52.1,3.13,0.3,13,88.2,0
UNIT_02601,Line_A,184.3,4.46,53.5,2.84,0.47,3,88.2,0
UNIT_02602,Line_C,166.1,6.13,37.1,3.06,0.87,4,80.9,0
UNIT_02603,Line_B,169.3,5.06,38.0,2.93,0.11,15,98.1,0
UNIT_02604,Line_C,153.5,4.34,43.3,3.01,0.06,14,87.9,0
UNIT_02605,Line_C,186.8,4.5,45.5,3.16,0.39,16,86.4,0
UNIT_02606,Line_B,165.5,5.89,43.6,2.87,0.34,5,90.5,0
UNIT_02607,Line_A,181.6,6.09,41.7,2.9,1.59,1,92.5,0
UNIT_02608,Line_B,184.5,5.61,43.2,2.88,0.3,4,75.0,0
UNIT_02609,Line_C,187.2,5.79,47.9,2.87,0.89,8,85.5,0
UNIT_02610,Line_C,165.6,5.73,37.0,3.04,0.34,2,100.0,0
UNIT_02611,Line_C,179.2,5.33,59.1,2.91,0.85,3,98.2,0
UNIT_02612,Line_A,200.0,5.2,45.1,3.37,0.74,2,84.1,1
UNIT_02613,Line_B,200.6,5.32,51.3,3.67,1.87,2,90.8,1
UNIT_02614,Line_A,191.8,5.44,41.5,2.86,0.27,7,82.4,0
UNIT_02615,Line_C,184.0,4.56,48.4,3.07,0.27,16,87.8,0
UNIT_02616,Line_C,167.9,5.44,45.6,3.26,3.31,7,81.3,1
UNIT_02617,Line_A,188.6,5.88,50.1,2.93,1.48,5,81.2,1
UNIT_02618,Line_B,178.1,4.88,43.8,2.75,0.42,10,80.3,0
UNIT_02619,Line_C,186.7,4.81,54.3,3.43,0.28,12,98.5,1
UNIT_02620,Line_C,172.4,5.29,36.0,3.17,0.25,6,81.2,0
UNIT_02621,Line_B,177.9,4.61,50.7,3.08,1.44,0,94.1,1
UNIT_02622,Line_A,182.0,4.21,45.7,3.36,0.36,5,81.5,1
UNIT_02623,Line_C,183.0,5.69,38.9,3.19,0.3,1,80.6,0
UNIT_02624,Line_C,185.9,4.73,56.7,2.99,0.3,2,88.1,0
UNIT_02625,Line_B,173.0,5.01,56.1,2.76,0.99,12,74.6,0
UNIT_02626,Line_C,163.9,4.63,32.6,2.88,0.53,3,90.3,0
UNIT_02627,Line_A,199.5,5.77,46.1,3.3,1.47,7,83.9,1
UNIT_02628,Line_B,209.9,5.51,49.2,3.17,2.4,7,80.6,1
UNIT_02629,Line_A,185.4,4.86,47.7,2.95,0.74,17,78.9,0
UNIT_02630,Line_C,164.1,4.29,54.1,3.44,0.8,3,100.0,1
UNIT_02631,Line_C,170.7,4.79,52.8,2.96,0.5,1,84.7,0
UNIT_02632,Line_C,186.1,5.34,46.6,3.25,0.71,10,84.4,0
UNIT_02633,Line_B,196.1,5.11,58.7,3.06,0.08,12,92.0,0
UNIT_02634,Line_A,165.4,5.07,50.6,3.48,0.86,10,78.3,0
UNIT_02635,Line_A,178.5,5.13,42.9,3.19,1.25,14,94.1,0
UNIT_02636,Line_B,182.4,5.46,41.7,3.01,0.23,17,84.7,0
UNIT_02637,Line_C,190.4,4.97,52.5,2.96,2.12,12,73.9,0
UNIT_02638,Line_A,175.9,5.27,40.2,3.0,0.4,10,80.8,0
UNIT_02639,Line_C,161.2,4.41,42.5,2.82,1.74,13,76.2,1
UNIT_02640,Line_A,187.5,6.53,43.6,2.66,1.06,4,85.6,1
UNIT_02641,Line_B,193.5,4.83,47.1,3.08,0.21,4,78.7,0
UNIT_02642,Line_A,179.0,5.12,43.8,2.87,1.41,7,77.8,0
UNIT_02643,Line_B,184.9,5.34,37.1,2.87,0.65,15,87.3,0
UNIT_02644,Line_B,174.3,4.75,52.0,2.98,0.92,17,85.4,0
UNIT_02645,Line_A,169.9,5.0,42.6,3.01,0.51,11,94.7,0
UNIT_02646,Line_B,192.3,5.0,57.1,3.0,0.58,12,94.3,0
UNIT_02647,Line_C,184.6,4.45,46.8,3.43,0.11,15,85.5,1
UNIT_02648,Line_C,185.9,5.26,52.6,3.17,0.98,4,89.0,0
UNIT_02649,Line_A,198.0,4.01,48.8,3.53,0.63,2,73.7,1
UNIT_02650,Line_C,167.3,6.05,52.9,2.89,0.81,14,90.6,0
UNIT_02651,Line_C,173.4,5.48,48.4,3.2,0.94,2,88.3,0
UNIT_02652,Line_C,181.9,5.38,46.4,2.9,0.89,3,92.6,0
UNIT_02653,Line_B,173.2,3.96,51.6,2.86,1.01,7,82.6,1
UNIT_02654,Line_C,189.4,4.52,59.9,3.54,0.11,15,82.6,0
UNIT_02655,Line_B,177.8,5.83,43.4,2.81,0.52,7,82.7,0
UNIT_02656,Line_A,168.1,7.49,49.8,2.44,0.2,2,96.5,1
UNIT_02657,Line_A,180.8,5.72,45.0,2.82,0.03,2,87.3,0
UNIT_02658,Line_C,182.0,5.62,48.0,2.5,0.91,5,73.0,0
UNIT_02659,Line_A,191.2,5.31,45.3,2.76,2.37,1,90.2,0
UNIT_02660,Line_B,184.7,4.49,32.1,2.79,0.04,6,81.3,0
UNIT_02661,Line_C,185.5,5.6,43.8,3.01,0.98,1,93.7,0
UNIT_02662,Line_A,183.8,4.34,51.0,2.49,0.48,16,89.3,1
UNIT_02663,Line_B,177.7,4.27,40.4,3.3,0.58,1,94.9,0
UNIT_02664,Line_A,171.4,4.24,50.5,2.53,0.96,3,93.3,0
UNIT_02665,Line_B,183.5,5.59,46.1,2.97,0.86,0,92.5,0
UNIT_02666,Line_A,176.0,4.97,43.9,2.92,0.51,5,94.1,0
UNIT_02667,Line_C,200.3,5.06,50.4,3.21,0.4,16,91.5,0
UNIT_02668,Line_A,196.1,4.99,49.1,3.09,0.87,11,79.4,0
UNIT_02669,Line_C,187.6,4.32,47.5,3.3,0.06,18,75.9,1
UNIT_02670,Line_C,184.5,4.6,51.1,2.91,0.95,12,78.4,0
UNIT_02671,Line_C,178.9,4.63,46.2,2.88,0.48,8,90.8,0
UNIT_02672,Line_C,164.9,4.16,35.1,3.1,1.63,19,67.2,1
UNIT_02673,Line_A,177.4,4.7,42.7,3.26,0.62,3,84.9,0
UNIT_02674,Line_C,181.2,4.35,34.2,3.21,1.57,2,82.9,0
UNIT_02675,Line_B,182.8,5.35,48.9,3.08,0.26,6,94.8,0
UNIT_02676,Line_C,185.6,5.4,50.4,3.06,0.24,18,84.1,0
UNIT_02677,Line_C,191.1,4.22,50.7,2.99,0.33,16,82.1,0
UNIT_02678,Line_B,171.7,4.82,47.9,3.1,1.83,10,95.5,0
UNIT_02679,Line_B,171.8,6.11,50.8,3.51,0.6,18,84.3,1
UNIT_02680,Line_A,197.4,4.41,35.5,2.94,0.38,12,83.0,0
UNIT_02681,Line_A,189.3,5.26,44.4,2.91,0.86,4,81.1,0
UNIT_02682,Line_B,175.3,5.06,36.5,2.89,0.34,0,87.3,0
UNIT_02683,Line_C,178.7,5.66,42.9,3.1,0.85,0,82.3,1
UNIT_02684,Line_B,178.8,5.18,54.7,2.47,0.6,16,82.4,1
UNIT_02685,Line_B,180.4,4.74,51.6,2.97,0.37,6,96.6,0
UNIT_02686,Line_A,185.7,5.04,49.0,3.22,0.63,8,85.4,0
UNIT_02687,Line_B,210.4,5.05,43.9,2.87,0.63,7,81.4,0
UNIT_02688,Line_B,182.3,4.94,39.0,3.05,1.17,1,77.0,0
UNIT_02689,Line_C,188.0,4.21,46.1,3.53,0.19,0,86.6,1
UNIT_02690,Line_C,159.8,5.75,51.7,3.08,0.43,14,80.5,0
UNIT_02691,Line_B,174.2,5.64,47.5,2.44,0.75,13,82.1,0
UNIT_02692,Line_C,194.7,4.37,35.5,2.65,0.31,4,78.2,0
UNIT_02693,Line_B,184.8,4.82,45.6,2.94,0.54,2,86.6,0
UNIT_02694,Line_C,127.3,4.86,33.5,2.8,0.37,10,74.6,0
UNIT_02695,Line_B,188.1,4.31,49.8,3.03,0.46,1,88.3,0
UNIT_02696,Line_A,203.0,3.88,40.8,2.93,0.24,5,80.6,1
UNIT_02697,Line_B,156.0,4.6,37.7,3.29,2.37,14,90.7,1
UNIT_02698,Line_A,198.2,4.79,49.9,2.73,0.06,3,88.9,0
UNIT_02699,Line_A,146.7,4.14,48.4,2.95,0.36,15,85.8,0
UNIT_02700,Line_C,191.3,5.11,46.4,3.05,0.62,17,91.8,0
UNIT_02701,Line_C,179.9,5.7,58.2,3.09,0.62,3,97.5,0
UNIT_02702,Line_A,151.8,5.51,48.8,3.04,1.45,13,95.1,1
UNIT_02703,Line_C,185.4,4.92,41.1,2.4,0.19,15,74.5,0
UNIT_02704,Line_A,193.8,3.9,48.1,3.02,0.12,10,80.2,0
UNIT_02705,Line_A,184.4,5.43,43.3,2.96,0.41,5,81.1,0
UNIT_02706,Line_C,187.0,5.09,52.6,3.22,0.62,19,90.1,0
UNIT_02707,Line_A,175.1,5.25,46.7,3.18,0.49,6,80.8,1
UNIT_02708,Line_C,157.7,6.16,47.3,3.06,1.24,4,80.5,0
UNIT_02709,Line_C,188.3,4.51,36.3,3.08,0.22,2,79.1,1
UNIT_02710,Line_A,201.0,3.28,45.4,3.34,0.38,18,87.4,1
UNIT_02711,Line_A,193.6,4.37,44.7,3.29,0.94,4,,0
UNIT_02712,Line_C,156.1,5.29,38.9,3.07,0.63,2,75.3,1
UNIT_02713,Line_B,161.8,5.02,43.7,3.54,1.47,0,80.9,1
UNIT_02714,Line_B,169.8,4.27,47.6,2.84,0.63,5,69.8,0
UNIT_02715,Line_B,160.9,4.15,45.0,2.7,0.19,13,65.9,0
UNIT_02716,Line_B,180.5,4.79,36.5,3.0,1.35,13,88.9,0
UNIT_02717,Line_C,184.7,4.25,43.4,2.91,1.24,17,87.5,0
UNIT_02718,Line_B,162.8,5.31,42.2,2.38,0.85,13,86.4,1
UNIT_02719,Line_A,189.3,4.75,46.2,2.84,2.66,0,97.7,0
UNIT_02720,Line_B,187.2,4.62,45.5,3.09,0.66,16,71.6,0
UNIT_02721,Line_C,173.4,4.55,42.5,2.99,0.7,5,68.4,0
UNIT_02722,Line_A,177.9,5.16,42.3,2.81,1.22,19,76.0,0
UNIT_02723,Line_B,156.6,5.03,45.4,3.01,0.78,6,68.0,0
UNIT_02724,Line_C,176.0,5.12,50.8,3.03,0.69,0,80.1,0
UNIT_02725,Line_B,180.1,5.11,46.7,3.18,0.12,7,89.7,0
UNIT_02726,Line_A,182.0,4.96,53.5,2.84,0.17,9,87.4,1
UNIT_02727,Line_A,184.5,4.38,51.8,3.22,0.16,16,93.2,0
UNIT_02728,Line_B,182.9,4.56,54.0,2.73,0.47,11,88.0,0
UNIT_02729,Line_B,176.8,4.76,53.2,2.87,1.52,0,81.8,0
UNIT_02730,Line_C,183.4,6.24,54.4,3.42,2.07,0,80.8,0
UNIT_02731,Line_B,192.0,4.19,38.1,2.74,1.67,12,88.5,0
UNIT_02732,Line_C,178.9,4.75,48.9,2.84,1.72,1,72.8,1
UNIT_02733,Line_A,183.8,5.06,52.3,2.69,0.28,10,59.6,0
UNIT_02734,Line_B,177.8,4.82,53.4,2.79,0.63,17,88.1,0
UNIT_02735,Line_A,172.2,5.64,40.4,3.03,0.24,16,86.9,0
UNIT_02736,Line_B,186.3,4.81,48.9,3.18,0.82,12,97.6,0
UNIT_02737,Line_A,173.3,4.86,45.5,3.0,0.47,6,90.6,0
UNIT_02738,Line_B,184.6,5.49,56.1,2.92,0.12,10,87.5,0
UNIT_02739,Line_B,180.3,6.09,36.7,2.69,0.9,2,82.5,1
UNIT_02740,Line_A,176.4,5.84,40.4,2.82,0.34,14,78.5,0
UNIT_02741,Line_A,176.1,4.92,34.1,2.61,0.58,2,82.8,0
UNIT_02742,Line_B,173.9,4.97,45.9,3.18,0.4,1,92.6,0
UNIT_02743,Line_C,160.3,5.03,58.6,3.2,0.99,12,88.7,0
UNIT_02744,Line_A,184.6,5.09,44.7,2.99,0.71,11,92.5,0
UNIT_02745,Line_B,182.8,4.49,45.6,3.11,0.62,10,85.9,0
UNIT_02746,Line_A,190.2,5.56,48.3,3.22,1.63,9,77.8,0
UNIT_02747,Line_C,173.6,5.12,44.3,3.03,0.43,11,94.3,0
UNIT_02748,Line_B,202.7,4.97,47.2,3.35,0.86,8,93.6,0
UNIT_02749,Line_C,175.4,4.24,47.4,2.74,0.44,2,86.5,0
UNIT_02750,Line_A,169.5,5.04,39.9,2.91,3.03,11,89.4,0
UNIT_02751,Line_A,168.1,3.86,44.4,2.88,1.38,0,89.0,0
UNIT_02752,Line_B,159.2,4.65,49.5,3.16,1.99,1,81.3,1
UNIT_02753,Line_B,198.4,4.66,50.6,2.64,0.69,11,82.9,1
UNIT_02754,Line_C,196.5,5.17,52.8,3.36,1.43,14,77.7,1
UNIT_02755,Line_C,187.2,6.13,47.0,3.14,0.22,1,82.9,0
UNIT_02756,Line_C,169.2,5.34,47.1,3.44,0.19,7,93.2,0
UNIT_02757,Line_B,201.7,5.87,49.5,2.99,0.53,18,91.7,0
UNIT_02758,Line_B,175.8,5.39,41.4,2.86,0.8,15,89.5,1
UNIT_02759,Line_B,176.8,5.68,41.2,3.16,1.53,16,92.7,0
UNIT_02760,Line_A,197.2,6.11,44.3,3.26,0.65,13,82.1,0
UNIT_02761,Line_B,187.9,4.56,37.3,2.82,0.52,3,75.6,0
UNIT_02762,Line_B,206.4,4.52,47.4,2.5,1.14,7,83.7,1
UNIT_02763,Line_A,183.0,5.4,51.3,2.54,1.91,11,84.4,1
UNIT_02764,Line_A,175.2,5.0,40.7,3.07,1.19,13,90.4,0
UNIT_02765,Line_B,172.7,5.13,47.6,3.39,0.91,2,89.1,0
UNIT_02766,Line_B,157.8,4.85,41.2,2.67,1.42,19,93.1,0
UNIT_02767,Line_C,176.7,4.64,38.9,2.93,1.34,18,68.9,0
UNIT_02768,Line_B,193.7,5.97,57.3,2.91,1.2,0,78.6,1
UNIT_02769,Line_C,187.2,4.34,39.0,3.48,1.36,11,84.3,1
UNIT_02770,Line_B,180.2,5.41,37.3,3.56,0.82,2,88.8,0
UNIT_02771,Line_A,168.1,5.31,46.3,3.11,2.18,6,100.0,0
UNIT_02772,Line_A,182.7,4.05,46.6,3.22,0.19,17,77.2,1
UNIT_02773,Line_C,192.2,4.5,49.0,3.22,1.03,13,79.3,1
UNIT_02774,Line_B,185.2,4.6,57.0,2.68,0.36,7,81.6,0
UNIT_02775,Line_A,182.0,5.34,40.3,3.17,0.76,0,79.0,0
UNIT_02776,Line_B,170.4,4.78,41.5,2.75,0.21,16,77.9,0
UNIT_02777,Line_C,190.4,4.95,54.7,2.96,0.46,5,85.4,0
UNIT_02778,Line_B,142.4,4.13,50.6,3.28,0.52,12,92.9,1
UNIT_02779,Line_A,184.6,6.4,49.8,3.02,0.94,4,86.0,1
UNIT_02780,Line_A,210.8,5.04,41.5,3.28,0.43,15,78.1,0
UNIT_02781,Line_C,161.9,5.3,51.8,3.32,0.55,6,83.4,0
UNIT_02782,Line_C,177.1,4.68,49.8,2.56,1.17,14,76.7,0
UNIT_02783,Line_C,179.9,4.61,46.1,2.46,1.56,1,92.9,1
UNIT_02784,Line_C,174.4,6.15,41.5,3.29,0.5,12,96.8,0
UNIT_02785,Line_A,192.4,3.85,45.6,3.3,1.73,19,72.2,0
UNIT_02786,Line_A,185.7,5.17,54.9,3.06,1.12,9,86.8,1
UNIT_02787,Line_A,181.8,4.27,38.4,3.1,1.71,9,78.8,0
UNIT_02788,Line_A,189.6,4.76,40.2,3.22,0.72,13,85.5,0
UNIT_02789,Line_C,180.2,4.62,41.2,3.22,0.54,17,84.3,0
UNIT_02790,Line_C,218.2,4.41,42.5,2.92,0.64,16,74.3,1
UNIT_02791,Line_A,181.8,5.02,44.9,3.24,0.92,1,94.7,0
UNIT_02792,Line_C,182.3,3.46,50.8,2.91,0.71,5,83.8,0
UNIT_02793,Line_B,159.5,4.81,47.8,3.06,0.73,16,81.2,0
UNIT_02794,Line_A,173.5,4.95,45.4,3.05,1.11,19,85.9,0
UNIT_02795,Line_C,193.8,4.18,46.7,2.79,0.43,13,78.0,0
UNIT_02796,Line_C,164.0,5.91,48.7,2.81,0.78,0,83.5,1
UNIT_02797,Line_B,154.1,4.64,34.9,3.56,0.2,13,70.3,1
UNIT_02798,Line_C,180.4,4.86,51.4,2.78,0.67,18,66.1,0
UNIT_02799,Line_B,196.4,4.64,40.0,3.09,0.51,16,77.2,0
UNIT_02800,Line_C,180.5,4.95,42.3,3.14,0.52,14,80.7,0
UNIT_02801,Line_B,176.0,5.78,47.0,2.99,0.25,10,70.9,0
UNIT_02802,Line_C,157.7,6.48,44.5,3.17,0.41,18,81.0,1
UNIT_02803,Line_A,185.4,5.45,47.9,3.08,0.94,12,80.7,0
UNIT_02804,Line_A,187.9,5.65,45.9,2.78,0.3,10,84.5,0
UNIT_02805,Line_C,158.6,6.03,43.3,3.13,0.11,17,89.9,0
UNIT_02806,Line_A,193.6,5.15,54.2,2.86,1.04,0,98.7,0
UNIT_02807,Line_A,189.2,5.94,49.2,3.44,2.55,2,88.4,1
UNIT_02808,Line_C,193.6,5.48,46.8,3.11,0.39,16,77.1,0
UNIT_02809,Line_A,187.0,5.09,49.2,2.82,2.15,1,90.3,0
UNIT_02810,Line_B,187.8,5.21,40.8,3.09,0.09,17,96.2,0
UNIT_02811,Line_A,186.2,3.91,58.0,2.77,0.99,19,76.0,1
UNIT_02812,Line_A,190.4,5.18,38.5,3.06,0.36,5,76.5,1
UNIT_02813,Line_C,158.2,4.07,45.7,2.94,2.51,17,73.6,1
UNIT_02814,Line_A,162.0,4.02,43.3,2.79,0.59,10,80.5,0
UNIT_02815,Line_A,171.2,5.12,43.1,2.79,0.42,10,88.0,0
UNIT_02816,Line_C,178.4,4.33,42.3,3.61,0.02,18,96.9,1
UNIT_02817,Line_C,184.7,5.0,40.4,3.02,1.23,15,92.1,0
UNIT_02818,Line_A,183.9,5.08,52.1,2.89,1.18,17,88.1,0
UNIT_02819,Line_C,193.4,5.11,37.8,2.85,1.67,17,85.4,0
UNIT_02820,Line_B,193.8,4.46,50.9,3.12,0.82,14,88.1,0
UNIT_02821,Line_C,169.5,5.54,48.9,2.84,0.54,9,88.6,0
UNIT_02822,Line_A,182.9,4.95,42.7,2.73,1.47,3,95.4,0
UNIT_02823,Line_C,169.8,5.26,48.2,2.99,0.46,1,84.8,0
UNIT_02824,Line_B,177.7,4.28,44.1,2.99,0.19,5,87.1,0
UNIT_02825,Line_C,183.9,4.89,38.4,2.9,0.97,9,81.7,0
UNIT_02826,Line_B,139.1,5.66,38.5,2.78,1.36,2,85.9,1
UNIT_02827,Line_C,208.9,5.58,48.9,2.9,0.15,7,82.9,0
UNIT_02828,Line_B,186.8,4.52,48.6,2.88,0.77,15,75.5,0
UNIT_02829,Line_A,172.9,4.67,46.5,2.85,1.24,0,92.0,0
UNIT_02830,Line_C,203.1,4.41,42.7,3.07,0.43,6,96.9,0
UNIT_02831,Line_C,175.8,4.61,43.9,3.56,2.13,19,84.7,1
UNIT_02832,Line_A,181.6,4.16,43.0,3.33,0.39,6,87.7,0
UNIT_02833,Line_B,174.2,4.92,34.5,3.49,0.39,14,91.9,0
UNIT_02834,Line_B,199.8,5.38,45.4,2.86,0.47,12,83.9,0
UNIT_02835,Line_B,178.7,4.53,48.1,3.42,0.29,15,86.5,0
UNIT_02836,Line_C,181.8,4.95,45.4,3.06,0.39,14,83.3,0
UNIT_02837,Line_C,194.4,4.87,55.6,3.25,0.75,11,80.6,0
UNIT_02838,Line_A,187.0,5.63,39.0,3.11,0.32,19,89.2,0
UNIT_02839,Line_C,179.3,4.63,41.0,2.91,1.04,5,89.1,0
UNIT_02840,Line_B,193.3,4.65,45.8,3.18,0.16,5,92.4,0
UNIT_02841,Line_C,210.5,4.49,46.5,3.12,0.33,11,85.0,0
UNIT_02842,Line_C,183.8,4.32,33.6,2.56,2.16,14,75.4,1
UNIT_02843,Line_B,181.4,5.32,48.6,2.97,0.38,13,93.9,0
UNIT_02844,Line_B,182.0,4.92,46.5,3.22,0.66,19,79.1,1
UNIT_02845,Line_B,195.7,5.03,32.3,3.07,0.71,11,79.0,0
UNIT_02846,Line_C,172.8,5.76,44.3,3.12,0.27,15,80.7,0
UNIT_02847,Line_B,176.7,5.8,40.1,2.81,0.35,2,71.1,1
UNIT_02848,Line_A,161.6,4.01,42.3,3.06,0.89,0,83.3,0
UNIT_02849,Line_B,165.8,5.39,37.0,2.98,0.38,16,90.0,0
UNIT_02850,Line_A,173.8,5.14,47.5,2.95,0.37,8,81.5,0
UNIT_02851,Line_B,179.3,4.72,55.6,2.83,0.35,5,95.7,0
UNIT_02852,Line_A,201.2,5.2,46.6,3.23,1.65,15,95.2,0
UNIT_02853,Line_A,186.4,3.96,32.0,3.09,1.43,7,92.1,0
UNIT_02854,Line_C,169.1,5.88,46.7,3.06,0.76,0,69.5,1
UNIT_02855,Line_A,171.3,5.31,43.8,3.51,0.58,11,96.5,0
UNIT_02856,Line_B,196.5,4.48,38.4,3.12,0.73,2,83.1,0
UNIT_02857,Line_C,193.5,4.65,47.1,3.3,0.93,19,98.4,0
UNIT_02858,Line_C,180.3,3.98,50.3,3.07,0.94,6,80.2,0
UNIT_02859,Line_B,174.7,4.81,41.0,2.91,0.39,6,83.9,0
UNIT_02860,Line_A,193.5,4.71,35.1,2.74,0.5,16,85.7,0
UNIT_02861,Line_C,168.1,4.2,32.9,3.06,0.46,0,77.5,1
UNIT_02862,Line_C,184.7,5.47,41.0,2.33,0.81,13,72.0,0
UNIT_02863,Line_B,207.3,5.77,44.1,3.07,1.6,19,65.8,1
UNIT_02864,Line_A,182.5,4.98,41.9,3.08,0.67,0,100.0,0
UNIT_02865,Line_A,170.7,4.82,40.9,2.95,0.72,19,71.7,0
UNIT_02866,Line_A,184.9,5.26,48.4,2.98,0.32,12,71.8,0
UNIT_02867,Line_A,174.4,4.99,47.8,2.69,0.14,3,89.6,0
UNIT_02868,Line_C,163.3,4.35,46.2,3.35,0.48,17,73.6,0
UNIT_02869,Line_A,188.4,4.61,49.9,2.92,1.08,16,72.1,1
UNIT_02870,Line_A,193.4,4.82,41.1,2.76,0.33,19,62.0,1
UNIT_02871,Line_C,176.3,5.15,38.4,3.14,0.11,18,87.3,0
UNIT_02872,Line_C,175.5,5.01,41.9,3.03,0.96,12,76.4,0
UNIT_02873,Line_A,168.5,5.13,41.5,2.91,0.89,0,90.1,0
UNIT_02874,Line_B,178.2,4.09,32.7,2.88,0.4,14,84.4,0
UNIT_02875,Line_B,173.3,5.4,41.7,3.0,0.36,15,85.7,0
UNIT_02876,Line_B,167.9,5.0,51.6,3.34,0.52,15,81.4,0
UNIT_02877,Line_C,202.7,6.53,49.8,3.12,0.43,3,82.8,1
UNIT_02878,Line_C,185.6,4.77,48.2,2.99,1.88,14,77.8,0
UNIT_02879,Line_C,186.9,5.19,45.8,3.21,0.5,16,78.6,0
UNIT_02880,Line_A,190.6,6.7,53.7,3.01,0.84,1,76.2,1
UNIT_02881,Line_A,189.3,5.12,38.6,3.1,0.57,0,97.1,0
UNIT_02882,Line_B,175.0,4.96,39.2,3.04,0.87,1,81.8,0
UNIT_02883,Line_A,183.3,4.41,51.7,3.15,0.41,13,66.9,1
UNIT_02884,Line_B,176.8,5.92,45.2,2.89,0.4,6,87.1,0
UNIT_02885,Line_A,185.3,4.3,41.0,2.72,0.66,16,78.6,0
UNIT_02886,Line_C,184.1,5.26,48.3,3.23,0.36,19,84.6,0
UNIT_02887,Line_A,175.4,4.72,42.4,3.38,0.48,0,82.8,0
UNIT_02888,Line_A,164.0,4.89,40.0,2.73,1.05,14,96.9,0
UNIT_02889,Line_A,181.8,4.15,39.8,3.04,1.46,15,81.9,0
UNIT_02890,Line_A,177.5,5.81,46.9,2.89,2.29,1,91.5,1
UNIT_02891,Line_B,157.3,4.83,46.2,3.22,0.99,2,90.7,0
UNIT_02892,Line_B,186.1,4.27,54.1,3.06,0.81,16,74.1,0
UNIT_02893,Line_C,191.6,5.75,43.3,3.83,0.29,1,86.5,1
UNIT_02894,Line_A,210.3,4.7,43.2,2.92,1.35,3,78.9,1
UNIT_02895,Line_B,175.3,5.2,53.6,3.38,1.82,18,75.3,0
UNIT_02896,Line_B,173.5,5.5,50.9,3.41,0.47,14,75.4,0
UNIT_02897,Line_B,166.7,5.28,45.9,3.13,2.17,18,91.6,1
UNIT_02898,Line_C,182.5,3.68,35.6,3.01,1.45,5,100.0,0
UNIT_02899,Line_A,182.4,5.42,40.1,3.02,1.0,14,78.6,0
UNIT_02900,Line_B,170.3,4.94,38.7,3.0,0.58,12,86.7,0
UNIT_02901,Line_C,177.9,4.8,45.2,3.28,0.21,17,87.5,0
UNIT_02902,Line_C,156.3,4.93,41.9,2.78,1.88,4,80.8,0
UNIT_02903,Line_B,191.1,4.03,54.6,2.96,0.19,0,96.3,1
UNIT_02904,Line_B,170.8,5.12,35.6,2.93,1.94,7,100.0,0
UNIT_02905,Line_C,179.6,4.18,38.0,2.57,2.09,10,80.2,0
UNIT_02906,Line_B,162.9,4.83,46.5,3.21,0.3,11,98.9,0
UNIT_02907,Line_C,173.0,5.09,48.1,3.27,0.19,17,80.6,0
UNIT_02908,Line_A,176.6,5.64,29.5,2.84,0.45,13,77.2,0
UNIT_02909,Line_B,179.9,4.51,34.6,3.26,0.61,17,83.9,0
UNIT_02910,Line_A,185.8,5.87,43.4,2.6,0.42,14,92.0,1
UNIT_02911,Line_A,197.3,5.57,53.1,3.01,0.45,7,84.2,0
UNIT_02912,Line_B,188.8,4.74,56.3,2.97,0.63,16,90.9,0
UNIT_02913,Line_A,191.5,4.33,42.5,3.02,1.83,6,86.8,1
UNIT_02914,Line_B,197.4,4.13,44.0,3.02,0.57,16,95.8,0
UNIT_02915,Line_B,186.8,5.16,40.0,2.98,1.06,13,89.2,0
UNIT_02916,Line_B,179.6,4.56,48.8,2.9,0.22,4,97.2,0
UNIT_02917,Line_C,192.1,5.72,54.2,2.97,0.7,1,78.1,0
UNIT_02918,Line_C,192.9,4.59,52.5,3.34,0.48,17,83.4,0
UNIT_02919,Line_B,187.8,4.46,44.8,2.86,1.03,15,85.0,0
UNIT_02920,Line_A,162.5,5.14,40.0,3.56,0.21,1,78.2,0
UNIT_02921,Line_C,169.9,4.59,45.0,2.84,1.56,4,76.9,0
UNIT_02922,Line_A,176.7,5.01,53.3,3.06,0.47,9,88.1,0
UNIT_02923,Line_B,189.4,5.59,42.6,3.14,0.34,10,90.3,0
UNIT_02924,Line_B,179.7,5.07,34.1,2.93,2.07,7,85.9,0
UNIT_02925,Line_A,193.6,5.07,42.8,3.35,0.79,3,93.5,0
UNIT_02926,Line_B,195.8,5.12,43.3,3.14,0.62,13,76.2,0
UNIT_02927,Line_A,194.4,3.98,34.1,2.95,0.2,14,81.9,0
UNIT_02928,Line_A,194.5,5.24,46.4,3.34,0.3,12,75.6,0
UNIT_02929,Line_B,167.6,5.1,48.0,2.75,0.21,19,86.1,0
UNIT_02930,Line_A,185.8,5.54,56.2,2.86,0.66,7,88.9,1
UNIT_02931,Line_C,172.7,5.36,37.0,3.14,1.43,10,95.7,0
UNIT_02932,Line_A,160.2,4.88,49.4,3.2,0.84,6,75.6,0
UNIT_02933,Line_B,176.6,5.62,50.8,3.08,0.7,19,88.0,0
UNIT_02934,Line_C,195.9,4.82,48.1,2.97,0.63,8,96.5,0
UNIT_02935,Line_A,185.5,5.15,39.0,2.94,1.2,8,77.0,0
UNIT_02936,Line_C,204.2,4.81,38.6,3.28,0.55,14,75.1,0
UNIT_02937,Line_C,182.1,5.28,45.6,3.06,0.16,5,73.2,0
UNIT_02938,Line_C,209.4,4.77,45.5,2.78,1.32,7,90.0,0
UNIT_02939,Line_A,182.1,5.99,41.6,2.77,0.25,16,79.2,0
UNIT_02940,Line_C,180.3,6.21,52.7,3.38,0.14,0,88.8,1
UNIT_02941,Line_C,164.6,5.52,42.6,2.82,0.81,0,83.3,1
UNIT_02942,Line_C,193.3,5.92,33.6,3.07,0.09,17,99.4,0
UNIT_02943,Line_A,174.0,4.08,43.7,3.34,0.64,5,91.3,1
UNIT_02944,Line_C,172.2,4.15,47.9,3.14,0.73,15,78.6,0
UNIT_02945,Line_A,195.4,4.81,47.1,2.81,0.91,13,82.6,0
UNIT_02946,Line_B,193.9,5.02,47.0,2.75,0.84,3,91.3,0
UNIT_02947,Line_B,193.6,4.88,54.0,3.47,0.19,3,76.5,1
UNIT_02948,Line_B,175.7,4.01,38.3,2.74,1.2,19,94.5,0
UNIT_02949,Line_B,179.4,5.69,42.5,2.86,0.63,17,83.0,0
UNIT_02950,Line_A,179.3,6.29,54.3,3.09,0.48,5,91.5,1
UNIT_02951,Line_B,189.4,5.77,33.2,2.95,0.21,9,83.4,0
UNIT_02952,Line_C,198.6,5.65,44.7,3.14,1.38,17,80.8,1
UNIT_02953,Line_B,184.4,5.14,52.4,2.63,1.29,4,79.5,1
UNIT_02954,Line_A,203.7,4.49,52.3,2.95,0.42,13,98.9,0
UNIT_02955,Line_C,190.8,5.04,49.0,3.17,0.91,7,82.6,0
UNIT_02956,Line_A,177.2,6.26,49.1,3.17,1.08,17,100.0,0
UNIT_02957,Line_B,189.9,4.79,38.8,2.86,0.52,5,86.2,0
UNIT_02958,Line_B,200.5,4.73,53.2,2.74,1.3,8,78.2,1
UNIT_02959,Line_B,204.0,5.66,37.8,3.05,1.34,14,72.3,1
UNIT_02960,Line_C,194.2,5.7,38.2,2.67,0.12,13,94.9,0
UNIT_02961,Line_B,180.3,4.49,47.3,3.32,1.05,2,83.5,0
UNIT_02962,Line_C,177.4,4.84,42.0,3.04,0.43,1,91.6,0
UNIT_02963,Line_A,186.9,4.7,46.2,2.83,0.31,17,100.0,0
UNIT_02964,Line_C,200.1,5.04,47.6,2.74,0.09,15,90.4,1
UNIT_02965,Line_B,185.2,5.66,55.7,2.84,0.69,2,87.7,0
UNIT_02966,Line_A,185.5,4.52,47.6,2.61,0.51,12,94.8,0
UNIT_02967,Line_A,180.6,5.65,41.3,3.12,0.41,5,91.4,0
UNIT_02968,Line_C,176.1,5.06,49.1,2.8,1.1,8,74.9,0
UNIT_02969,Line_B,178.1,6.4,40.0,3.1,4.0,12,95.7,1
UNIT_02970,Line_B,181.6,5.19,50.5,3.13,0.92,12,84.6,0
UNIT_02971,Line_A,200.6,4.94,45.4,3.24,0.51,7,97.3,0
UNIT_02972,Line_B,177.1,5.34,47.4,3.06,1.33,16,89.1,0
UNIT_02973,Line_C,180.6,4.8,34.3,3.28,0.27,10,94.5,0
UNIT_02974,Line_A,169.6,3.92,31.5,3.35,0.43,16,83.2,0
UNIT_02975,Line_B,188.6,4.86,36.0,3.06,0.73,11,72.9,0
UNIT_02976,Line_B,196.4,4.85,55.5,3.08,0.73,7,89.5,0
UNIT_02977,Line_C,199.5,4.04,38.1,2.86,1.23,5,92.8,1
UNIT_02978,Line_A,182.4,4.96,49.4,2.75,1.79,0,80.5,1
UNIT_02979,Line_B,186.9,3.76,41.1,3.32,1.21,10,83.4,1
UNIT_02980,Line_C,178.2,4.79,43.6,3.15,1.8,11,67.3,0
UNIT_02981,Line_A,186.3,5.15,44.7,3.17,1.86,18,83.8,0
UNIT_02982,Line_C,183.8,5.06,54.9,2.85,0.81,5,75.0,0
UNIT_02983,Line_C,180.7,4.75,48.5,3.41,0.58,0,89.1,0
UNIT_02984,Line_C,181.7,4.95,47.3,2.94,1.02,17,87.7,0
UNIT_02985,Line_B,185.4,4.53,52.8,2.8,0.13,11,85.1,1
UNIT_02986,Line_C,176.5,5.01,41.2,2.86,1.22,0,95.6,0
UNIT_02987,Line_C,177.1,5.03,51.4,3.39,1.12,6,86.9,0
UNIT_02988,Line_C,200.5,4.46,50.4,2.72,0.26,19,86.5,0
UNIT_02989,Line_B,212.5,5.16,50.3,2.81,1.68,17,87.6,1
UNIT_02990,Line_B,165.5,5.16,44.1,3.72,1.38,11,80.3,1
UNIT_02991,Line_B,164.9,4.9,42.4,3.24,0.98,1,92.9,0
UNIT_02992,Line_A,168.5,6.45,39.8,2.82,0.57,13,77.7,0
UNIT_02993,Line_C,178.8,4.92,40.2,2.73,1.72,1,88.4,0
UNIT_02994,Line_C,190.7,4.83,39.5,2.58,0.14,7,94.7,0
UNIT_02995,Line_B,187.1,4.75,47.2,3.02,0.62,8,76.8,0
UNIT_02996,Line_A,182.1,4.42,43.6,3.18,1.06,15,74.3,0
UNIT_02997,Line_B,186.3,5.41,47.6,3.38,1.47,13,76.6,0
UNIT_02998,Line_B,171.7,4.59,47.9,2.53,1.35,9,99.5,1
UNIT_02999,Line_B,177.1,4.66,38.6,2.67,0.24,0,80.1,0
UNIT_03000,Line_C,179.8,4.68,38.5,2.97,0.9,0,75.4,0
UNIT_03001,Line_C,161.0,4.41,43.6,3.7,0.74,16,87.9,1
UNIT_03002,Line_C,166.1,3.95,40.3,3.22,0.12,13,63.2,0
UNIT_03003,Line_C,166.5,4.72,39.7,3.09,0.22,6,77.4,0
UNIT_03004,Line_C,189.2,5.52,55.2,2.69,0.09,15,96.3,0
UNIT_03005,Line_B,182.9,5.12,35.8,2.47,0.12,18,77.4,0
UNIT_03006,Line_B,187.3,5.94,57.1,3.01,0.24,0,82.9,1
UNIT_03007,Line_B,157.9,5.45,46.7,2.98,0.59,18,87.4,0
UNIT_03008,Line_B,162.2,5.31,50.9,2.93,0.61,4,87.4,0
UNIT_03009,Line_C,188.0,6.13,50.2,2.9,0.88,15,80.7,1
UNIT_03010,Line_B,146.7,4.94,48.7,2.81,0.38,11,89.4,0
UNIT_03011,Line_B,194.7,5.04,55.0,2.76,1.52,14,96.6,1
UNIT_03012,Line_A,158.1,4.99,38.5,3.35,1.29,2,76.5,0
UNIT_03013,Line_C,190.1,5.93,44.1,2.78,0.86,12,81.1,0
UNIT_03014,Line_B,169.3,5.0,39.9,2.93,1.99,19,84.2,0
UNIT_03015,Line_B,192.6,4.61,34.8,2.99,0.8,15,90.6,0
UNIT_03016,Line_B,218.5,5.35,41.0,3.18,0.17,15,85.3,0
UNIT_03017,Line_A,152.7,4.51,56.2,2.79,1.04,3,84.0,1
UNIT_03018,Line_B,188.3,5.32,44.0,3.24,0.71,5,72.6,0
UNIT_03019,Line_C,158.3,5.25,56.9,2.86,0.47,16,75.9,0
UNIT_03020,Line_B,185.1,4.89,57.5,2.96,0.53,8,86.5,0
UNIT_03021,Line_A,177.5,5.34,63.0,3.41,0.93,11,80.9,0
UNIT_03022,Line_B,181.6,4.11,56.4,2.76,0.83,3,82.3,1
UNIT_03023,Line_A,169.1,5.1,59.1,3.18,2.27,15,84.5,0
UNIT_03024,Line_B,189.4,4.72,47.0,3.25,0.75,8,100.0,1
UNIT_03025,Line_B,162.6,6.72,46.4,3.08,0.8,9,81.0,1
UNIT_03026,Line_A,194.9,5.09,46.8,2.97,0.7,19,96.1,0
UNIT_03027,Line_C,175.1,4.64,45.0,3.53,0.69,12,95.5,1
UNIT_03028,Line_A,163.2,4.17,45.9,3.0,0.25,8,91.4,0
UNIT_03029,Line_C,199.1,5.78,49.5,3.05,0.42,6,78.2,0
UNIT_03030,Line_C,179.2,4.79,42.2,2.92,0.91,12,86.1,0
UNIT_03031,Line_A,202.9,4.53,36.7,3.04,0.17,8,81.9,0
UNIT_03032,Line_B,194.7,5.2,47.2,3.24,0.54,4,100.0,0
UNIT_03033,Line_A,170.4,5.39,40.8,2.93,1.6,7,88.3,0
UNIT_03034,Line_A,179.0,5.38,41.5,2.47,0.52,5,83.3,0
UNIT_03035,Line_C,181.5,5.01,44.1,3.13,1.91,14,99.3,0
UNIT_03036,Line_C,198.3,5.1,42.8,2.73,0.53,10,82.2,0
UNIT_03037,Line_A,185.3,5.14,51.7,3.19,1.35,4,89.4,0
UNIT_03038,Line_A,182.1,5.2,44.0,3.0,0.72,2,90.6,0
UNIT_03039,Line_A,177.6,5.25,52.0,3.24,0.26,18,87.8,0
UNIT_03040,Line_B,179.4,5.66,46.2,2.76,2.22,17,84.1,1
UNIT_03041,Line_A,195.7,5.03,44.5,2.87,0.23,16,91.7,0
UNIT_03042,Line_A,180.0,4.51,45.9,2.91,0.45,14,80.0,0
UNIT_03043,Line_B,175.3,4.91,37.3,2.63,2.41,17,93.9,1
UNIT_03044,Line_A,173.2,5.45,47.0,3.28,0.8,12,82.7,0
UNIT_03045,Line_C,173.4,3.93,50.1,2.59,0.35,18,95.7,0
UNIT_03046,Line_C,163.2,3.93,50.9,3.27,0.7,18,93.4,0
UNIT_03047,Line_C,171.0,5.55,36.9,3.11,1.02,8,89.4,0
UNIT_03048,Line_A,198.0,5.91,35.9,2.95,0.52,4,84.3,0
UNIT_03049,Line_C,177.5,4.24,41.8,3.09,1.71,17,93.8,0
UNIT_03050,Line_C,188.5,5.06,53.3,3.08,0.37,16,89.6,0
UNIT_03051,Line_A,150.3,4.76,46.3,2.9,0.09,8,59.3,0
UNIT_03052,Line_C,186.8,4.84,40.4,3.07,1.25,18,78.5,0
UNIT_03053,Line_B,178.1,5.18,36.3,3.18,0.61,2,86.3,0
UNIT_03054,Line_C,174.2,4.22,40.9,2.76,1.35,16,87.2,0
UNIT_03055,Line_B,182.2,4.34,40.5,3.09,0.5,0,90.7,0
UNIT_03056,Line_C,174.1,4.82,50.6,2.34,0.91,2,97.4,1
UNIT_03057,Line_A,154.5,4.91,51.1,2.52,0.48,1,89.7,0
UNIT_03058,Line_B,191.1,4.32,38.7,3.14,0.56,1,68.3,0
UNIT_03059,Line_A,182.9,5.47,49.5,2.9,0.18,3,86.6,0
UNIT_03060,Line_A,176.2,4.75,48.9,2.79,0.25,7,94.7,0
UNIT_03061,Line_A,168.4,4.75,37.9,2.99,0.84,7,85.9,0
UNIT_03062,Line_B,162.4,5.17,44.5,2.9,1.25,8,86.6,0
UNIT_03063,Line_A,182.7,4.92,47.0,2.75,0.9,19,81.0,0
UNIT_03064,Line_C,199.4,5.5,46.0,2.59,0.3,10,92.6,0
UNIT_03065,Line_B,182.4,4.44,34.7,2.51,0.97,4,82.2,1
UNIT_03066,Line_C,163.4,4.16,45.8,3.18,0.3,2,89.7,0
UNIT_03067,Line_C,182.7,4.81,48.8,2.89,0.83,18,88.4,1
UNIT_03068,Line_A,179.4,5.04,54.5,3.24,0.38,5,85.4,0
UNIT_03069,Line_A,190.4,4.26,41.0,2.89,0.59,16,88.9,0
UNIT_03070,Line_B,187.3,4.17,41.7,3.09,0.41,15,86.6,0
UNIT_03071,Line_B,144.2,5.11,43.7,2.97,1.0,17,95.2,0
UNIT_03072,Line_A,186.5,4.55,46.7,3.01,0.46,2,90.4,0
UNIT_03073,Line_C,168.0,4.13,45.6,3.02,1.02,15,93.3,0
UNIT_03074,Line_B,162.9,5.58,48.6,2.89,0.06,15,78.9,0
UNIT_03075,Line_C,177.7,4.62,38.2,2.69,1.3,19,78.4,0
UNIT_03076,Line_A,184.9,5.69,47.4,3.19,0.29,14,85.5,0
UNIT_03077,Line_C,160.3,5.02,40.5,3.4,1.81,2,91.0,0
UNIT_03078,Line_A,188.5,5.18,44.1,3.41,0.49,9,89.3,0
UNIT_03079,Line_B,189.2,4.87,55.2,2.86,1.58,9,79.0,0
UNIT_03080,Line_B,180.6,3.41,36.6,2.82,0.12,9,91.2,0
UNIT_03081,Line_C,169.6,4.32,43.3,2.86,1.43,6,80.0,1
UNIT_03082,Line_A,168.2,4.92,37.4,2.96,0.34,16,90.4,0
UNIT_03083,Line_A,192.3,5.22,45.9,2.99,1.42,5,87.3,0
UNIT_03084,Line_B,161.9,3.93,51.3,2.75,0.66,8,83.2,1
UNIT_03085,Line_B,192.8,4.97,46.0,2.63,0.53,8,80.7,0
UNIT_03086,Line_A,178.0,4.33,44.3,3.01,1.61,12,86.1,0
UNIT_03087,Line_A,178.8,5.14,53.0,2.12,0.43,9,85.7,0
UNIT_03088,Line_A,159.5,4.99,47.0,2.97,1.9,19,76.6,0
UNIT_03089,Line_B,178.2,5.45,49.9,2.76,0.55,19,89.8,1
UNIT_03090,Line_B,187.4,5.64,49.3,3.2,0.71,9,94.3,0
UNIT_03091,Line_B,164.0,5.28,27.7,3.26,0.77,5,91.9,0
UNIT_03092,Line_C,186.0,5.52,44.5,3.27,0.24,15,87.5,0
UNIT_03093,Line_A,181.1,4.79,38.5,2.91,0.87,18,81.4,1
UNIT_03094,Line_C,172.3,6.69,40.0,2.72,0.34,17,86.0,1
UNIT_03095,Line_C,190.3,4.27,53.8,2.8,0.28,3,83.9,0
UNIT_03096,Line_A,153.6,4.68,42.8,3.07,0.28,1,,0
UNIT_03097,Line_A,184.2,5.54,56.4,2.59,0.49,13,92.5,0
UNIT_03098,Line_A,199.4,5.45,36.6,3.35,1.66,6,84.1,1
UNIT_03099,Line_A,197.3,5.29,38.5,2.92,0.38,6,70.3,0
UNIT_03100,Line_B,184.7,5.41,49.6,3.13,0.86,0,91.4,0
UNIT_03101,Line_A,176.4,3.75,43.0,2.55,1.56,19,88.2,1
UNIT_03102,Line_A,172.4,5.95,46.8,2.77,0.56,0,86.2,0
UNIT_03103,Line_B,176.4,4.88,44.3,2.52,0.76,12,75.6,0
UNIT_03104,Line_C,186.5,5.75,44.1,3.26,1.74,18,78.3,0
UNIT_03105,Line_A,170.3,3.78,43.2,2.96,0.98,1,79.3,1
UNIT_03106,Line_C,189.1,5.15,46.1,3.14,0.9,12,80.3,0
UNIT_03107,Line_B,205.6,4.66,48.8,3.02,0.66,18,81.1,0
UNIT_03108,Line_C,179.3,5.34,54.7,3.12,1.87,8,75.5,0
UNIT_03109,Line_A,163.9,5.19,43.8,2.92,0.49,5,,0
UNIT_03110,Line_B,163.9,5.22,42.6,2.95,0.44,14,97.0,0
UNIT_03111,Line_C,189.3,4.36,41.9,2.98,0.52,18,87.2,0
UNIT_03112,Line_A,179.3,4.97,53.8,3.1,1.04,11,84.7,0
UNIT_03113,Line_C,190.5,4.89,49.1,3.11,0.82,0,99.6,0
UNIT_03114,Line_B,173.6,5.3,33.6,3.7,0.31,13,98.0,1
UNIT_03115,Line_B,190.0,5.59,33.3,3.42,1.13,4,79.1,1
UNIT_03116,Line_B,178.1,5.09,40.0,2.56,0.97,19,87.0,0
UNIT_03117,Line_B,171.2,4.23,46.4,2.96,0.38,5,83.5,0
UNIT_03118,Line_A,175.2,5.06,44.8,2.9,0.87,12,82.8,0
UNIT_03119,Line_C,165.6,6.57,48.1,3.32,1.32,13,83.7,1
UNIT_03120,Line_B,203.9,5.99,43.9,2.92,0.54,8,84.3,0
UNIT_03121,Line_C,178.8,3.22,53.4,3.12,0.12,15,86.7,0
UNIT_03122,Line_B,187.7,5.04,49.6,2.42,0.62,17,86.7,1
UNIT_03123,Line_B,173.6,5.56,45.5,2.62,0.51,12,96.5,0
UNIT_03124,Line_B,167.4,4.89,51.9,3.52,0.08,15,78.5,0
UNIT_03125,Line_C,177.2,4.72,35.1,3.01,0.45,1,92.7,1
UNIT_03126,Line_C,193.2,4.84,44.5,2.75,0.25,4,76.4,0
UNIT_03127,Line_C,173.8,5.33,45.8,3.06,1.59,8,86.9,0
UNIT_03128,Line_B,169.6,4.31,48.6,2.74,1.6,2,93.3,1
UNIT_03129,Line_C,181.9,5.71,34.7,2.93,0.92,9,89.6,0
UNIT_03130,Line_B,186.0,4.97,43.4,2.64,0.59,1,82.5,0
UNIT_03131,Line_B,199.7,4.44,47.4,2.8,0.49,7,87.3,0
UNIT_03132,Line_C,184.2,5.67,47.9,2.9,1.25,1,98.2,0
UNIT_03133,Line_A,187.7,4.07,52.1,3.28,0.56,8,80.3,0
UNIT_03134,Line_C,188.6,4.67,49.6,3.12,0.64,8,89.5,1
UNIT_03135,Line_A,166.2,4.66,44.6,3.16,0.8,9,92.7,0
UNIT_03136,Line_B,168.4,6.29,49.0,2.99,1.85,19,81.9,1
UNIT_03137,Line_B,167.0,4.59,43.8,3.21,0.14,11,98.9,1
UNIT_03138,Line_B,164.0,3.71,45.9,2.78,0.39,2,100.0,1
UNIT_03139,Line_B,189.5,4.65,49.8,2.82,0.2,12,93.8,0
UNIT_03140,Line_B,183.5,5.27,44.7,3.1,0.9,19,93.8,0
UNIT_03141,Line_B,181.0,5.47,47.2,2.93,0.14,4,71.2,0
UNIT_03142,Line_B,148.9,6.37,50.8,3.0,0.34,1,74.4,1
UNIT_03143,Line_B,204.7,5.84,49.3,2.96,0.74,18,84.3,0
UNIT_03144,Line_C,169.3,5.11,52.4,3.31,1.13,3,79.7,0
UNIT_03145,Line_B,204.6,4.47,59.0,3.33,0.61,16,90.0,0
UNIT_03146,Line_B,162.6,5.97,49.2,2.84,0.34,8,62.2,0
UNIT_03147,Line_C,170.3,4.78,42.2,2.56,0.51,15,90.0,1
UNIT_03148,Line_C,153.6,4.61,48.1,2.82,0.49,14,83.6,0
UNIT_03149,Line_A,184.3,4.75,47.8,2.78,1.23,16,80.7,0
UNIT_03150,Line_C,166.8,4.25,48.7,3.21,0.37,15,100.0,1
UNIT_03151,Line_A,167.1,4.72,54.0,3.23,1.18,10,82.5,0
UNIT_03152,Line_A,163.5,4.86,34.9,2.74,0.6,4,72.1,0
UNIT_03153,Line_C,189.3,5.44,54.1,2.81,1.39,19,88.7,0
UNIT_03154,Line_A,188.5,4.77,56.1,2.63,0.7,3,88.1,0
UNIT_03155,Line_C,201.7,4.24,48.4,3.03,0.41,7,83.6,0
UNIT_03156,Line_C,171.8,4.04,48.6,2.99,1.37,5,100.0,0
UNIT_03157,Line_C,182.6,5.13,43.6,3.2,2.45,8,86.7,0
UNIT_03158,Line_C,164.5,5.04,45.0,3.12,0.74,4,93.1,0
UNIT_03159,Line_C,176.0,4.67,49.2,3.15,1.24,16,87.6,0
UNIT_03160,Line_A,173.8,4.72,48.8,2.61,0.72,8,95.2,0
UNIT_03161,Line_C,185.6,5.23,49.3,2.84,0.36,17,82.4,0
UNIT_03162,Line_A,192.2,5.83,48.8,3.24,1.43,0,76.5,1
UNIT_03163,Line_A,191.9,4.53,50.4,2.87,0.23,8,91.1,0
UNIT_03164,Line_A,169.9,5.05,49.7,2.59,0.2,11,87.4,1
UNIT_03165,Line_B,192.0,5.57,38.9,3.2,1.44,16,91.4,0
UNIT_03166,Line_C,179.5,4.53,50.0,2.86,0.52,14,80.1,0
UNIT_03167,Line_A,176.1,4.99,56.2,3.27,0.25,12,88.8,0
UNIT_03168,Line_C,171.5,4.98,44.8,3.0,1.91,16,72.2,0
UNIT_03169,Line_B,173.3,4.21,54.0,2.93,1.08,7,81.2,1
UNIT_03170,Line_B,200.9,5.1,39.5,3.34,0.61,19,79.4,0
UNIT_03171,Line_C,183.7,5.02,44.8,2.67,0.84,18,89.0,0
UNIT_03172,Line_B,182.1,5.33,41.2,3.36,0.77,18,81.1,0
UNIT_03173,Line_B,176.9,4.29,53.3,2.84,1.07,10,74.0,0
UNIT_03174,Line_C,209.4,5.01,54.8,3.04,0.59,1,80.5,0
UNIT_03175,Line_B,195.7,5.83,44.4,3.04,1.14,16,89.8,0
UNIT_03176,Line_B,171.3,6.25,52.0,2.89,0.73,8,86.0,0
UNIT_03177,Line_A,176.7,5.77,54.9,2.81,0.09,16,79.0,1
UNIT_03178,Line_A,177.4,4.29,44.8,2.91,0.43,1,91.7,0
UNIT_03179,Line_A,181.8,5.27,45.8,2.75,0.99,1,97.5,0
UNIT_03180,Line_A,171.6,4.71,49.4,3.49,0.19,6,92.3,1
UNIT_03181,Line_A,185.3,5.17,39.9,2.88,0.74,17,66.5,0
UNIT_03182,Line_C,197.4,4.54,45.7,3.29,0.53,0,86.9,0
UNIT_03183,Line_A,164.2,3.97,57.9,3.26,1.94,3,83.9,1
UNIT_03184,Line_B,166.5,4.79,42.0,3.09,1.16,9,68.7,0
UNIT_03185,Line_C,174.2,5.43,50.1,2.97,0.2,16,74.7,0
UNIT_03186,Line_C,174.8,5.17,48.1,3.05,1.03,3,91.4,0
UNIT_03187,Line_B,204.0,5.24,44.0,3.14,0.52,15,86.5,0
UNIT_03188,Line_A,192.0,5.13,46.3,3.03,0.69,9,85.6,0
UNIT_03189,Line_C,191.3,5.24,55.5,2.61,0.52,14,79.8,1
UNIT_03190,Line_A,176.8,5.32,48.3,2.55,1.98,14,93.7,1
UNIT_03191,Line_C,176.6,4.84,49.3,3.38,1.87,18,75.2,0
UNIT_03192,Line_C,162.6,5.05,54.6,2.34,0.37,1,77.9,0
UNIT_03193,Line_A,189.4,6.05,43.3,3.05,1.39,12,82.5,0
UNIT_03194,Line_C,185.9,5.09,38.7,2.94,0.42,9,72.8,0
UNIT_03195,Line_A,195.4,5.03,55.6,3.04,0.35,6,77.9,0
UNIT_03196,Line_A,177.5,5.06,45.8,2.72,0.74,14,93.5,0
UNIT_03197,Line_C,178.3,4.87,50.4,3.09,0.66,11,78.2,0
UNIT_03198,Line_C,182.0,4.74,40.4,3.05,0.3,8,91.2,0
UNIT_03199,Line_A,190.7,5.13,47.3,3.69,0.15,13,90.1,1
UNIT_03200,Line_C,162.4,4.7,38.4,3.03,0.69,11,83.7,0
UNIT_03201,Line_C,188.8,4.91,45.4,3.34,0.3,7,73.6,0
UNIT_03202,Line_C,179.8,4.53,41.1,2.63,0.55,6,85.5,0
UNIT_03203,Line_A,167.3,5.06,39.7,3.26,1.48,5,68.1,0
UNIT_03204,Line_A,155.0,5.35,43.2,3.06,0.58,5,80.8,0
UNIT_03205,Line_C,178.4,4.87,31.2,3.07,0.14,9,86.9,0
UNIT_03206,Line_C,197.4,3.79,38.0,3.07,1.37,3,92.0,1
UNIT_03207,Line_C,200.1,5.35,49.7,3.43,0.93,17,83.8,0
UNIT_03208,Line_B,184.3,5.07,47.1,3.06,1.22,11,80.1,0
UNIT_03209,Line_A,203.5,4.4,38.6,2.8,0.65,12,79.5,1
UNIT_03210,Line_C,179.5,5.46,48.3,2.85,0.65,11,81.3,0
UNIT_03211,Line_A,191.4,4.16,39.7,3.2,2.56,17,90.0,0
UNIT_03212,Line_B,174.6,5.63,49.3,3.11,0.94,16,87.8,1
UNIT_03213,Line_C,173.8,4.97,44.3,2.62,1.35,9,84.8,0
UNIT_03214,Line_B,171.9,3.64,43.0,3.13,3.97,6,90.0,1
UNIT_03215,Line_A,155.3,5.11,44.5,2.73,2.5,18,85.0,0
UNIT_03216,Line_A,195.4,4.76,60.4,3.11,0.24,11,74.3,0
UNIT_03217,Line_B,172.3,4.67,40.4,2.8,0.29,15,76.1,0
UNIT_03218,Line_C,170.4,4.56,46.4,2.93,0.2,2,89.8,0
UNIT_03219,Line_B,165.8,4.92,49.7,2.86,0.64,7,74.0,0
UNIT_03220,Line_C,177.5,4.71,39.2,3.38,2.88,5,82.0,1
UNIT_03221,Line_A,201.2,3.89,35.4,3.1,0.02,8,84.1,1
UNIT_03222,Line_C,205.1,5.76,41.4,3.32,0.42,10,76.7,1
UNIT_03223,Line_C,160.1,4.85,49.6,3.72,0.65,19,71.7,1
UNIT_03224,Line_B,175.7,4.56,42.9,3.01,0.27,2,75.6,0
UNIT_03225,Line_C,167.6,4.32,43.6,3.38,0.53,19,70.5,1
UNIT_03226,Line_B,191.9,5.46,50.5,2.83,0.56,16,89.9,0
UNIT_03227,Line_B,183.4,4.22,40.2,3.31,0.18,8,88.2,0
UNIT_03228,Line_C,172.4,5.08,44.5,2.8,1.19,5,78.9,0
UNIT_03229,Line_C,180.9,4.65,35.9,3.0,0.54,16,74.1,0
UNIT_03230,Line_C,174.3,4.68,46.9,3.13,0.25,2,94.3,1
UNIT_03231,Line_A,199.4,4.34,46.4,3.17,0.66,18,88.5,0
UNIT_03232,Line_C,186.6,4.63,49.8,2.68,1.16,18,80.0,1
UNIT_03233,Line_A,188.0,5.01,38.1,2.78,0.61,5,94.5,0
UNIT_03234,Line_B,148.0,5.14,43.8,3.15,0.27,11,86.1,0
UNIT_03235,Line_B,179.2,4.53,37.3,2.91,0.75,10,87.5,0
UNIT_03236,Line_B,205.0,4.95,43.5,2.65,2.39,15,76.7,1
UNIT_03237,Line_C,195.9,5.53,53.9,2.98,0.41,15,72.9,0
UNIT_03238,Line_C,157.8,4.0,43.1,2.97,0.31,19,72.4,1
UNIT_03239,Line_A,176.2,5.0,36.8,3.04,0.46,1,100.0,0
UNIT_03240,Line_A,165.6,4.43,40.9,3.13,0.33,16,78.4,0
UNIT_03241,Line_A,200.5,4.37,35.3,3.12,0.34,16,85.5,0
UNIT_03242,Line_C,182.9,5.16,37.2,2.81,0.22,14,88.7,0
UNIT_03243,Line_B,170.8,4.67,49.0,2.9,1.35,4,84.8,0
UNIT_03244,Line_C,180.4,4.27,36.3,3.23,1.09,14,83.8,0
UNIT_03245,Line_C,148.7,5.79,46.9,2.86,0.51,9,83.6,1
UNIT_03246,Line_C,167.0,5.55,45.2,2.9,0.39,5,88.8,0
UNIT_03247,Line_A,180.4,3.84,41.8,2.62,0.88,7,76.7,0
UNIT_03248,Line_A,190.1,4.12,46.4,2.99,0.74,8,81.5,0
UNIT_03249,Line_B,156.7,5.36,39.4,3.09,0.72,14,66.6,0
UNIT_03250,Line_B,175.4,4.83,50.0,2.51,1.64,4,70.1,0
UNIT_03251,Line_C,192.1,5.9,40.8,2.73,0.96,4,74.6,1
UNIT_03252,Line_A,162.6,5.37,42.7,2.64,5.02,7,91.8,1
UNIT_03253,Line_B,182.8,5.18,42.0,3.2,0.43,9,82.8,0
UNIT_03254,Line_A,180.8,4.39,49.1,2.52,2.46,18,90.6,0
UNIT_03255,Line_A,200.6,5.29,48.3,2.98,0.92,5,88.1,0
UNIT_03256,Line_A,177.2,4.23,29.3,3.18,0.26,18,87.1,0
UNIT_03257,Line_A,177.9,5.78,46.5,3.05,0.36,1,77.4,0
UNIT_03258,Line_B,190.3,5.25,34.5,2.89,1.05,10,85.6,0
UNIT_03259,Line_B,164.1,4.51,43.0,3.09,0.2,16,87.0,1
UNIT_03260,Line_B,177.3,5.48,44.4,3.26,0.61,6,100.0,0
UNIT_03261,Line_B,174.5,6.34,42.9,2.97,3.07,4,82.2,1
UNIT_03262,Line_C,178.3,4.87,48.0,2.44,0.03,12,90.9,0
UNIT_03263,Line_C,190.2,5.33,49.3,3.29,0.61,4,84.0,0
UNIT_03264,Line_B,186.6,4.74,40.4,3.1,0.36,0,79.4,0
UNIT_03265,Line_B,171.0,5.05,40.1,2.99,2.52,0,92.0,0
UNIT_03266,Line_C,181.6,4.1,44.8,2.5,0.57,9,100.0,1
UNIT_03267,Line_C,197.9,5.0,35.7,2.93,0.31,10,87.1,0
UNIT_03268,Line_A,170.0,5.03,42.1,2.78,0.21,0,79.5,0
UNIT_03269,Line_C,181.7,6.08,53.1,2.7,0.24,5,88.7,0
UNIT_03270,Line_A,177.7,3.92,36.0,2.97,2.27,15,87.2,1
UNIT_03271,Line_B,179.2,4.83,43.0,2.87,0.05,11,100.0,0
UNIT_03272,Line_B,160.4,5.77,41.4,2.88,0.95,12,90.9,0
UNIT_03273,Line_B,196.9,4.85,57.0,3.18,1.75,14,77.5,0
UNIT_03274,Line_A,170.7,4.9,41.8,3.06,0.6,18,95.2,0
UNIT_03275,Line_C,192.3,4.5,42.1,2.88,0.24,0,91.2,0
UNIT_03276,Line_A,172.5,4.44,38.8,2.84,0.94,9,92.5,1
UNIT_03277,Line_A,172.5,3.9,45.1,2.89,0.29,4,88.6,0
UNIT_03278,Line_C,194.6,4.62,46.6,2.94,0.39,13,93.1,0
UNIT_03279,Line_C,191.9,4.41,39.7,3.15,0.33,7,88.5,1
UNIT_03280,Line_A,182.5,5.07,50.9,2.74,0.34,3,83.0,1
UNIT_03281,Line_C,189.1,4.53,46.6,3.36,1.29,17,86.1,0
UNIT_03282,Line_C,176.5,4.71,50.1,3.15,0.55,10,84.1,0
UNIT_03283,Line_A,179.9,4.73,43.0,2.32,0.99,2,87.7,1
UNIT_03284,Line_B,172.1,4.97,46.5,3.02,0.99,4,85.6,0
UNIT_03285,Line_B,190.8,4.68,43.7,3.26,0.64,14,82.5,0
UNIT_03286,Line_A,171.7,4.36,53.7,3.1,1.83,9,83.5,0
UNIT_03287,Line_A,197.8,5.05,45.7,2.9,0.27,19,85.0,0
UNIT_03288,Line_A,176.2,5.64,45.1,2.98,0.59,1,70.8,0
UNIT_03289,Line_A,180.2,5.08,42.3,3.04,0.1,1,93.2,0
UNIT_03290,Line_B,189.1,4.63,41.9,3.19,0.68,13,,0
UNIT_03291,Line_B,180.3,4.93,46.4,2.65,1.24,6,80.1,0
UNIT_03292,Line_A,176.4,3.77,49.9,2.85,0.18,17,89.7,0
UNIT_03293,Line_A,179.6,4.92,40.9,3.41,0.4,15,80.9,0
UNIT_03294,Line_A,190.7,4.76,45.8,3.01,0.33,0,80.9,0
UNIT_03295,Line_C,172.0,4.44,46.1,3.38,0.03,18,88.0,0
UNIT_03296,Line_A,178.5,4.55,47.2,3.75,0.24,19,96.4,1
UNIT_03297,Line_C,180.1,4.75,34.8,2.88,1.04,4,87.2,0
UNIT_03298,Line_B,190.4,5.6,39.5,2.7,0.62,12,78.8,1
UNIT_03299,Line_C,178.8,5.66,36.8,2.93,0.82,12,82.2,1
UNIT_03300,Line_B,201.7,4.44,45.2,3.27,1.24,0,91.8,1
UNIT_03301,Line_A,178.1,4.69,39.6,3.31,2.14,14,88.2,0
UNIT_03302,Line_B,177.1,4.7,42.0,3.57,0.24,19,92.7,0
UNIT_03303,Line_A,177.9,5.49,37.8,2.99,0.96,8,88.1,0
UNIT_03304,Line_A,164.2,5.09,42.6,3.12,0.39,19,91.2,0
UNIT_03305,Line_A,167.6,5.06,38.3,2.82,0.26,13,100.0,0
UNIT_03306,Line_A,173.6,5.32,49.5,2.37,0.5,14,74.2,1
UNIT_03307,Line_A,193.6,4.64,47.9,2.99,0.99,10,100.0,0
UNIT_03308,Line_A,179.6,5.82,45.9,2.71,0.67,13,92.5,0
UNIT_03309,Line_C,174.2,5.0,43.2,3.16,0.45,18,100.0,1
UNIT_03310,Line_B,194.7,4.49,32.8,2.53,1.07,11,77.1,1
UNIT_03311,Line_B,198.6,4.86,42.3,2.82,1.01,10,88.1,0
UNIT_03312,Line_C,195.1,5.74,40.4,3.07,0.43,3,86.3,1
UNIT_03313,Line_A,169.8,4.74,46.5,3.09,0.95,10,92.1,0
UNIT_03314,Line_B,174.1,5.57,48.7,2.99,0.65,17,88.8,0
UNIT_03315,Line_C,201.8,4.62,46.9,3.47,0.34,13,87.9,0
UNIT_03316,Line_B,182.9,4.54,52.6,3.39,1.01,14,91.2,0
UNIT_03317,Line_B,176.8,5.4,41.6,2.83,1.03,3,84.1,0
UNIT_03318,Line_A,188.6,4.48,41.3,3.4,0.22,16,80.9,0
UNIT_03319,Line_A,192.1,5.49,51.2,3.44,0.95,10,88.6,0
UNIT_03320,Line_A,173.1,5.21,46.0,2.97,1.36,9,80.9,0
UNIT_03321,Line_A,182.6,4.48,43.5,3.01,0.24,1,84.0,0
UNIT_03322,Line_C,191.1,4.96,56.1,2.99,0.75,17,73.5,0
UNIT_03323,Line_B,166.1,4.67,48.5,2.84,0.25,12,85.4,0
UNIT_03324,Line_B,180.1,5.21,43.9,2.86,0.27,6,77.6,0
UNIT_03325,Line_C,166.6,6.13,40.9,3.33,0.13,10,84.7,0
UNIT_03326,Line_A,168.2,4.78,53.0,3.11,1.48,18,76.3,0
UNIT_03327,Line_A,173.2,5.32,46.2,2.86,1.36,16,84.8,0
UNIT_03328,Line_B,185.7,5.01,45.1,2.77,1.42,5,92.2,0
UNIT_03329,Line_C,176.1,5.01,49.1,2.81,0.46,15,80.2,0
UNIT_03330,Line_B,172.2,4.9,50.3,2.96,1.24,0,77.5,0
UNIT_03331,Line_C,180.6,4.49,48.3,3.23,0.26,8,91.3,0
UNIT_03332,Line_A,166.2,5.2,50.3,2.78,0.21,10,92.3,0
UNIT_03333,Line_C,185.1,4.83,47.7,3.23,0.47,13,88.4,0
UNIT_03334,Line_A,193.6,4.46,48.3,3.05,1.31,0,81.3,0
UNIT_03335,Line_A,179.0,5.61,40.6,3.04,0.76,6,80.0,0
UNIT_03336,Line_B,177.6,5.06,55.9,3.26,0.43,5,82.3,0
UNIT_03337,Line_A,184.5,4.86,37.6,3.21,0.41,7,84.5,0
UNIT_03338,Line_C,155.7,5.8,46.9,2.65,1.48,13,71.2,1
UNIT_03339,Line_C,186.4,3.9,37.0,2.73,1.09,1,77.1,1
UNIT_03340,Line_B,217.2,5.76,44.4,2.94,1.54,14,95.0,1
UNIT_03341,Line_A,178.5,4.47,41.6,3.09,1.47,2,86.7,0
UNIT_03342,Line_A,178.6,5.13,45.8,3.34,0.1,10,94.8,0
UNIT_03343,Line_B,188.9,4.65,47.1,3.02,1.34,16,93.1,0
UNIT_03344,Line_B,199.7,4.45,39.3,3.43,1.11,17,82.5,1
UNIT_03345,Line_C,191.7,5.79,44.8,2.82,0.28,19,82.6,0
UNIT_03346,Line_B,154.1,6.11,53.4,2.87,0.47,8,92.7,0
UNIT_03347,Line_A,186.8,4.87,37.1,2.92,0.56,9,91.1,0
UNIT_03348,Line_A,210.9,5.2,39.9,2.8,2.1,18,92.9,0
UNIT_03349,Line_C,187.5,5.03,50.2,3.29,0.67,2,84.9,0
UNIT_03350,Line_A,166.1,6.04,45.5,2.31,1.07,18,86.1,1
UNIT_03351,Line_C,183.4,3.73,45.9,2.87,1.33,1,83.0,0
UNIT_03352,Line_A,164.6,5.23,51.1,3.29,0.44,1,84.6,0
UNIT_03353,Line_C,194.8,4.56,40.2,2.92,1.46,0,79.5,1
UNIT_03354,Line_C,168.5,3.59,41.9,3.27,0.61,4,84.4,1
UNIT_03355,Line_B,180.9,4.78,41.1,3.55,3.1,17,83.7,1
UNIT_03356,Line_A,169.7,6.11,42.9,3.02,0.28,4,81.3,1
UNIT_03357,Line_C,173.4,4.61,53.0,3.29,0.57,8,91.3,0
UNIT_03358,Line_A,197.8,5.47,34.8,3.6,1.38,16,73.7,1
UNIT_03359,Line_B,181.2,5.72,37.8,3.1,0.35,17,87.7,0
UNIT_03360,Line_C,173.3,4.99,36.8,2.99,1.16,8,77.6,0
UNIT_03361,Line_C,166.3,5.07,53.4,3.23,0.49,7,78.2,1
UNIT_03362,Line_A,157.5,3.97,41.3,3.3,0.24,9,78.9,1
UNIT_03363,Line_C,165.0,4.57,43.0,2.99,0.2,11,88.8,0
UNIT_03364,Line_A,181.3,5.54,35.3,2.88,0.74,6,66.9,1
UNIT_03365,Line_C,191.8,5.04,43.4,3.43,0.91,13,86.3,1
UNIT_03366,Line_B,173.3,5.22,50.2,2.93,0.26,16,85.4,0
UNIT_03367,Line_A,198.8,5.08,46.5,3.3,0.97,1,77.2,0
UNIT_03368,Line_B,171.4,6.32,44.4,3.07,0.18,16,86.5,0
UNIT_03369,Line_A,177.1,4.74,35.6,3.46,0.45,13,75.3,0
UNIT_03370,Line_C,167.0,5.96,43.0,2.79,0.6,1,84.6,0
UNIT_03371,Line_A,191.9,5.08,45.9,2.79,0.56,15,75.0,0
UNIT_03372,Line_A,205.2,6.02,39.0,3.21,0.71,9,100.0,1
UNIT_03373,Line_B,158.9,4.27,48.9,2.72,0.58,0,91.9,1
UNIT_03374,Line_C,175.8,5.11,50.3,3.03,0.52,1,87.0,0
UNIT_03375,Line_B,195.2,4.76,41.8,3.39,0.52,1,77.4,1
UNIT_03376,Line_B,162.6,5.08,49.4,2.55,0.38,8,82.8,0
UNIT_03377,Line_B,186.8,5.73,44.3,3.1,0.98,10,83.1,0
UNIT_03378,Line_C,194.7,5.23,51.9,3.3,0.53,4,86.9,0
UNIT_03379,Line_B,180.9,5.73,57.2,2.99,0.34,19,88.2,0
UNIT_03380,Line_C,186.6,4.6,38.4,2.77,0.94,0,86.8,0
UNIT_03381,Line_C,201.1,4.51,49.6,2.93,0.84,19,87.7,0
UNIT_03382,Line_C,203.4,5.01,52.8,2.79,0.25,3,83.6,1
UNIT_03383,Line_C,179.3,4.98,39.2,3.02,1.65,2,87.7,0
UNIT_03384,Line_C,173.6,4.89,41.5,2.93,0.45,9,79.9,0
UNIT_03385,Line_A,169.0,4.42,41.5,2.87,0.47,15,76.5,0
UNIT_03386,Line_C,191.7,5.72,44.2,3.12,0.62,13,99.8,1
UNIT_03387,Line_C,163.5,4.78,42.9,3.39,0.82,15,88.3,1
UNIT_03388,Line_A,177.0,5.86,43.8,3.08,0.64,9,99.4,0
UNIT_03389,Line_C,181.2,5.01,50.0,3.34,0.31,17,82.8,0
UNIT_03390,Line_A,174.0,5.39,33.6,3.39,0.11,15,100.0,0
UNIT_03391,Line_B,183.4,5.33,39.2,2.85,1.63,0,85.6,0
UNIT_03392,Line_C,210.8,4.51,49.0,3.07,0.28,10,94.2,0
UNIT_03393,Line_A,178.5,5.22,48.3,2.89,0.89,19,85.3,0
UNIT_03394,Line_B,174.8,6.16,38.6,2.63,0.64,14,86.3,0
UNIT_03395,Line_C,192.2,5.15,48.4,3.09,0.08,16,84.1,0
UNIT_03396,Line_B,182.9,5.54,53.0,2.74,0.37,14,81.1,0
UNIT_03397,Line_C,197.3,5.42,44.7,3.12,1.9,12,92.8,0
UNIT_03398,Line_A,182.0,5.18,39.0,2.61,0.12,6,84.9,0
UNIT_03399,Line_C,177.0,5.11,50.2,3.04,0.49,1,91.6,0
UNIT_03400,Line_C,158.6,5.33,55.3,2.61,0.82,6,92.2,1
UNIT_03401,Line_C,160.6,5.46,39.7,3.17,0.28,4,96.3,0
UNIT_03402,Line_A,158.0,4.19,45.2,2.9,0.69,14,88.4,0
UNIT_03403,Line_C,184.6,5.15,51.5,2.88,0.95,6,72.9,0
UNIT_03404,Line_B,163.7,4.89,45.7,3.28,0.86,7,82.4,0
UNIT_03405,Line_B,195.1,4.77,34.5,2.92,0.69,17,84.8,0
UNIT_03406,Line_B,180.4,5.78,47.7,3.03,0.55,3,85.1,0
UNIT_03407,Line_B,177.1,4.56,39.1,2.95,0.29,15,95.5,0
UNIT_03408,Line_B,169.9,4.16,37.4,3.13,0.93,7,94.1,0
UNIT_03409,Line_B,187.5,5.48,34.6,3.26,0.63,18,83.8,1
UNIT_03410,Line_A,170.3,4.15,52.1,3.21,2.07,19,100.0,0
UNIT_03411,Line_C,168.2,3.84,40.0,2.88,1.1,8,82.2,1
UNIT_03412,Line_A,194.3,5.54,47.0,3.3,0.42,15,82.9,0
UNIT_03413,Line_A,184.3,5.1,48.5,2.77,0.75,18,76.3,0
UNIT_03414,Line_B,177.2,5.28,46.0,2.81,0.22,12,72.5,0
UNIT_03415,Line_B,187.7,4.73,46.8,2.97,0.11,17,75.6,0
UNIT_03416,Line_B,180.1,4.17,47.3,3.26,0.41,13,93.1,1
UNIT_03417,Line_C,184.6,4.29,45.8,2.71,0.18,0,90.9,0
UNIT_03418,Line_A,170.2,4.84,40.4,3.22,1.02,12,77.9,0
UNIT_03419,Line_A,204.8,4.24,39.9,2.99,1.95,4,85.8,0
UNIT_03420,Line_B,173.0,5.18,44.4,2.89,1.35,11,91.5,0
UNIT_03421,Line_C,198.7,4.72,44.2,3.27,0.47,15,68.7,0
UNIT_03422,Line_B,177.7,5.11,47.6,2.8,1.05,3,99.2,0
UNIT_03423,Line_B,189.7,5.09,51.6,3.57,0.39,13,93.4,0
UNIT_03424,Line_B,188.8,5.23,47.1,2.96,1.47,10,91.5,0
UNIT_03425,Line_C,193.8,5.3,40.1,3.04,0.95,4,94.6,0
UNIT_03426,Line_B,169.9,4.79,31.9,3.39,0.62,15,68.7,1
UNIT_03427,Line_C,192.9,5.11,40.4,3.04,0.59,15,83.3,0
UNIT_03428,Line_C,202.2,5.14,36.9,3.3,0.95,0,95.1,1
UNIT_03429,Line_A,176.9,3.54,40.6,2.51,0.59,6,84.9,1
UNIT_03430,Line_A,180.4,5.39,46.5,2.89,1.3,1,90.9,0
UNIT_03431,Line_C,173.7,5.09,45.5,3.1,0.46,12,96.6,0
UNIT_03432,Line_A,175.8,5.34,56.1,3.27,0.54,17,90.6,0
UNIT_03433,Line_B,200.5,4.23,47.9,3.19,0.57,18,82.9,0
UNIT_03434,Line_A,167.9,4.81,56.5,3.17,0.51,7,,0
UNIT_03435,Line_B,168.7,4.35,49.3,3.27,0.31,4,71.6,0
UNIT_03436,Line_A,199.3,5.45,51.5,3.12,0.43,6,88.9,0
UNIT_03437,Line_B,187.5,4.16,42.8,2.46,0.61,1,91.0,1
UNIT_03438,Line_C,205.4,4.44,38.6,3.36,0.58,6,86.2,0
UNIT_03439,Line_C,174.6,5.32,42.3,2.79,1.77,13,94.3,0
UNIT_03440,Line_C,181.5,4.62,44.9,3.08,0.82,0,87.2,0
UNIT_03441,Line_A,172.1,4.44,41.2,3.05,1.52,14,86.2,0
UNIT_03442,Line_B,181.7,5.54,39.0,3.01,0.15,16,99.7,0
UNIT_03443,Line_A,158.7,5.57,47.5,2.72,1.18,6,77.3,1
UNIT_03444,Line_C,188.2,5.43,39.0,2.52,0.82,15,96.1,0
UNIT_03445,Line_C,183.9,5.51,35.8,2.75,0.57,9,95.5,0
UNIT_03446,Line_A,179.3,4.86,38.3,3.21,0.29,19,91.8,0
UNIT_03447,Line_B,175.3,4.88,43.6,2.64,1.01,10,81.8,0
UNIT_03448,Line_B,169.3,4.61,39.1,2.78,0.91,11,87.7,0
UNIT_03449,Line_B,188.7,5.1,43.6,3.1,1.03,16,78.6,0
UNIT_03450,Line_B,165.9,4.68,48.6,2.74,0.42,5,80.5,0
UNIT_03451,Line_A,186.1,4.74,48.4,2.86,1.29,13,86.1,0
UNIT_03452,Line_B,204.9,5.36,41.0,3.02,0.96,17,77.9,0
UNIT_03453,Line_B,197.8,5.71,37.2,3.07,0.45,5,83.1,1
UNIT_03454,Line_C,161.9,5.24,41.5,2.74,1.65,16,76.2,0
UNIT_03455,Line_C,173.6,6.08,48.9,3.04,0.74,5,90.2,0
UNIT_03456,Line_C,185.1,4.58,50.3,3.1,0.12,12,98.1,0
UNIT_03457,Line_A,179.2,3.9,47.1,2.68,0.45,6,100.0,0
UNIT_03458,Line_C,163.2,5.43,52.2,3.05,1.28,12,76.7,0
UNIT_03459,Line_B,184.6,4.54,55.4,2.82,0.47,2,78.1,0
UNIT_03460,Line_B,179.9,4.84,42.1,3.03,0.65,16,84.6,0
UNIT_03461,Line_C,203.0,3.94,53.9,3.18,1.31,2,91.6,1
UNIT_03462,Line_C,177.0,4.46,43.4,2.96,0.47,6,84.3,0
UNIT_03463,Line_A,194.0,4.1,51.1,3.23,1.09,16,93.6,0
UNIT_03464,Line_B,164.8,4.74,49.3,3.2,0.22,1,90.2,0
UNIT_03465,Line_C,167.7,4.76,33.1,3.23,0.8,16,71.8,0
UNIT_03466,Line_B,188.7,5.05,39.2,3.1,0.77,8,86.4,0
UNIT_03467,Line_A,193.0,5.74,37.7,3.28,0.85,5,76.0,1
UNIT_03468,Line_B,168.5,5.41,34.3,3.1,0.93,16,81.4,0
UNIT_03469,Line_C,180.3,4.03,50.3,2.58,0.67,17,82.6,0
UNIT_03470,Line_A,163.4,5.36,57.4,2.8,0.61,17,91.8,0
UNIT_03471,Line_C,177.8,5.07,43.5,2.95,0.64,11,85.7,0
UNIT_03472,Line_C,190.0,4.94,50.1,2.98,1.61,3,82.2,0
UNIT_03473,Line_C,174.8,4.99,53.9,3.09,0.72,14,100.0,0
UNIT_03474,Line_A,177.0,5.12,46.2,2.8,2.44,14,78.8,1
UNIT_03475,Line_A,166.4,4.58,44.8,3.5,0.92,17,88.2,1
UNIT_03476,Line_B,172.2,4.89,43.5,2.97,0.72,14,91.2,0
UNIT_03477,Line_B,201.1,5.71,48.2,3.0,0.24,6,87.2,0
UNIT_03478,Line_B,180.9,4.58,50.2,2.83,1.14,8,78.7,0
UNIT_03479,Line_C,168.0,4.38,47.8,2.75,0.53,13,78.3,1
UNIT_03480,Line_C,176.2,4.96,47.6,2.97,1.26,15,90.9,0
UNIT_03481,Line_A,160.8,4.32,44.7,3.01,0.36,6,94.3,0
UNIT_03482,Line_C,167.8,3.97,35.4,2.98,0.64,5,85.5,1
UNIT_03483,Line_A,196.3,4.79,50.4,3.41,0.51,18,75.3,0
UNIT_03484,Line_B,178.3,5.87,37.3,2.97,1.08,19,86.0,1
UNIT_03485,Line_A,202.7,4.98,48.7,2.98,1.7,5,98.0,0
UNIT_03486,Line_B,178.9,5.11,49.5,3.2,0.63,1,77.8,1
UNIT_03487,Line_C,179.6,3.72,38.2,2.96,0.48,12,83.3,0
UNIT_03488,Line_B,187.7,5.26,41.4,3.13,0.25,0,86.4,0
UNIT_03489,Line_C,147.9,5.06,57.7,2.68,0.44,3,94.6,1
UNIT_03490,Line_A,182.5,4.6,44.5,2.68,1.71,10,81.6,0
UNIT_03491,Line_B,179.4,5.11,37.7,3.03,0.64,7,89.8,0
UNIT_03492,Line_B,197.8,5.1,49.8,2.94,0.89,0,97.0,0
UNIT_03493,Line_C,191.6,4.36,40.4,2.8,0.18,7,74.0,0
UNIT_03494,Line_C,166.4,5.2,33.5,3.03,0.18,13,75.4,0
UNIT_03495,Line_B,194.9,5.72,48.1,3.05,0.16,15,85.1,0
UNIT_03496,Line_A,176.9,4.86,39.5,2.82,1.43,15,93.7,0
UNIT_03497,Line_B,169.1,4.48,46.9,2.87,0.66,5,88.5,0
UNIT_03498,Line_A,182.4,4.89,40.1,3.05,0.35,13,94.4,0
UNIT_03499,Line_B,177.6,5.51,49.2,2.74,1.16,6,72.3,0
UNIT_03500,Line_A,198.5,4.26,46.1,2.85,0.51,13,88.7,0
UNIT_03501,Line_B,184.1,5.35,29.5,3.13,1.26,0,63.1,0
UNIT_03502,Line_A,182.5,4.59,47.3,2.99,0.63,8,96.5,0
UNIT_03503,Line_A,190.8,5.15,43.3,2.88,1.27,6,95.4,0
UNIT_03504,Line_A,193.1,4.66,53.5,2.77,0.32,13,83.3,0
UNIT_03505,Line_C,189.4,4.66,47.4,2.75,0.87,5,67.4,1
UNIT_03506,Line_C,197.0,5.91,49.5,2.97,1.03,5,84.2,0
UNIT_03507,Line_C,187.3,4.15,40.7,3.51,0.17,10,94.8,0
UNIT_03508,Line_A,182.0,5.29,40.3,3.14,0.66,13,89.2,0
UNIT_03509,Line_B,194.9,6.04,44.8,2.67,0.25,8,100.0,0
UNIT_03510,Line_C,178.9,5.41,42.8,3.18,0.18,17,83.5,0
UNIT_03511,Line_B,180.4,4.2,53.0,2.81,0.54,19,100.0,0
UNIT_03512,Line_A,200.7,4.23,44.1,3.0,0.9,12,69.7,1
UNIT_03513,Line_A,199.5,4.55,37.7,2.85,0.36,10,79.8,0
UNIT_03514,Line_A,179.9,5.09,40.0,3.51,0.56,10,75.5,0
UNIT_03515,Line_C,174.6,5.14,50.8,2.72,0.41,1,91.8,0
UNIT_03516,Line_A,197.6,4.24,44.0,3.08,1.2,8,76.2,1
UNIT_03517,Line_C,189.6,4.48,43.7,2.83,1.5,16,93.9,0
UNIT_03518,Line_C,183.8,4.51,51.4,3.18,2.75,13,91.4,0
UNIT_03519,Line_C,176.1,4.89,39.5,3.07,1.37,1,87.3,0
UNIT_03520,Line_C,184.0,6.19,31.6,3.31,0.95,2,85.0,1
UNIT_03521,Line_A,179.7,4.44,39.9,3.18,1.2,16,77.4,0
UNIT_03522,Line_C,172.0,4.41,46.5,2.83,0.41,14,90.7,0
UNIT_03523,Line_A,181.5,4.32,43.5,3.73,0.53,8,81.8,1
UNIT_03524,Line_A,183.2,5.38,35.6,3.14,0.78,18,92.0,0
UNIT_03525,Line_A,175.5,4.98,51.1,2.86,0.16,1,97.8,0
UNIT_03526,Line_A,190.8,4.46,46.0,3.05,0.39,15,83.3,1
UNIT_03527,Line_A,195.5,4.78,47.3,3.16,2.49,19,96.4,0
UNIT_03528,Line_A,191.6,4.53,47.5,3.15,0.53,8,87.3,0
UNIT_03529,Line_A,176.7,5.18,37.2,3.12,0.13,9,90.6,0
UNIT_03530,Line_B,189.1,6.61,46.8,3.24,0.45,4,75.2,0
UNIT_03531,Line_A,180.9,5.33,50.4,3.22,0.74,17,80.3,0
UNIT_03532,Line_A,165.2,4.94,51.8,2.79,0.92,14,80.2,0
UNIT_03533,Line_C,188.1,4.6,49.3,3.53,0.63,8,96.6,1
UNIT_03534,Line_A,181.8,4.19,48.1,3.49,0.85,4,83.0,0
UNIT_03535,Line_A,211.1,5.44,34.6,3.2,0.38,9,90.8,1
UNIT_03536,Line_A,197.5,5.41,44.9,3.01,1.53,9,85.2,0
UNIT_03537,Line_A,188.5,4.72,39.3,3.01,1.31,7,83.0,0
UNIT_03538,Line_B,183.0,5.73,52.7,2.92,0.11,16,74.0,0
UNIT_03539,Line_C,182.0,5.01,51.8,2.95,0.28,7,70.5,0
UNIT_03540,Line_C,168.0,5.46,39.3,2.45,1.17,2,83.1,1
UNIT_03541,Line_B,159.1,5.18,44.7,3.38,0.81,15,83.6,0
UNIT_03542,Line_A,169.5,4.89,46.5,3.29,0.78,14,78.8,0
UNIT_03543,Line_C,179.4,4.43,50.4,2.58,0.71,0,87.0,1
UNIT_03544,Line_A,154.7,4.91,34.9,3.22,1.37,13,100.0,0
UNIT_03545,Line_B,173.5,5.51,31.7,3.0,0.79,9,97.8,0
UNIT_03546,Line_B,177.0,4.7,45.2,2.95,0.93,13,85.7,0
UNIT_03547,Line_C,177.4,5.26,29.8,3.12,0.72,5,86.0,0
UNIT_03548,Line_A,172.1,4.35,46.0,2.56,0.3,3,90.6,1
UNIT_03549,Line_B,175.9,5.47,48.6,3.0,1.22,11,87.5,1
UNIT_03550,Line_B,200.7,5.19,52.4,3.02,0.5,1,90.6,0
UNIT_03551,Line_B,187.9,4.28,41.3,3.02,0.5,4,87.7,0
UNIT_03552,Line_C,173.3,4.87,46.0,2.66,0.58,0,86.2,1
UNIT_03553,Line_C,179.2,5.56,48.9,3.11,0.22,6,80.3,0
UNIT_03554,Line_B,179.7,4.24,37.9,3.26,2.25,18,88.3,0
UNIT_03555,Line_B,170.8,4.36,50.5,3.1,1.16,10,67.3,0
UNIT_03556,Line_C,170.8,4.96,46.6,2.94,0.28,14,87.5,0
UNIT_03557,Line_B,192.1,6.28,41.4,3.67,1.8,14,68.8,1
UNIT_03558,Line_A,175.0,4.6,45.8,2.77,0.43,2,87.5,0
UNIT_03559,Line_B,166.9,5.3,44.2,3.19,0.49,18,77.5,0
UNIT_03560,Line_A,179.5,5.16,49.7,3.06,0.43,3,95.6,0
UNIT_03561,Line_A,181.4,4.65,42.8,3.5,1.58,4,86.1,0
UNIT_03562,Line_B,156.3,5.1,46.4,3.1,1.41,13,85.4,1
UNIT_03563,Line_C,179.5,4.73,41.3,3.15,0.59,9,88.6,0
UNIT_03564,Line_C,190.4,4.79,39.4,3.13,0.63,4,78.5,0
UNIT_03565,Line_A,185.4,4.0,46.0,2.74,1.13,6,94.4,1
UNIT_03566,Line_B,206.8,4.99,39.6,2.78,1.11,8,90.9,1
UNIT_03567,Line_A,195.0,5.54,49.8,2.93,0.66,12,81.0,0
UNIT_03568,Line_C,197.4,5.03,48.6,3.24,0.67,15,76.9,0
UNIT_03569,Line_A,213.6,5.65,40.4,3.06,1.17,7,82.0,0
UNIT_03570,Line_C,189.1,5.35,46.3,2.95,0.15,7,84.1,0
UNIT_03571,Line_C,182.0,4.96,40.4,3.34,0.88,1,76.3,0
UNIT_03572,Line_C,191.7,4.62,35.4,2.5,0.84,19,81.3,0
UNIT_03573,Line_A,173.3,4.71,41.4,2.68,1.59,12,80.3,0
UNIT_03574,Line_C,181.3,4.12,44.7,2.38,0.94,5,83.4,0
UNIT_03575,Line_C,172.2,4.84,48.1,3.3,1.01,0,83.4,0
UNIT_03576,Line_B,184.8,5.09,45.9,2.98,0.39,18,88.9,0
UNIT_03577,Line_C,172.2,6.03,50.4,3.24,0.41,0,85.2,0
UNIT_03578,Line_C,171.8,5.32,39.1,2.97,0.87,3,88.2,0
UNIT_03579,Line_A,185.0,4.48,42.7,3.26,0.09,17,87.0,0
UNIT_03580,Line_C,178.3,4.14,54.9,2.97,0.52,6,83.4,0
UNIT_03581,Line_C,156.9,4.88,33.4,3.1,0.24,17,90.5,0
UNIT_03582,Line_A,162.5,5.49,42.3,3.07,0.43,11,63.0,0
UNIT_03583,Line_A,166.2,4.87,38.6,3.08,0.11,11,82.1,0
UNIT_03584,Line_C,169.4,5.33,43.8,3.42,0.26,18,80.4,1
UNIT_03585,Line_A,185.0,4.89,42.4,2.59,1.47,0,86.0,1
UNIT_03586,Line_B,182.6,5.43,48.6,2.98,0.25,6,79.9,0
UNIT_03587,Line_C,192.8,4.04,46.5,3.05,0.33,6,89.4,1
UNIT_03588,Line_B,189.0,5.96,37.2,3.01,0.46,14,90.8,0
UNIT_03589,Line_C,192.9,4.33,41.5,2.9,1.02,6,73.9,1
UNIT_03590,Line_A,187.3,5.48,45.0,2.87,0.58,17,86.8,0
UNIT_03591,Line_A,182.5,4.84,49.4,3.38,0.15,14,74.8,0
UNIT_03592,Line_C,193.2,4.93,59.6,2.98,0.1,18,88.8,0
UNIT_03593,Line_B,191.0,4.86,49.2,3.61,0.52,16,81.3,1
UNIT_03594,Line_A,184.5,5.15,38.9,3.13,0.57,14,78.6,0
UNIT_03595,Line_A,195.3,5.27,44.4,2.93,1.23,7,71.3,0
UNIT_03596,Line_B,151.9,5.64,46.1,3.14,0.27,14,84.3,0
UNIT_03597,Line_B,176.5,5.84,41.9,3.03,1.71,8,75.7,0
UNIT_03598,Line_A,176.3,5.2,47.8,3.34,0.15,6,73.1,0
UNIT_03599,Line_B,193.8,6.03,31.4,2.71,0.16,4,86.5,1
UNIT_03600,Line_B,198.9,5.06,48.3,2.55,0.51,17,92.8,0
UNIT_03601,Line_B,162.6,5.65,42.1,3.09,1.2,14,88.2,0
UNIT_03602,Line_A,196.9,5.26,44.3,3.21,0.78,0,73.6,0
UNIT_03603,Line_B,165.9,4.67,53.8,3.07,0.26,6,83.9,0
UNIT_03604,Line_C,166.3,5.11,37.4,3.17,2.32,11,90.4,0
UNIT_03605,Line_A,177.2,5.3,46.6,3.13,0.75,14,83.9,0
UNIT_03606,Line_A,176.2,4.98,49.8,2.63,0.81,6,87.6,0
UNIT_03607,Line_C,161.3,5.25,46.0,3.07,1.12,14,81.5,0
UNIT_03608,Line_B,187.8,5.52,35.3,3.33,0.83,5,81.9,1
UNIT_03609,Line_C,188.2,4.99,53.1,3.04,0.44,3,79.7,0
UNIT_03610,Line_B,192.6,3.23,43.7,2.67,1.88,1,89.9,1
UNIT_03611,Line_C,174.8,6.01,41.8,2.92,1.6,17,90.4,0
UNIT_03612,Line_B,179.5,4.82,43.1,3.14,2.1,13,80.6,0
UNIT_03613,Line_A,179.6,4.51,42.7,3.45,0.48,16,91.0,0
UNIT_03614,Line_C,200.3,4.33,37.9,2.51,1.83,10,73.6,1
UNIT_03615,Line_B,146.0,4.8,46.0,3.09,0.25,11,83.6,0
UNIT_03616,Line_A,168.5,4.66,41.4,2.77,0.67,5,74.2,1
UNIT_03617,Line_B,180.1,4.56,49.0,3.13,1.1,1,75.9,0
UNIT_03618,Line_B,167.0,4.59,48.1,3.15,0.2,14,74.1,0
UNIT_03619,Line_A,176.9,5.32,54.8,2.94,2.0,3,79.8,0
UNIT_03620,Line_C,178.5,6.22,43.7,3.16,0.44,17,90.0,0
UNIT_03621,Line_A,172.1,5.49,40.2,3.28,1.65,1,84.4,1
UNIT_03622,Line_A,180.8,5.67,36.2,2.96,0.22,19,80.3,0
UNIT_03623,Line_B,187.5,4.77,58.2,2.67,0.66,9,83.6,0
UNIT_03624,Line_C,177.2,5.06,49.0,3.36,0.38,5,68.5,0
UNIT_03625,Line_C,174.6,5.26,40.8,3.21,0.38,5,89.6,0
UNIT_03626,Line_C,178.0,4.6,55.2,3.14,0.24,13,67.0,0
UNIT_03627,Line_A,179.9,4.74,53.1,2.83,0.23,16,79.3,0
UNIT_03628,Line_C,159.1,5.51,36.9,3.25,0.27,9,84.4,0
UNIT_03629,Line_C,185.5,5.65,40.5,3.51,0.26,8,88.6,0
UNIT_03630,Line_B,174.6,5.04,44.2,2.97,1.42,17,86.9,0
UNIT_03631,Line_B,195.1,4.28,38.6,3.02,1.56,9,84.6,1
UNIT_03632,Line_A,187.1,4.82,44.4,2.73,0.19,6,96.7,0
UNIT_03633,Line_C,194.0,4.14,49.3,2.82,0.54,18,100.0,0
UNIT_03634,Line_C,167.9,5.05,36.8,2.73,1.4,16,85.1,0
UNIT_03635,Line_B,175.5,5.15,46.8,3.03,1.01,11,84.2,0
UNIT_03636,Line_B,165.1,4.84,52.0,2.91,0.51,0,83.7,0
UNIT_03637,Line_B,171.5,5.15,47.4,3.09,0.39,7,80.1,0
UNIT_03638,Line_A,195.0,5.25,44.5,2.78,0.19,19,88.0,0
UNIT_03639,Line_B,197.8,5.15,41.0,2.96,1.93,19,95.2,0
UNIT_03640,Line_C,166.2,4.28,50.0,2.76,0.82,13,65.1,1
UNIT_03641,Line_C,174.5,4.85,37.9,3.05,0.71,9,83.6,0
UNIT_03642,Line_C,179.1,5.25,46.5,2.59,0.31,17,96.9,0
UNIT_03643,Line_B,187.0,5.95,45.2,3.04,0.62,11,88.1,0
UNIT_03644,Line_C,158.9,4.84,51.8,2.93,1.41,1,88.3,0
UNIT_03645,Line_B,160.8,5.33,41.5,3.05,0.17,7,72.2,0
UNIT_03646,Line_B,185.9,5.53,42.0,2.59,0.3,6,90.6,0
UNIT_03647,Line_B,156.6,4.88,37.5,3.16,0.21,13,93.1,0
UNIT_03648,Line_C,174.6,5.69,47.6,2.93,1.66,4,86.6,0
UNIT_03649,Line_C,181.9,5.72,42.5,3.05,0.16,15,79.8,0
UNIT_03650,Line_A,185.0,5.83,39.8,2.53,0.79,4,88.5,1
UNIT_03651,Line_A,178.3,5.28,40.4,2.69,0.21,12,76.7,0
UNIT_03652,Line_B,175.6,6.42,48.2,2.9,0.73,6,75.6,1
UNIT_03653,Line_B,190.1,4.63,38.4,3.34,0.2,4,91.4,0
UNIT_03654,Line_C,183.4,6.27,38.9,3.13,0.42,14,93.8,0
UNIT_03655,Line_B,172.2,5.46,50.4,3.03,1.84,18,79.1,0
UNIT_03656,Line_B,180.5,5.8,44.0,2.77,0.9,15,75.7,1
UNIT_03657,Line_C,184.6,4.81,50.7,2.72,0.7,10,78.0,1
UNIT_03658,Line_B,200.6,5.51,42.8,3.07,0.86,18,86.6,0
UNIT_03659,Line_B,189.4,5.86,45.0,3.18,1.95,16,75.7,0
UNIT_03660,Line_B,194.6,4.35,45.9,3.05,0.73,18,95.3,0
UNIT_03661,Line_B,172.7,4.9,53.3,3.43,1.35,0,81.3,0
UNIT_03662,Line_C,173.7,3.72,52.8,2.83,1.38,16,87.9,1
UNIT_03663,Line_C,177.2,4.89,51.9,3.04,1.25,10,79.1,0
UNIT_03664,Line_B,178.3,4.51,41.2,2.58,2.85,13,89.7,1
UNIT_03665,Line_B,167.9,4.87,39.1,3.05,1.03,18,90.3,1
UNIT_03666,Line_B,195.2,6.75,49.6,3.37,1.29,10,71.6,1
UNIT_03667,Line_A,190.6,6.03,53.3,2.74,0.42,13,79.6,1
UNIT_03668,Line_B,176.3,4.14,52.0,3.21,0.66,19,83.7,1
UNIT_03669,Line_A,187.7,5.33,45.1,3.36,0.63,2,80.8,0
UNIT_03670,Line_A,182.7,5.48,49.4,2.83,0.3,14,92.0,0
UNIT_03671,Line_A,188.6,4.8,49.5,3.12,0.33,14,80.2,0
UNIT_03672,Line_B,163.9,5.11,45.9,3.39,0.63,3,90.7,0
UNIT_03673,Line_A,178.3,5.17,46.2,3.06,0.76,0,88.9,0
UNIT_03674,Line_B,179.3,4.19,45.6,3.2,1.9,12,84.1,1
UNIT_03675,Line_B,187.5,4.38,40.3,2.56,0.3,7,91.1,1
UNIT_03676,Line_B,172.5,5.1,40.9,3.15,0.29,6,72.7,0
UNIT_03677,Line_C,150.0,5.06,40.8,3.13,0.18,4,84.5,0
UNIT_03678,Line_B,167.0,4.57,35.4,2.67,1.14,10,78.8,1
UNIT_03679,Line_C,179.3,4.52,45.9,2.76,2.2,5,84.1,0
UNIT_03680,Line_C,180.8,4.95,44.8,3.15,0.6,1,81.2,0
UNIT_03681,Line_A,200.2,5.53,49.6,2.92,0.79,0,85.5,0
UNIT_03682,Line_A,187.0,4.95,52.6,3.28,0.61,5,85.1,0
UNIT_03683,Line_B,181.0,5.97,52.9,3.08,1.06,12,86.1,0
UNIT_03684,Line_C,179.6,4.58,53.5,3.01,0.25,10,86.4,0
UNIT_03685,Line_A,193.3,5.12,40.5,2.96,0.9,14,89.6,0
UNIT_03686,Line_A,172.9,4.79,36.4,3.07,0.61,11,74.9,0
UNIT_03687,Line_C,178.3,5.35,50.6,3.2,1.17,5,89.1,1
UNIT_03688,Line_C,166.9,4.53,53.3,3.13,1.14,18,72.9,0
UNIT_03689,Line_A,197.0,6.16,54.3,2.89,0.83,11,62.6,1
UNIT_03690,Line_B,184.7,3.99,47.9,3.31,0.53,12,100.0,0
UNIT_03691,Line_B,171.5,6.03,33.0,3.16,0.31,9,77.5,0
UNIT_03692,Line_A,178.6,5.05,47.2,3.1,1.12,8,81.4,0
UNIT_03693,Line_A,186.1,5.33,48.3,3.02,0.68,19,70.1,0
UNIT_03694,Line_B,177.0,5.8,52.5,3.13,0.66,7,81.4,0
UNIT_03695,Line_B,173.6,5.51,53.6,2.54,0.47,16,86.7,0
UNIT_03696,Line_A,172.1,4.56,50.5,3.06,1.7,1,86.9,0
UNIT_03697,Line_B,184.1,5.36,41.5,3.41,1.75,18,75.3,1
UNIT_03698,Line_A,175.7,6.12,38.8,3.05,0.5,15,81.5,1
UNIT_03699,Line_C,174.6,4.47,48.2,3.02,0.35,16,88.0,0
UNIT_03700,Line_A,164.0,6.27,40.2,2.85,0.54,6,86.9,0
UNIT_03701,Line_A,180.9,5.23,53.9,3.12,0.38,13,86.0,0
UNIT_03702,Line_A,177.8,4.74,34.8,2.95,0.89,15,91.1,0
UNIT_03703,Line_C,176.1,4.46,48.4,3.33,0.66,1,84.1,0
UNIT_03704,Line_C,182.4,4.87,46.9,2.78,1.08,12,96.1,0
UNIT_03705,Line_B,189.0,3.83,43.8,2.89,0.5,17,82.7,1
UNIT_03706,Line_A,188.4,4.75,39.4,2.85,3.0,16,90.6,0
UNIT_03707,Line_C,186.6,4.84,32.6,3.46,0.19,15,90.8,0
UNIT_03708,Line_B,177.1,4.36,41.8,2.95,0.64,17,71.9,0
UNIT_03709,Line_C,173.2,5.45,41.9,2.86,2.61,5,88.5,0
UNIT_03710,Line_B,167.5,4.87,51.7,2.48,1.09,13,79.9,1
UNIT_03711,Line_C,172.9,4.62,40.3,2.77,0.57,5,76.9,1
UNIT_03712,Line_C,180.2,4.8,47.7,3.13,0.86,17,81.6,0
UNIT_03713,Line_A,170.6,5.21,37.2,3.13,0.23,10,86.3,0
UNIT_03714,Line_C,181.2,5.04,47.9,2.84,0.67,16,72.5,0
UNIT_03715,Line_A,168.4,4.58,31.6,2.85,0.22,5,85.2,0
UNIT_03716,Line_B,160.1,5.08,57.6,3.46,0.12,6,83.3,0
UNIT_03717,Line_A,189.8,4.97,44.2,3.67,1.63,19,93.3,0
UNIT_03718,Line_C,174.3,4.32,28.2,3.29,0.39,18,79.9,1
UNIT_03719,Line_A,170.0,4.83,40.7,3.39,0.21,3,94.5,0
UNIT_03720,Line_B,166.9,5.35,39.7,3.44,0.51,7,88.1,0
UNIT_03721,Line_B,185.1,5.34,41.1,3.55,1.04,3,84.7,0
UNIT_03722,Line_C,196.5,4.86,42.8,2.92,0.22,12,95.2,0
UNIT_03723,Line_C,175.2,5.41,41.0,2.78,0.44,0,100.0,0
UNIT_03724,Line_A,177.4,4.41,40.1,3.46,1.14,0,83.3,0
UNIT_03725,Line_C,192.9,4.43,38.0,2.76,0.7,11,79.1,0
UNIT_03726,Line_A,158.3,4.85,49.9,2.74,1.66,17,88.4,0
UNIT_03727,Line_B,203.6,5.9,52.2,2.75,1.15,14,73.6,1
UNIT_03728,Line_B,209.3,5.1,43.5,2.97,0.96,13,74.6,0
UNIT_03729,Line_B,147.5,4.83,44.9,2.5,1.12,11,95.5,0
UNIT_03730,Line_C,178.8,5.93,38.2,2.64,0.18,3,89.6,1
UNIT_03731,Line_C,171.4,4.83,45.4,2.84,0.63,4,78.1,1
UNIT_03732,Line_B,176.8,6.34,46.4,2.7,2.36,12,100.0,1
UNIT_03733,Line_C,175.0,4.69,43.7,3.27,0.47,18,73.9,0
UNIT_03734,Line_A,189.7,4.39,47.4,3.0,0.64,0,90.0,0
UNIT_03735,Line_A,178.6,4.9,46.9,3.14,0.4,7,78.6,0
UNIT_03736,Line_B,169.1,4.85,38.7,3.12,0.4,3,99.2,0
UNIT_03737,Line_B,177.9,4.52,52.2,2.95,1.24,2,80.8,0
UNIT_03738,Line_C,186.2,6.56,43.8,3.25,2.3,7,82.7,1
UNIT_03739,Line_C,165.8,5.19,55.1,3.11,1.81,3,70.5,0
UNIT_03740,Line_A,160.2,5.28,47.5,2.92,0.11,4,100.0,0
UNIT_03741,Line_A,203.9,4.72,56.8,2.58,0.61,8,80.1,0
UNIT_03742,Line_C,172.3,4.65,52.1,3.13,0.48,14,88.8,0
UNIT_03743,Line_B,178.4,5.62,46.4,2.68,0.24,10,85.0,0
UNIT_03744,Line_A,175.2,3.99,40.7,3.1,1.27,10,80.6,0
UNIT_03745,Line_C,186.6,4.31,40.8,3.02,0.51,12,67.2,0
UNIT_03746,Line_B,201.3,4.85,48.2,2.66,0.27,4,83.2,0
UNIT_03747,Line_C,187.0,5.81,45.9,3.06,0.86,1,82.8,1
UNIT_03748,Line_C,161.8,4.78,41.5,3.05,0.22,0,87.6,0
UNIT_03749,Line_C,163.4,5.25,50.0,3.05,1.48,17,100.0,0
UNIT_03750,Line_B,175.2,5.02,45.2,3.04,1.56,17,90.2,0
UNIT_03751,Line_C,176.8,5.78,50.0,2.84,1.11,6,91.9,0
UNIT_03752,Line_C,159.3,4.05,39.1,3.15,0.93,15,82.6,1
UNIT_03753,Line_A,189.8,5.44,51.0,2.83,0.61,5,74.5,0
UNIT_03754,Line_A,167.0,4.88,48.0,2.73,0.82,6,82.8,1
UNIT_03755,Line_A,197.9,5.55,52.2,3.17,0.59,13,79.1,0
UNIT_03756,Line_B,201.8,4.51,50.9,3.23,0.17,18,84.6,0
UNIT_03757,Line_B,177.0,5.01,44.5,3.15,1.07,12,81.0,0
UNIT_03758,Line_A,185.3,4.94,44.0,2.95,1.71,19,71.6,0
UNIT_03759,Line_B,165.2,4.4,55.7,2.52,0.4,19,95.1,0
UNIT_03760,Line_A,187.5,4.23,43.3,3.37,1.2,0,83.9,1
UNIT_03761,Line_B,174.0,4.65,49.5,2.51,0.66,8,82.4,1
UNIT_03762,Line_B,167.0,5.08,42.7,3.15,0.43,9,76.2,0
UNIT_03763,Line_B,176.5,4.55,33.8,3.53,0.08,3,81.2,0
UNIT_03764,Line_B,174.4,4.8,37.6,3.04,1.09,4,78.1,0
UNIT_03765,Line_B,176.1,3.87,47.4,3.07,0.94,19,75.4,0
UNIT_03766,Line_C,191.4,4.78,49.2,3.09,0.27,3,86.3,0
UNIT_03767,Line_C,170.6,5.61,47.5,3.05,0.53,9,81.2,0
UNIT_03768,Line_C,200.8,5.42,51.9,3.59,0.65,9,91.0,1
UNIT_03769,Line_B,164.1,4.95,47.3,2.79,0.85,13,82.1,0
UNIT_03770,Line_B,199.4,5.15,40.3,2.76,1.38,10,85.9,0
UNIT_03771,Line_A,167.8,4.5,48.6,2.92,0.58,0,85.7,0
UNIT_03772,Line_B,180.0,5.97,46.0,3.44,0.14,9,88.1,0
UNIT_03773,Line_A,174.1,6.24,41.5,2.86,0.68,6,78.3,1
UNIT_03774,Line_B,175.9,5.1,47.8,3.11,0.47,2,92.2,0
UNIT_03775,Line_A,189.6,6.55,45.5,3.27,0.34,19,75.6,0
UNIT_03776,Line_B,198.0,4.59,41.4,3.19,1.23,10,85.3,0
UNIT_03777,Line_C,194.3,4.25,43.9,3.25,0.31,19,75.4,0
UNIT_03778,Line_C,175.1,4.57,53.5,3.35,0.2,18,84.0,0
UNIT_03779,Line_B,182.2,4.87,53.3,3.08,0.44,19,92.1,0
UNIT_03780,Line_A,170.6,6.39,46.1,2.89,0.64,4,89.4,1
UNIT_03781,Line_A,168.1,4.83,45.3,3.04,0.71,16,93.5,0
UNIT_03782,Line_A,166.2,4.48,36.4,2.92,1.49,0,82.6,1
UNIT_03783,Line_C,174.7,4.46,55.3,3.63,0.38,10,92.3,1
UNIT_03784,Line_C,183.0,5.68,51.2,2.87,1.1,17,79.5,0
UNIT_03785,Line_B,157.1,5.6,49.5,3.12,0.45,11,81.3,0
UNIT_03786,Line_A,179.4,4.71,31.4,2.62,0.1,4,86.0,0
UNIT_03787,Line_A,198.2,3.87,45.2,3.03,1.4,1,91.8,0
UNIT_03788,Line_C,193.5,4.32,44.2,2.93,0.17,9,80.6,0
UNIT_03789,Line_A,173.0,6.03,49.1,3.17,0.79,15,90.6,1
UNIT_03790,Line_A,163.2,5.41,42.3,3.18,0.19,18,86.8,0
UNIT_03791,Line_A,185.5,5.04,43.6,3.35,0.9,14,87.7,0
UNIT_03792,Line_A,152.2,6.12,48.7,3.33,0.24,8,78.2,1
UNIT_03793,Line_B,193.3,6.17,40.4,2.98,0.14,14,81.9,0
UNIT_03794,Line_C,177.4,4.98,41.6,2.76,0.54,15,84.3,0
UNIT_03795,Line_A,202.0,4.99,46.2,2.79,0.06,7,87.7,0
UNIT_03796,Line_C,159.3,4.65,53.0,3.08,0.58,5,78.5,0
UNIT_03797,Line_A,191.0,4.83,49.9,3.04,1.1,5,74.7,0
UNIT_03798,Line_A,178.8,4.11,51.5,3.06,2.35,14,67.9,0
UNIT_03799,Line_A,176.0,4.11,45.4,2.87,0.74,16,,1
UNIT_03800,Line_C,163.6,3.97,54.0,3.36,0.62,3,92.6,1
UNIT_03801,Line_B,187.1,5.65,34.6,2.63,1.43,19,68.9,0
UNIT_03802,Line_C,188.1,4.06,57.1,2.85,0.22,0,85.6,0
UNIT_03803,Line_A,201.4,6.17,57.9,2.73,0.32,8,82.0,1
UNIT_03804,Line_A,192.1,4.56,47.7,2.95,1.08,9,94.7,0
UNIT_03805,Line_C,172.9,6.04,50.0,3.31,0.44,1,83.3,1
UNIT_03806,Line_A,168.0,4.78,44.8,2.93,0.51,14,89.4,0
UNIT_03807,Line_A,163.6,4.06,43.7,3.03,0.67,18,81.6,1
UNIT_03808,Line_B,197.7,5.77,41.3,3.17,0.25,4,79.5,0
UNIT_03809,Line_B,170.7,5.84,44.7,2.92,0.14,13,91.1,0
UNIT_03810,Line_A,197.8,4.46,48.3,3.1,0.3,19,93.6,0
UNIT_03811,Line_B,186.3,4.8,47.5,3.06,0.47,13,74.8,0
UNIT_03812,Line_C,184.0,4.46,56.9,2.72,0.9,9,94.1,0
UNIT_03813,Line_B,176.3,4.93,45.6,2.88,0.64,18,77.2,0
UNIT_03814,Line_B,187.9,5.06,36.1,3.09,1.05,8,66.3,0
UNIT_03815,Line_A,179.8,4.79,54.9,3.32,0.63,13,85.1,0
UNIT_03816,Line_B,175.6,3.91,37.7,3.32,1.16,15,89.1,0
UNIT_03817,Line_C,188.4,4.65,41.6,3.52,0.51,12,72.9,0
UNIT_03818,Line_B,178.3,5.42,46.6,3.12,0.07,6,69.1,0
UNIT_03819,Line_C,170.4,4.87,47.5,2.9,0.37,14,81.0,0
UNIT_03820,Line_A,187.2,4.8,36.3,2.98,0.69,6,80.0,0
UNIT_03821,Line_A,179.2,4.44,40.5,2.97,0.98,9,96.0,0
UNIT_03822,Line_B,185.9,4.63,36.1,2.9,0.41,10,85.1,0
UNIT_03823,Line_A,174.6,5.85,48.7,3.1,0.75,5,90.9,0
UNIT_03824,Line_B,165.5,4.32,52.1,3.11,0.45,15,86.7,0
UNIT_03825,Line_C,200.8,5.43,37.7,2.71,0.32,5,97.5,0
UNIT_03826,Line_B,198.6,5.03,51.0,3.27,0.98,3,77.9,0
UNIT_03827,Line_B,190.6,5.15,50.6,2.54,0.85,14,84.3,0
UNIT_03828,Line_C,175.3,4.56,41.0,2.94,2.87,17,72.4,1
UNIT_03829,Line_A,176.4,4.79,33.1,3.29,0.41,4,91.5,0
UNIT_03830,Line_C,196.6,5.0,38.6,3.15,1.53,10,93.9,0
UNIT_03831,Line_A,175.8,4.69,41.4,2.91,0.17,18,92.0,0
UNIT_03832,Line_C,172.4,5.2,54.3,3.49,1.53,7,84.0,0
UNIT_03833,Line_B,202.5,5.27,44.3,2.89,0.64,8,73.1,1
UNIT_03834,Line_A,179.4,6.3,39.0,2.5,0.47,13,84.3,1
UNIT_03835,Line_C,201.2,5.17,45.9,3.11,0.85,12,79.6,0
UNIT_03836,Line_A,163.2,3.85,37.2,2.56,0.9,2,92.4,1
UNIT_03837,Line_B,186.2,5.7,48.1,2.79,1.41,0,81.6,1
UNIT_03838,Line_C,204.9,4.88,39.1,3.16,0.28,7,81.4,0
UNIT_03839,Line_C,180.4,6.21,40.0,2.88,0.17,8,100.0,0
UNIT_03840,Line_C,176.8,5.88,47.3,3.15,0.85,12,91.4,0
UNIT_03841,Line_B,166.0,4.7,55.5,2.71,0.81,7,93.6,1
UNIT_03842,Line_B,193.0,5.43,58.2,3.21,1.39,2,80.9,0
UNIT_03843,Line_A,170.8,4.64,38.8,2.58,0.43,15,76.2,0
UNIT_03844,Line_C,178.9,5.0,41.4,3.33,0.36,8,93.5,0
UNIT_03845,Line_B,165.2,5.41,48.1,2.88,0.83,1,96.9,0
UNIT_03846,Line_C,198.7,5.67,52.0,3.38,0.67,11,74.7,1
UNIT_03847,Line_B,193.9,5.54,32.0,2.79,0.96,8,80.9,1
UNIT_03848,Line_C,179.6,5.04,45.5,3.48,0.35,10,77.7,0
UNIT_03849,Line_A,166.2,6.49,42.1,2.76,1.53,17,88.9,1
UNIT_03850,Line_C,198.4,4.78,33.5,2.55,0.8,3,93.7,0
UNIT_03851,Line_A,175.6,4.04,37.0,3.01,1.37,13,82.1,1
UNIT_03852,Line_A,166.7,4.15,41.6,3.31,0.56,2,82.0,1
UNIT_03853,Line_B,158.9,5.88,45.4,3.2,0.33,15,69.3,0
UNIT_03854,Line_B,172.2,4.95,51.0,3.29,0.87,7,77.4,0
UNIT_03855,Line_C,162.5,5.1,47.1,3.2,1.05,15,97.1,0
UNIT_03856,Line_B,172.5,4.67,50.7,2.79,0.14,0,88.9,0
UNIT_03857,Line_A,188.9,4.73,45.2,3.19,2.21,13,92.4,0
UNIT_03858,Line_A,175.5,4.53,40.8,3.02,0.36,5,82.1,0
UNIT_03859,Line_B,184.3,5.28,43.9,2.82,0.72,7,82.8,0
UNIT_03860,Line_B,171.3,4.94,49.2,3.04,1.01,4,85.1,0
UNIT_03861,Line_B,180.8,5.26,51.2,2.99,0.66,7,87.6,0
UNIT_03862,Line_A,203.1,5.2,44.1,3.35,0.69,15,96.0,0
UNIT_03863,Line_B,175.8,4.74,39.4,2.87,0.71,1,79.6,0
UNIT_03864,Line_B,184.6,4.12,47.0,2.86,0.09,12,83.9,0
UNIT_03865,Line_C,161.2,4.07,47.9,2.83,0.74,3,78.7,1
UNIT_03866,Line_B,198.2,6.82,52.4,3.47,0.43,7,69.3,1
UNIT_03867,Line_C,174.3,5.89,40.9,2.84,1.35,11,92.4,1
UNIT_03868,Line_A,192.6,5.8,41.0,3.32,1.18,1,99.0,0
UNIT_03869,Line_C,178.5,4.6,49.5,2.74,0.18,17,91.1,0
UNIT_03870,Line_A,187.3,5.01,42.6,3.13,0.17,13,86.8,0
UNIT_03871,Line_A,188.1,4.51,42.3,3.07,2.27,12,99.8,0
UNIT_03872,Line_C,174.6,4.21,52.5,3.31,0.04,18,88.7,0
UNIT_03873,Line_B,193.1,4.65,36.8,3.27,0.38,7,91.4,0
UNIT_03874,Line_B,170.9,5.8,57.3,3.02,0.23,2,86.1,0
UNIT_03875,Line_B,189.3,5.5,41.3,2.87,1.49,16,87.3,1
UNIT_03876,Line_C,175.3,4.42,50.2,3.41,0.58,12,83.9,0
UNIT_03877,Line_A,184.2,4.81,44.3,2.84,0.36,8,91.7,0
UNIT_03878,Line_A,174.5,5.45,46.6,2.43,0.67,1,76.3,1
UNIT_03879,Line_A,180.6,4.66,43.4,2.54,2.14,5,88.4,0
UNIT_03880,Line_C,167.1,5.05,50.1,2.6,0.94,11,78.2,0
UNIT_03881,Line_A,183.0,5.24,42.9,3.15,0.92,1,89.1,0
UNIT_03882,Line_B,180.5,5.23,41.6,3.55,0.14,10,100.0,0
UNIT_03883,Line_B,173.5,5.15,55.9,2.49,1.4,16,90.6,0
UNIT_03884,Line_A,179.3,4.61,45.2,2.8,0.28,8,94.4,0
UNIT_03885,Line_B,181.6,4.67,40.9,3.02,0.88,12,92.2,0
UNIT_03886,Line_A,172.6,4.32,36.1,3.39,0.33,4,66.4,1
UNIT_03887,Line_A,178.5,4.06,56.2,2.8,0.67,11,83.9,0
UNIT_03888,Line_A,167.9,4.93,41.7,3.15,0.64,3,88.6,0
UNIT_03889,Line_C,208.1,5.49,57.4,2.94,3.32,14,68.3,1
UNIT_03890,Line_B,192.7,4.17,47.4,3.65,0.46,10,82.7,0
UNIT_03891,Line_C,183.3,5.16,45.9,3.04,0.81,12,84.4,0
UNIT_03892,Line_B,194.1,5.47,46.0,3.09,0.58,6,75.1,0
UNIT_03893,Line_A,156.2,3.9,58.3,3.02,0.21,7,77.2,0
UNIT_03894,Line_B,149.3,4.84,31.8,2.9,0.88,13,95.7,0
UNIT_03895,Line_C,175.2,5.99,46.3,3.24,1.23,12,56.4,1
UNIT_03896,Line_B,163.5,5.33,43.4,2.71,0.25,13,87.2,0
UNIT_03897,Line_A,177.2,3.88,43.7,2.5,0.53,2,94.3,0
UNIT_03898,Line_A,182.5,5.4,45.9,2.96,0.68,3,84.8,0
UNIT_03899,Line_C,191.0,4.55,43.4,3.2,1.14,5,96.3,0
UNIT_03900,Line_B,166.3,5.41,46.1,2.85,1.17,7,81.6,0
UNIT_03901,Line_C,184.8,4.59,44.9,3.05,0.13,10,77.8,0
UNIT_03902,Line_B,180.2,4.97,37.1,2.69,2.26,10,84.9,0
UNIT_03903,Line_A,184.2,4.68,47.3,3.27,0.94,1,81.9,0
UNIT_03904,Line_C,173.8,5.0,49.3,3.16,0.65,0,80.4,0
UNIT_03905,Line_C,196.6,4.66,41.7,3.0,1.13,16,83.6,0
UNIT_03906,Line_C,178.8,4.87,56.2,3.04,1.66,11,78.7,0
UNIT_03907,Line_C,201.3,4.29,53.0,2.65,0.57,0,78.3,0
UNIT_03908,Line_A,170.5,5.29,50.1,2.66,0.52,17,76.0,0
UNIT_03909,Line_C,188.9,5.11,50.0,2.97,0.22,7,88.3,0
UNIT_03910,Line_A,179.3,4.03,45.2,3.13,0.52,13,77.0,0
UNIT_03911,Line_C,176.1,5.6,51.8,3.14,0.99,9,75.1,0
UNIT_03912,Line_A,187.6,4.89,54.4,2.91,0.52,3,76.4,0
UNIT_03913,Line_B,176.4,5.1,49.8,3.19,0.51,13,86.6,0
UNIT_03914,Line_C,148.1,5.46,41.6,3.36,1.95,7,90.4,1
UNIT_03915,Line_A,143.2,5.2,44.8,2.98,0.8,3,91.0,1
UNIT_03916,Line_A,195.3,5.7,48.4,3.08,0.8,4,86.7,0
UNIT_03917,Line_C,194.8,4.82,50.0,2.95,1.0,16,89.3,0
UNIT_03918,Line_A,202.6,5.62,44.5,2.97,1.28,10,84.6,0
UNIT_03919,Line_B,179.8,5.07,41.6,3.04,0.7,8,88.6,0
UNIT_03920,Line_C,164.5,5.3,54.5,3.43,0.31,15,88.5,0
UNIT_03921,Line_B,175.0,5.24,38.6,3.23,0.93,5,79.2,0
UNIT_03922,Line_B,180.1,5.74,39.4,3.21,1.4,3,76.4,0
UNIT_03923,Line_B,167.9,5.43,37.0,2.89,0.92,1,95.8,0
UNIT_03924,Line_B,199.8,4.73,39.3,2.78,1.12,2,86.0,1
UNIT_03925,Line_B,206.9,4.62,52.5,3.1,0.51,18,93.4,0
UNIT_03926,Line_B,185.7,4.97,52.7,3.31,0.36,18,76.2,0
UNIT_03927,Line_A,179.9,4.54,44.6,3.43,0.76,8,81.8,1
UNIT_03928,Line_B,164.5,4.37,48.0,2.39,0.44,9,74.0,1
UNIT_03929,Line_C,198.6,3.72,44.9,3.61,1.69,7,90.2,1
UNIT_03930,Line_C,180.9,4.07,37.8,3.1,0.95,10,80.1,0
UNIT_03931,Line_A,176.5,6.19,58.3,3.23,0.46,3,80.6,0
UNIT_03932,Line_C,185.8,4.61,53.2,2.57,0.26,13,100.0,0
UNIT_03933,Line_C,173.0,6.14,47.1,2.94,1.37,10,90.3,1
UNIT_03934,Line_A,181.8,5.24,39.9,3.21,0.3,18,90.2,0
UNIT_03935,Line_C,162.7,4.97,43.7,2.71,0.67,6,75.4,0
UNIT_03936,Line_B,193.0,4.1,40.8,2.28,0.81,15,70.1,0
UNIT_03937,Line_B,178.7,5.0,45.6,3.08,0.3,3,92.8,0
UNIT_03938,Line_C,193.9,6.14,46.9,2.99,0.59,1,67.1,0
UNIT_03939,Line_B,177.6,5.93,43.0,3.36,1.52,15,81.0,1
UNIT_03940,Line_B,178.4,5.16,36.3,2.96,0.18,17,78.5,0
UNIT_03941,Line_A,165.5,4.31,57.8,2.98,1.36,17,77.6,0
UNIT_03942,Line_C,189.1,4.43,46.4,3.17,0.77,1,81.5,0
UNIT_03943,Line_C,169.5,4.49,47.7,3.26,0.4,7,76.6,0
UNIT_03944,Line_A,174.2,5.77,42.5,2.82,0.17,9,75.3,0
UNIT_03945,Line_C,180.0,5.98,35.6,3.24,0.61,5,87.0,0
UNIT_03946,Line_A,181.5,5.12,44.5,2.87,0.41,5,93.5,1
UNIT_03947,Line_B,159.5,4.82,43.1,3.0,0.6,7,71.1,0
UNIT_03948,Line_C,177.2,5.93,49.3,3.17,1.01,0,86.6,1
UNIT_03949,Line_A,189.5,4.41,50.4,3.21,0.16,18,89.3,0
UNIT_03950,Line_B,175.5,5.03,49.6,3.08,0.73,6,88.6,0
UNIT_03951,Line_A,177.3,5.28,50.9,2.73,2.02,11,83.2,1
UNIT_03952,Line_C,181.9,4.48,55.8,2.53,0.46,15,80.2,0
UNIT_03953,Line_B,178.5,4.62,47.3,2.95,0.91,3,91.1,0
UNIT_03954,Line_B,167.6,4.57,51.6,3.24,0.09,4,87.7,0
UNIT_03955,Line_C,179.6,5.85,48.0,3.11,0.15,12,69.8,0
UNIT_03956,Line_B,191.9,6.15,33.6,3.06,0.37,19,83.2,0
UNIT_03957,Line_C,167.4,5.07,44.1,3.0,1.57,8,85.4,0
UNIT_03958,Line_A,175.5,4.84,39.8,3.08,0.43,18,76.3,0
UNIT_03959,Line_A,163.4,4.64,46.4,2.75,0.93,0,83.1,0
UNIT_03960,Line_C,191.3,5.0,40.3,3.2,0.42,14,88.9,0
UNIT_03961,Line_C,178.9,4.67,48.6,3.21,0.22,19,78.4,0
UNIT_03962,Line_B,169.8,4.94,50.9,2.91,0.55,14,86.9,0
UNIT_03963,Line_B,181.1,5.25,52.2,3.11,0.99,2,77.1,0
UNIT_03964,Line_A,165.6,4.76,54.7,2.57,1.37,0,75.1,1
UNIT_03965,Line_C,167.6,4.89,34.9,3.05,0.61,8,89.9,0
UNIT_03966,Line_C,162.5,4.89,37.8,2.97,0.93,11,94.4,0
UNIT_03967,Line_A,167.2,4.81,62.6,3.31,0.69,13,75.5,1
UNIT_03968,Line_B,196.3,4.74,51.1,2.95,0.74,18,92.6,0
UNIT_03969,Line_B,171.2,5.46,46.3,3.22,0.31,11,84.9,0
UNIT_03970,Line_B,185.6,3.94,45.2,2.9,0.34,5,67.3,1
UNIT_03971,Line_C,170.0,5.94,44.7,2.43,0.24,0,73.5,1
UNIT_03972,Line_A,189.1,5.08,33.4,2.94,0.45,18,89.9,0
UNIT_03973,Line_A,167.7,5.37,40.4,3.05,1.24,12,72.0,0
UNIT_03974,Line_A,180.5,5.44,44.3,3.04,1.83,13,80.1,0
UNIT_03975,Line_C,180.6,4.58,40.7,3.04,1.23,14,84.3,0
UNIT_03976,Line_B,207.9,4.45,41.5,2.87,0.9,16,88.6,0
UNIT_03977,Line_C,187.6,4.38,60.4,2.92,0.68,16,86.5,0
UNIT_03978,Line_B,172.9,4.85,43.5,2.72,1.23,17,97.5,0
UNIT_03979,Line_A,188.2,5.42,46.7,2.5,3.85,3,78.5,1
UNIT_03980,Line_B,205.7,4.65,46.5,2.97,0.79,5,85.8,0
UNIT_03981,Line_A,160.4,5.36,48.5,2.81,0.98,0,88.6,0
UNIT_03982,Line_C,169.9,3.58,42.1,3.27,0.8,2,90.7,1
UNIT_03983,Line_C,177.2,4.77,52.5,2.45,2.18,18,93.4,1
UNIT_03984,Line_C,175.0,5.7,47.7,3.07,0.59,8,81.5,0
UNIT_03985,Line_B,176.0,4.9,37.3,3.53,0.33,13,90.2,0
UNIT_03986,Line_A,164.3,4.5,44.4,2.95,1.08,11,77.6,0
UNIT_03987,Line_A,196.8,4.61,44.0,3.0,0.33,9,84.4,0
UNIT_03988,Line_B,162.9,3.18,43.7,3.11,0.84,3,89.0,1
UNIT_03989,Line_B,177.6,4.39,48.1,3.13,0.68,14,92.8,0
UNIT_03990,Line_C,192.5,5.63,48.8,2.9,0.92,15,89.6,0
UNIT_03991,Line_C,179.6,4.65,48.1,2.75,0.7,3,85.7,0
UNIT_03992,Line_A,168.2,4.72,47.0,3.16,0.12,6,84.4,0
UNIT_03993,Line_A,163.8,3.6,45.5,2.52,1.01,19,,1
UNIT_03994,Line_B,177.2,4.02,32.1,3.21,0.86,17,100.0,0
UNIT_03995,Line_B,170.9,5.71,49.7,2.9,1.44,13,91.8,0
UNIT_03996,Line_A,182.5,5.37,47.9,3.0,0.36,19,88.1,0
UNIT_03997,Line_C,163.2,4.22,39.1,2.87,0.1,17,74.0,1
UNIT_03998,Line_C,189.8,4.62,46.7,3.36,1.07,12,78.2,1
UNIT_03999,Line_B,181.4,4.98,48.9,3.06,1.04,11,82.4,0
UNIT_04000,Line_A,182.3,4.28,52.0,2.92,0.99,12,92.3,1
UNIT_04001,Line_C,197.3,3.8,48.1,2.91,2.42,16,77.5,1
UNIT_04002,Line_A,174.7,4.9,46.9,2.96,0.03,19,90.1,0
UNIT_04003,Line_B,171.3,5.34,50.7,3.6,0.1,6,86.0,0
UNIT_04004,Line_C,173.4,5.36,43.2,2.67,0.21,6,87.8,0
UNIT_04005,Line_C,177.7,5.53,47.5,3.27,1.15,2,83.3,0
UNIT_04006,Line_A,178.9,4.07,41.3,3.14,1.52,0,80.2,0
UNIT_04007,Line_B,170.0,5.03,51.7,3.38,0.71,7,77.2,0
UNIT_04008,Line_A,155.7,4.84,35.3,3.16,1.02,4,89.9,0
UNIT_04009,Line_A,173.3,4.95,49.9,3.0,0.34,17,84.4,0
UNIT_04010,Line_B,184.3,4.87,45.1,3.26,0.27,9,76.4,0
UNIT_04011,Line_C,181.6,4.6,50.8,3.06,0.14,13,86.8,0
UNIT_04012,Line_C,194.4,3.19,40.3,3.19,1.01,4,100.0,1
UNIT_04013,Line_B,203.5,5.7,45.5,3.36,1.45,9,,0
UNIT_04014,Line_A,189.1,5.2,45.4,3.02,0.19,16,98.2,0
UNIT_04015,Line_A,196.6,4.11,47.6,2.89,0.33,4,64.3,1
UNIT_04016,Line_A,189.2,5.28,38.7,2.84,0.44,7,82.8,0
UNIT_04017,Line_A,200.5,4.73,48.8,3.11,0.22,11,92.6,0
UNIT_04018,Line_A,202.2,4.75,33.9,2.78,0.85,4,85.1,1
UNIT_04019,Line_C,191.4,4.54,41.0,2.91,0.5,11,79.9,0
UNIT_04020,Line_A,188.5,5.32,35.6,2.76,1.62,12,84.8,0
UNIT_04021,Line_A,177.5,4.52,50.0,3.13,0.35,10,92.9,0
UNIT_04022,Line_B,179.5,4.34,47.4,2.81,1.24,3,100.0,0
UNIT_04023,Line_A,175.9,5.68,47.7,2.68,0.15,14,93.5,0
UNIT_04024,Line_B,187.5,4.89,53.8,2.72,0.39,16,81.0,0
UNIT_04025,Line_A,171.4,4.91,43.1,2.86,0.73,4,83.1,0
UNIT_04026,Line_A,177.7,5.42,48.7,2.88,0.85,2,83.2,0
UNIT_04027,Line_B,151.7,4.6,45.4,3.06,1.79,10,78.1,1
UNIT_04028,Line_C,200.7,4.72,44.5,2.96,0.83,3,83.8,0
UNIT_04029,Line_B,177.4,5.18,52.8,3.09,0.84,6,82.8,0
UNIT_04030,Line_B,185.5,4.08,57.5,3.11,0.28,13,75.4,0
UNIT_04031,Line_B,197.5,5.13,42.4,3.19,0.31,4,91.7,0
UNIT_04032,Line_A,183.6,4.55,50.0,2.52,0.43,7,88.4,0
UNIT_04033,Line_A,197.3,5.51,46.9,2.72,0.64,6,79.9,1
UNIT_04034,Line_B,165.1,5.33,47.0,3.14,0.59,14,86.2,0
UNIT_04035,Line_A,208.8,5.25,46.5,3.05,0.86,16,77.3,1
UNIT_04036,Line_C,193.0,4.04,43.0,3.24,1.66,17,80.6,0
UNIT_04037,Line_B,182.5,4.94,23.5,2.61,0.67,2,90.5,0
UNIT_04038,Line_A,197.1,4.29,54.2,2.88,1.13,15,88.8,0
UNIT_04039,Line_B,166.0,4.98,40.8,2.93,0.31,5,80.9,0
UNIT_04040,Line_A,176.5,3.61,43.6,3.04,1.82,17,87.5,0
UNIT_04041,Line_B,197.3,4.08,43.7,3.01,0.65,10,84.4,1
UNIT_04042,Line_C,157.6,5.71,40.3,3.12,1.8,18,77.0,0
UNIT_04043,Line_A,186.7,5.22,46.4,2.97,0.53,8,83.7,0
UNIT_04044,Line_B,186.4,4.79,44.7,3.34,0.46,6,88.5,0
UNIT_04045,Line_A,203.6,4.45,40.7,3.42,0.38,16,87.4,0
UNIT_04046,Line_B,161.0,4.35,45.9,2.72,0.24,7,71.5,1
UNIT_04047,Line_A,199.3,5.12,44.8,3.01,1.31,15,86.3,0
UNIT_04048,Line_B,173.3,4.79,50.6,3.2,0.33,1,85.2,0
UNIT_04049,Line_B,174.6,5.93,37.0,3.15,0.84,13,69.8,1
UNIT_04050,Line_A,165.3,4.89,40.2,2.9,0.21,18,78.5,0
UNIT_04051,Line_B,166.9,5.04,49.4,3.06,2.17,5,88.9,0
UNIT_04052,Line_C,184.8,4.17,41.2,2.6,1.33,19,96.1,1
UNIT_04053,Line_C,166.7,4.78,39.6,3.0,1.26,0,71.9,1
UNIT_04054,Line_A,188.9,5.11,41.5,2.63,0.74,2,92.8,0
UNIT_04055,Line_B,172.0,4.78,44.4,3.13,0.59,6,70.0,0
UNIT_04056,Line_C,165.4,4.71,44.4,2.72,0.41,6,96.2,0
UNIT_04057,Line_B,173.7,5.2,43.7,3.04,1.78,12,83.1,0
UNIT_04058,Line_A,184.0,5.91,38.8,3.08,0.15,17,79.3,0
UNIT_04059,Line_B,176.7,5.09,49.6,3.02,1.03,2,87.8,0
UNIT_04060,Line_A,180.4,5.69,53.0,2.84,0.34,14,77.3,1
UNIT_04061,Line_A,188.4,5.37,33.5,2.95,0.21,16,89.1,0
UNIT_04062,Line_B,193.0,5.65,35.7,3.3,0.49,11,84.0,1
UNIT_04063,Line_B,176.3,4.63,51.0,2.89,0.49,19,54.5,0
UNIT_04064,Line_C,167.5,4.88,54.4,3.01,0.87,1,78.5,0
UNIT_04065,Line_B,180.9,4.88,32.2,2.86,1.42,14,86.5,0
UNIT_04066,Line_C,185.6,5.33,49.9,3.26,0.57,8,93.5,0
UNIT_04067,Line_B,162.5,5.48,54.8,3.02,0.11,8,87.7,0
UNIT_04068,Line_C,169.3,5.08,39.8,2.81,0.32,12,93.4,0
UNIT_04069,Line_A,171.4,5.53,54.5,3.0,0.57,15,77.8,0
UNIT_04070,Line_A,177.5,4.66,43.9,2.94,0.45,9,90.8,0
UNIT_04071,Line_C,170.9,5.53,46.9,3.35,1.03,5,91.0,0
UNIT_04072,Line_C,188.5,5.61,40.7,2.99,0.85,5,72.0,0
UNIT_04073,Line_C,160.7,5.41,51.0,2.65,1.16,19,93.8,0
UNIT_04074,Line_A,161.0,5.08,50.0,3.12,0.06,8,87.6,1
UNIT_04075,Line_A,176.0,5.43,55.3,3.45,1.34,7,82.7,0
UNIT_04076,Line_C,177.9,4.46,53.6,3.3,0.12,11,82.6,0
UNIT_04077,Line_B,162.5,5.12,44.9,2.72,0.97,13,76.7,0
UNIT_04078,Line_A,172.7,5.18,63.7,2.93,1.58,0,90.0,0
UNIT_04079,Line_C,175.2,4.2,53.1,2.99,0.05,0,87.4,0
UNIT_04080,Line_C,175.3,5.28,48.2,3.0,0.59,11,89.7,0
UNIT_04081,Line_A,181.8,4.25,39.0,3.1,0.45,12,85.6,0
UNIT_04082,Line_C,172.1,4.74,35.8,2.91,0.19,9,86.6,0
UNIT_04083,Line_C,197.7,5.02,36.3,2.77,0.05,5,82.6,0
UNIT_04084,Line_B,185.9,4.56,39.4,3.24,1.36,15,,0
UNIT_04085,Line_B,170.3,5.05,53.3,2.72,0.2,2,89.9,0
UNIT_04086,Line_A,181.1,5.04,47.9,2.8,3.34,12,86.4,0
UNIT_04087,Line_C,181.5,4.51,41.3,2.72,0.22,8,,0
UNIT_04088,Line_C,194.6,5.34,44.2,3.15,0.24,7,70.9,0
UNIT_04089,Line_C,172.8,4.54,43.5,3.03,0.02,2,69.1,0
UNIT_04090,Line_C,189.2,6.37,49.8,3.22,0.2,13,82.1,0
UNIT_04091,Line_A,180.5,4.93,39.7,2.8,0.28,3,95.1,0
UNIT_04092,Line_B,197.9,4.3,47.1,2.69,0.61,10,79.4,0
UNIT_04093,Line_B,195.5,4.41,46.8,2.89,0.97,17,79.7,0
UNIT_04094,Line_C,182.4,5.69,39.9,2.95,0.38,14,77.2,0
UNIT_04095,Line_B,176.9,4.75,54.5,3.05,0.97,1,74.7,0
UNIT_04096,Line_B,186.1,4.18,43.2,2.58,1.96,19,77.7,0
UNIT_04097,Line_A,177.8,5.51,39.0,3.12,0.51,12,87.2,0
UNIT_04098,Line_C,200.2,4.75,50.1,2.78,0.4,16,81.1,0
UNIT_04099,Line_B,180.9,5.39,45.3,2.84,0.24,1,80.7,0
UNIT_04100,Line_A,175.1,5.56,47.5,3.29,0.63,18,80.0,0
UNIT_04101,Line_C,174.5,5.16,37.9,2.45,1.76,14,86.9,0
UNIT_04102,Line_A,165.4,6.44,49.9,3.08,0.6,17,88.1,1
UNIT_04103,Line_A,186.7,3.97,58.0,3.08,0.99,19,70.0,1
UNIT_04104,Line_A,170.2,4.51,37.4,2.8,0.63,16,78.9,0
UNIT_04105,Line_B,193.2,4.85,47.1,2.89,0.59,8,84.3,0
UNIT_04106,Line_A,164.5,6.36,40.3,3.31,2.96,16,88.5,1
UNIT_04107,Line_C,181.5,6.08,61.1,3.49,0.83,19,86.0,1
UNIT_04108,Line_B,193.8,5.77,52.4,3.27,1.24,18,91.6,0
UNIT_04109,Line_A,154.2,4.52,46.7,3.47,0.92,12,73.7,1
UNIT_04110,Line_A,204.2,4.59,37.6,2.83,0.61,19,88.3,0
UNIT_04111,Line_B,174.9,4.5,39.1,2.6,0.37,11,,0
UNIT_04112,Line_A,181.7,4.53,49.5,2.99,1.73,8,85.4,0
UNIT_04113,Line_C,186.9,5.9,36.8,3.2,0.1,3,85.7,0
UNIT_04114,Line_A,188.7,4.85,37.0,2.54,0.33,9,89.2,0
UNIT_04115,Line_B,183.3,4.93,45.1,2.77,0.33,19,80.6,0
UNIT_04116,Line_A,192.0,5.46,45.8,2.8,1.3,2,,1
UNIT_04117,Line_A,186.2,4.0,47.3,3.09,1.79,17,85.5,0
UNIT_04118,Line_A,201.1,5.03,42.4,3.06,0.16,12,71.8,1
UNIT_04119,Line_A,186.3,4.34,50.5,2.81,0.54,2,88.2,0
UNIT_04120,Line_C,203.6,4.82,39.8,3.04,1.27,4,89.5,0
UNIT_04121,Line_C,190.8,4.65,48.8,2.71,0.35,0,72.2,1
UNIT_04122,Line_C,158.3,4.62,46.3,2.89,0.98,14,86.3,0
UNIT_04123,Line_A,211.3,5.14,48.6,2.68,0.52,7,83.3,1
UNIT_04124,Line_C,173.1,5.13,52.1,2.96,2.48,3,96.8,0
UNIT_04125,Line_B,197.9,4.87,42.3,2.8,0.38,3,95.5,0
UNIT_04126,Line_A,180.3,5.22,41.0,3.17,1.11,10,91.7,0
UNIT_04127,Line_A,192.7,4.48,34.9,2.99,0.44,6,94.7,0
UNIT_04128,Line_B,171.7,5.41,32.9,2.94,0.71,18,82.1,0
UNIT_04129,Line_B,187.5,4.88,43.9,3.44,0.18,19,87.1,0
UNIT_04130,Line_A,177.0,4.71,44.4,3.1,0.99,4,83.0,0
UNIT_04131,Line_C,198.9,4.52,38.5,2.91,1.44,17,77.0,0
UNIT_04132,Line_C,185.3,4.86,39.8,2.85,0.15,1,85.7,0
UNIT_04133,Line_B,191.2,6.12,54.1,2.7,0.31,8,,0
UNIT_04134,Line_C,154.0,4.96,50.3,2.98,1.34,11,83.4,0
UNIT_04135,Line_C,179.0,4.31,37.4,3.08,0.47,5,84.5,0
UNIT_04136,Line_C,184.9,5.55,42.3,2.52,0.57,12,85.5,0
UNIT_04137,Line_A,182.7,4.72,47.4,2.66,0.22,11,92.1,0
UNIT_04138,Line_C,191.5,5.17,41.2,2.87,1.47,18,80.3,1
UNIT_04139,Line_B,175.6,4.64,40.1,2.73,0.18,18,74.8,1
UNIT_04140,Line_C,180.6,5.77,43.0,3.01,0.57,16,90.4,0
UNIT_04141,Line_C,194.2,4.65,51.5,3.05,0.37,15,91.9,0
UNIT_04142,Line_A,152.7,5.84,52.1,2.97,1.14,6,,0
UNIT_04143,Line_B,187.1,4.37,40.6,3.14,3.0,17,75.9,0
UNIT_04144,Line_A,176.0,4.82,47.8,2.85,0.11,7,83.9,0
UNIT_04145,Line_A,169.1,5.84,45.0,2.99,0.35,15,87.3,0
UNIT_04146,Line_B,184.0,5.1,39.0,2.75,0.46,9,76.5,0
UNIT_04147,Line_C,194.7,6.36,43.2,3.07,0.17,10,78.9,0
UNIT_04148,Line_C,192.5,4.84,37.4,3.02,0.63,16,83.8,0
UNIT_04149,Line_B,178.4,5.15,52.0,2.7,1.21,2,94.5,0
UNIT_04150,Line_A,190.5,6.14,54.3,2.96,0.77,17,86.8,1
UNIT_04151,Line_B,190.4,4.09,42.5,2.99,1.01,16,80.4,0
UNIT_04152,Line_C,179.0,4.02,41.1,3.07,0.33,9,83.4,0
UNIT_04153,Line_C,171.7,4.52,51.3,3.08,1.02,13,79.7,0
UNIT_04154,Line_A,172.4,5.49,52.3,2.82,0.75,5,81.7,1
UNIT_04155,Line_A,190.1,4.03,38.3,3.19,0.21,15,90.8,0
UNIT_04156,Line_C,179.5,5.36,44.1,3.13,0.65,2,69.6,0
UNIT_04157,Line_A,167.4,5.32,44.6,2.82,0.37,14,95.5,0
UNIT_04158,Line_A,159.8,6.21,40.4,2.71,3.98,13,100.0,0
UNIT_04159,Line_A,190.0,5.63,47.3,2.84,1.27,4,86.3,1
UNIT_04160,Line_B,173.4,5.22,40.8,2.63,0.72,16,78.4,0
UNIT_04161,Line_B,184.0,5.82,41.8,3.05,1.64,5,94.3,0
UNIT_04162,Line_B,194.9,5.32,44.4,3.3,1.04,10,87.2,1
UNIT_04163,Line_A,164.3,4.72,36.1,3.36,0.21,17,80.8,0
UNIT_04164,Line_C,179.5,4.31,32.7,2.73,1.99,1,77.2,0
UNIT_04165,Line_C,178.0,4.66,50.5,3.2,0.16,8,81.8,0
UNIT_04166,Line_B,184.6,4.98,40.6,3.02,1.82,12,86.5,0
UNIT_04167,Line_A,194.9,5.11,57.8,2.4,0.77,3,92.2,0
UNIT_04168,Line_B,164.0,3.72,56.8,2.92,0.62,10,87.3,0
UNIT_04169,Line_C,186.8,4.87,42.0,2.89,0.32,12,88.6,0
UNIT_04170,Line_B,192.4,5.02,59.0,3.3,0.8,17,82.3,0
UNIT_04171,Line_A,177.8,5.33,50.6,2.78,0.99,5,91.8,0
UNIT_04172,Line_B,178.4,5.98,41.1,3.14,0.93,16,83.3,0
UNIT_04173,Line_B,185.0,5.11,29.5,2.97,0.76,12,99.7,0
UNIT_04174,Line_B,184.1,4.45,49.1,2.64,0.56,10,79.8,1
UNIT_04175,Line_B,187.0,3.91,45.2,2.86,1.08,11,88.2,1
UNIT_04176,Line_A,186.7,5.41,47.6,3.38,0.46,19,100.0,0
UNIT_04177,Line_C,168.2,4.48,43.6,2.96,0.6,13,93.3,0
UNIT_04178,Line_B,191.9,5.52,38.1,3.23,0.88,8,91.0,0
UNIT_04179,Line_B,194.0,5.84,42.4,3.21,0.65,19,87.4,1
UNIT_04180,Line_B,182.2,4.07,49.2,2.89,0.16,13,85.4,0
UNIT_04181,Line_B,162.1,5.33,42.9,2.68,0.76,5,83.6,0
UNIT_04182,Line_A,178.6,5.78,42.8,2.71,0.77,12,80.5,1
UNIT_04183,Line_C,182.3,5.61,35.9,3.36,0.72,19,72.7,0
UNIT_04184,Line_A,166.3,3.74,45.5,3.04,0.56,13,90.1,0
UNIT_04185,Line_B,175.7,4.49,38.3,2.57,0.49,15,72.7,0
UNIT_04186,Line_A,163.1,4.23,50.5,3.21,0.66,13,90.2,1
UNIT_04187,Line_A,187.3,5.31,40.6,2.55,0.33,17,82.5,1
UNIT_04188,Line_A,182.0,5.25,43.2,2.79,1.72,1,77.4,1
UNIT_04189,Line_C,160.3,3.38,58.0,3.02,0.9,16,96.2,0
UNIT_04190,Line_B,184.2,4.82,43.2,3.63,0.82,18,73.4,1
UNIT_04191,Line_B,179.3,5.48,42.4,3.2,1.42,0,79.7,0
UNIT_04192,Line_C,186.2,5.09,48.5,2.88,0.29,15,80.4,0
UNIT_04193,Line_A,175.3,5.09,34.3,3.01,0.43,10,86.2,0
UNIT_04194,Line_B,170.4,4.78,52.5,3.23,0.39,7,80.1,0
UNIT_04195,Line_B,170.7,4.36,51.0,3.36,0.85,2,96.7,0
UNIT_04196,Line_B,173.5,4.99,48.1,2.94,0.28,6,74.0,0
UNIT_04197,Line_A,180.2,5.03,24.7,2.95,1.15,13,100.0,0
UNIT_04198,Line_C,181.8,5.37,43.4,2.79,0.84,10,76.5,1
UNIT_04199,Line_A,177.7,5.42,37.4,3.17,0.37,1,100.0,0
UNIT_04200,Line_C,174.9,5.05,51.7,3.26,0.19,6,93.7,0
UNIT_04201,Line_C,175.8,5.66,51.3,2.52,0.82,0,84.1,0
UNIT_04202,Line_B,210.1,4.78,47.3,2.9,0.12,7,86.8,0
UNIT_04203,Line_A,170.8,4.13,37.8,2.7,0.35,18,82.0,0
UNIT_04204,Line_A,173.3,5.29,54.0,3.04,0.59,15,87.8,0
UNIT_04205,Line_C,219.5,5.08,43.4,2.69,0.55,18,79.1,0
UNIT_04206,Line_C,185.1,5.3,55.8,2.67,0.38,3,90.7,0
UNIT_04207,Line_C,163.4,4.24,46.6,3.28,1.1,12,86.5,1
UNIT_04208,Line_A,190.1,6.07,48.0,2.96,0.31,6,77.1,0
UNIT_04209,Line_B,169.1,5.43,42.2,2.99,0.38,9,88.4,0
UNIT_04210,Line_A,190.9,4.83,53.4,3.11,0.71,19,87.9,0
UNIT_04211,Line_C,177.5,4.44,48.7,3.24,0.71,16,79.3,0
UNIT_04212,Line_B,174.7,5.65,53.7,2.9,0.22,13,81.6,0
UNIT_04213,Line_C,199.3,4.34,46.1,2.9,0.68,19,89.1,0
UNIT_04214,Line_C,186.8,6.36,44.7,2.9,0.42,9,93.7,1
UNIT_04215,Line_C,191.7,4.63,48.6,3.27,0.4,1,83.9,0
UNIT_04216,Line_B,185.2,6.03,53.7,2.98,0.8,18,92.4,0
UNIT_04217,Line_B,174.7,4.89,51.1,2.93,0.27,2,94.3,0
UNIT_04218,Line_B,187.3,5.95,45.8,3.1,0.53,5,95.4,0
UNIT_04219,Line_A,194.5,4.56,33.9,3.46,0.61,18,88.3,0
UNIT_04220,Line_A,181.6,5.01,49.9,3.02,0.81,17,77.8,1
UNIT_04221,Line_B,201.6,5.48,36.4,2.93,0.36,1,92.1,0
UNIT_04222,Line_C,190.2,5.4,45.2,3.49,0.94,17,83.5,0
UNIT_04223,Line_B,182.5,5.66,44.3,3.33,1.13,14,89.1,0
UNIT_04224,Line_C,183.0,4.71,36.5,3.3,1.11,2,80.0,0
UNIT_04225,Line_A,181.6,5.05,47.2,2.87,0.21,11,80.2,0
UNIT_04226,Line_B,165.0,5.75,57.9,2.85,1.09,5,79.4,0
UNIT_04227,Line_B,178.9,4.58,43.1,2.54,1.12,10,74.4,0
UNIT_04228,Line_B,182.7,5.34,49.6,3.24,1.96,3,80.3,1
UNIT_04229,Line_A,175.0,4.87,59.1,3.02,0.23,1,76.7,0
UNIT_04230,Line_A,184.1,5.12,50.2,2.55,1.58,13,89.5,0
UNIT_04231,Line_C,180.3,5.05,41.1,3.3,0.12,14,76.5,0
UNIT_04232,Line_B,189.3,4.53,46.4,2.92,1.15,3,79.6,1
UNIT_04233,Line_A,188.0,4.84,47.9,2.95,1.31,12,85.0,0
UNIT_04234,Line_A,182.0,5.09,53.6,2.62,1.12,9,99.5,0
UNIT_04235,Line_A,163.6,4.94,52.3,3.12,0.16,18,79.5,0
UNIT_04236,Line_C,201.5,5.94,28.4,3.13,1.51,11,73.9,1
UNIT_04237,Line_A,178.3,5.61,39.9,2.99,2.83,9,74.5,0
UNIT_04238,Line_C,179.0,5.17,44.6,2.9,0.26,0,78.1,0
UNIT_04239,Line_A,175.9,4.54,38.9,3.66,0.5,18,79.7,1
UNIT_04240,Line_B,174.1,4.51,22.8,2.7,0.35,13,100.0,0
UNIT_04241,Line_A,198.5,6.18,40.6,2.82,0.99,3,92.7,0
UNIT_04242,Line_C,196.6,4.39,45.0,3.18,0.44,0,82.5,0
UNIT_04243,Line_A,185.3,5.07,41.8,2.75,1.03,4,99.8,0
UNIT_04244,Line_B,178.7,5.22,39.0,2.73,0.56,10,80.1,0
UNIT_04245,Line_A,187.4,4.81,45.2,3.28,0.71,18,81.7,0
UNIT_04246,Line_A,180.9,4.4,47.1,3.15,0.64,12,81.2,0
UNIT_04247,Line_A,177.7,4.53,42.2,3.12,0.12,1,93.2,0
UNIT_04248,Line_C,184.1,4.67,53.2,3.05,0.68,3,84.4,0
UNIT_04249,Line_B,174.7,4.57,45.3,2.83,0.16,4,97.1,0
UNIT_04250,Line_B,183.0,5.8,39.8,2.94,0.19,1,88.5,0
UNIT_04251,Line_B,182.5,4.99,38.3,2.98,1.53,2,92.3,0
UNIT_04252,Line_C,187.2,4.69,43.7,3.21,0.97,1,70.5,0
UNIT_04253,Line_B,172.6,5.06,51.7,3.11,0.92,14,71.4,0
UNIT_04254,Line_B,188.5,5.4,40.1,2.77,0.69,13,71.7,0
UNIT_04255,Line_A,169.1,4.79,48.6,3.2,2.49,15,81.6,0
UNIT_04256,Line_A,173.1,5.54,45.6,2.58,0.68,3,72.7,0
UNIT_04257,Line_A,173.7,4.24,57.0,2.92,0.59,18,94.9,0
UNIT_04258,Line_B,167.1,5.7,47.3,2.71,0.58,7,83.4,1
UNIT_04259,Line_A,192.2,4.99,40.8,2.79,1.36,2,89.9,0
UNIT_04260,Line_A,168.4,4.97,49.4,3.48,0.65,3,81.1,1
UNIT_04261,Line_A,171.6,4.58,49.6,2.63,0.8,6,91.6,0
UNIT_04262,Line_A,195.1,4.26,42.6,2.8,1.44,1,69.3,1
UNIT_04263,Line_C,173.2,4.0,38.0,3.13,0.93,6,84.6,0
UNIT_04264,Line_B,177.7,4.54,48.2,2.88,1.2,13,89.0,0
UNIT_04265,Line_C,167.9,5.35,45.4,3.04,0.35,19,89.7,0
UNIT_04266,Line_B,190.0,4.42,35.9,3.36,0.23,0,82.5,0
UNIT_04267,Line_C,190.2,4.07,46.5,3.16,1.75,11,71.3,1
UNIT_04268,Line_A,188.9,4.45,41.2,2.88,1.17,4,93.1,0
UNIT_04269,Line_B,186.5,4.77,35.9,2.97,1.01,6,81.9,0
UNIT_04270,Line_C,180.9,4.79,42.9,3.13,0.84,12,82.6,1
UNIT_04271,Line_B,173.7,4.92,52.7,3.16,0.65,5,100.0,0
UNIT_04272,Line_C,170.2,5.62,52.2,3.01,0.36,8,85.8,0
UNIT_04273,Line_A,195.5,5.75,50.7,3.09,0.35,6,80.8,0
UNIT_04274,Line_A,189.2,6.2,46.6,3.09,0.23,7,80.4,1
UNIT_04275,Line_C,171.7,4.03,48.6,2.98,0.17,14,90.2,0
UNIT_04276,Line_A,180.5,4.49,45.6,2.85,0.3,5,78.4,1
UNIT_04277,Line_C,176.4,5.42,38.4,3.19,0.48,10,89.1,0
UNIT_04278,Line_C,166.5,4.73,39.6,3.07,1.74,15,93.8,0
UNIT_04279,Line_C,182.1,5.52,41.4,2.48,0.16,12,84.3,0
UNIT_04280,Line_B,175.0,5.12,53.4,2.79,0.71,15,92.9,0
UNIT_04281,Line_C,168.6,5.95,51.5,2.88,1.86,9,84.4,1
UNIT_04282,Line_A,162.3,5.63,38.5,2.95,1.36,9,79.5,0
UNIT_04283,Line_B,161.2,5.64,45.3,3.3,0.66,0,71.7,1
UNIT_04284,Line_A,175.5,4.75,42.6,3.8,0.37,14,87.2,0
UNIT_04285,Line_C,179.0,4.94,44.1,2.39,0.09,13,87.4,0
UNIT_04286,Line_C,169.5,4.82,41.8,3.08,0.73,10,92.9,0
UNIT_04287,Line_C,187.8,4.1,53.4,3.02,1.07,14,92.1,0
UNIT_04288,Line_C,179.2,5.88,44.9,2.95,0.38,13,100.0,0
UNIT_04289,Line_A,186.9,5.45,46.3,3.14,1.42,3,80.4,0
UNIT_04290,Line_A,177.8,4.79,46.3,3.04,0.6,4,87.8,0
UNIT_04291,Line_C,170.6,5.78,38.8,2.91,0.82,12,79.5,0
UNIT_04292,Line_B,181.4,4.62,45.7,3.01,0.66,1,92.4,0
UNIT_04293,Line_A,164.8,3.9,51.4,3.14,1.41,17,77.6,1
UNIT_04294,Line_C,186.5,5.6,53.8,3.12,1.44,6,92.3,0
UNIT_04295,Line_C,168.8,4.23,38.1,3.05,0.96,12,79.1,0
UNIT_04296,Line_B,191.0,4.88,35.9,2.85,0.52,10,91.1,0
UNIT_04297,Line_C,175.9,5.12,45.4,3.7,0.64,13,94.7,0
UNIT_04298,Line_A,192.8,5.23,51.7,3.09,2.57,7,72.6,1
UNIT_04299,Line_A,166.5,5.51,47.2,3.19,1.93,14,74.2,0
UNIT_04300,Line_A,171.9,5.35,49.1,2.87,0.68,3,86.9,0
UNIT_04301,Line_B,184.6,5.33,36.8,3.05,0.24,6,86.0,0
UNIT_04302,Line_A,194.0,4.53,41.6,3.05,1.25,0,82.7,0
UNIT_04303,Line_A,200.0,5.18,31.8,2.52,0.45,3,81.2,0
UNIT_04304,Line_C,180.5,4.1,44.1,2.82,1.68,1,78.2,0
UNIT_04305,Line_C,202.1,5.94,32.0,2.82,0.38,9,87.6,0
UNIT_04306,Line_C,176.5,4.16,53.0,2.85,0.45,1,77.3,0
UNIT_04307,Line_C,193.2,4.79,54.3,2.73,0.22,4,87.9,0
UNIT_04308,Line_C,168.7,4.21,45.8,3.01,2.17,9,80.4,1
UNIT_04309,Line_B,185.0,4.56,35.9,3.35,0.29,13,81.6,0
UNIT_04310,Line_B,151.9,5.01,47.3,3.03,1.18,0,94.7,0
UNIT_04311,Line_C,166.5,4.68,56.2,2.7,0.57,14,92.6,0
UNIT_04312,Line_B,185.6,5.69,47.9,2.74,0.46,10,77.0,0
UNIT_04313,Line_A,164.3,5.14,52.1,2.91,0.44,0,78.0,1
UNIT_04314,Line_C,185.1,4.72,42.1,2.65,1.66,1,91.2,0
UNIT_04315,Line_A,190.9,4.92,39.8,3.08,3.55,19,73.5,0
UNIT_04316,Line_C,174.0,5.73,44.6,3.34,1.54,8,96.6,0
UNIT_04317,Line_B,168.4,5.55,33.4,2.86,0.12,18,86.1,0
UNIT_04318,Line_C,174.3,4.32,58.6,3.02,1.19,10,80.4,0
UNIT_04319,Line_A,168.4,4.59,45.8,2.89,0.57,2,85.1,0
UNIT_04320,Line_B,178.8,5.28,50.2,2.84,0.6,14,95.9,0
UNIT_04321,Line_B,181.2,5.21,42.2,3.05,0.77,9,68.0,0
UNIT_04322,Line_B,176.3,4.37,35.7,2.83,0.66,7,93.2,0
UNIT_04323,Line_A,200.1,5.45,53.6,2.8,0.96,4,94.6,0
UNIT_04324,Line_C,171.4,4.47,38.3,2.6,0.55,8,82.4,1
UNIT_04325,Line_B,196.7,5.78,47.1,3.02,1.27,19,84.4,0
UNIT_04326,Line_C,167.5,5.32,47.7,3.27,0.7,4,86.1,0
UNIT_04327,Line_B,180.9,4.32,45.4,3.18,0.71,11,90.9,0
UNIT_04328,Line_A,194.2,4.68,40.3,3.37,0.65,0,79.2,0
UNIT_04329,Line_C,193.6,4.67,44.1,2.83,1.18,14,84.9,0
UNIT_04330,Line_A,175.0,5.1,39.3,3.21,0.48,17,84.2,0
UNIT_04331,Line_A,186.7,4.88,49.9,2.72,0.96,19,90.4,0
UNIT_04332,Line_C,185.1,4.31,48.4,3.18,0.73,16,100.0,0
UNIT_04333,Line_C,173.5,4.16,44.9,3.41,1.68,13,79.1,1
UNIT_04334,Line_C,187.4,5.33,41.6,3.12,0.51,11,85.6,0
UNIT_04335,Line_B,202.3,5.17,57.6,3.42,1.29,17,78.9,1
UNIT_04336,Line_C,185.7,5.06,37.2,2.85,0.84,0,81.1,0
UNIT_04337,Line_A,186.8,5.16,35.7,2.97,1.59,4,76.4,0
UNIT_04338,Line_C,188.1,4.63,44.5,2.77,0.71,0,72.8,0
UNIT_04339,Line_B,162.5,5.11,43.5,3.01,0.47,4,94.5,0
UNIT_04340,Line_A,185.5,6.52,51.6,3.07,0.47,4,87.8,1
UNIT_04341,Line_B,167.8,5.7,48.9,3.01,0.78,8,85.7,0
UNIT_04342,Line_B,172.9,4.83,45.2,2.88,0.67,13,78.0,0
UNIT_04343,Line_A,205.9,4.69,48.0,2.88,0.49,17,84.4,0
UNIT_04344,Line_B,177.0,3.28,47.9,3.09,0.8,11,75.7,1
UNIT_04345,Line_B,171.1,5.64,57.6,2.96,0.04,0,84.8,0
UNIT_04346,Line_A,193.8,5.47,46.5,2.71,0.58,1,87.7,1
UNIT_04347,Line_A,168.6,4.67,40.9,2.53,0.68,8,80.7,0
UNIT_04348,Line_C,174.6,4.14,46.2,2.85,0.14,12,78.9,0
UNIT_04349,Line_B,195.0,4.31,29.3,2.65,0.27,16,81.1,0
UNIT_04350,Line_B,180.5,5.27,44.8,2.79,0.29,7,91.5,1
UNIT_04351,Line_B,161.3,4.95,51.6,2.89,0.64,3,86.6,0
UNIT_04352,Line_B,186.5,5.41,48.6,2.96,0.55,2,72.1,0
UNIT_04353,Line_B,175.2,5.05,46.8,2.83,0.55,12,90.8,0
UNIT_04354,Line_B,198.5,5.58,48.9,3.55,0.15,19,89.3,1
UNIT_04355,Line_C,172.7,5.22,51.6,2.68,1.37,1,86.5,0
UNIT_04356,Line_C,192.6,5.5,53.6,3.3,1.63,0,98.2,0
UNIT_04357,Line_A,201.3,3.75,47.7,2.96,0.19,0,85.2,0
UNIT_04358,Line_C,169.8,4.26,43.1,2.84,0.52,10,88.4,1
UNIT_04359,Line_C,177.7,4.78,31.1,3.15,0.54,6,88.8,0
UNIT_04360,Line_A,184.7,5.65,50.9,2.89,0.89,16,92.0,0
UNIT_04361,Line_C,169.7,6.13,48.1,2.8,0.46,16,83.2,0
UNIT_04362,Line_B,183.2,4.9,45.9,3.45,1.28,10,79.8,1
UNIT_04363,Line_C,177.3,4.63,40.9,2.45,0.26,0,92.8,0
UNIT_04364,Line_B,177.1,3.83,50.8,2.94,1.07,11,92.4,0
UNIT_04365,Line_C,180.6,5.52,43.5,3.05,0.87,7,95.2,0
UNIT_04366,Line_A,180.9,4.67,44.8,3.35,0.22,16,88.3,0
UNIT_04367,Line_A,182.0,6.78,44.7,2.9,0.51,14,71.8,1
UNIT_04368,Line_C,172.8,4.56,47.7,3.67,0.24,19,86.3,0
UNIT_04369,Line_B,173.3,6.26,38.1,3.19,2.26,7,85.3,1
UNIT_04370,Line_B,178.6,5.45,48.4,2.41,0.59,6,94.8,0
UNIT_04371,Line_A,179.5,4.38,40.7,2.64,0.45,9,93.5,0
UNIT_04372,Line_A,174.7,5.14,40.9,3.06,0.12,16,89.9,0
UNIT_04373,Line_C,183.9,5.46,50.3,2.71,0.84,10,68.4,1
UNIT_04374,Line_A,158.2,4.86,39.0,3.14,0.5,6,78.4,0
UNIT_04375,Line_B,171.2,5.5,50.3,2.89,1.06,18,82.1,0
UNIT_04376,Line_A,176.6,5.49,45.6,2.7,1.82,7,82.3,0
UNIT_04377,Line_A,169.7,5.36,35.1,2.76,1.17,17,86.3,0
UNIT_04378,Line_A,199.6,4.99,53.2,3.21,0.28,12,96.8,0
UNIT_04379,Line_C,180.2,4.3,46.9,2.49,0.46,1,91.2,0
UNIT_04380,Line_C,182.1,4.95,47.4,3.26,0.2,9,77.6,0
UNIT_04381,Line_A,174.2,5.11,51.0,3.27,0.37,13,78.4,0
UNIT_04382,Line_B,179.8,3.87,54.0,2.92,1.33,18,77.6,0
UNIT_04383,Line_B,165.4,5.1,46.2,2.65,0.39,10,84.1,0
UNIT_04384,Line_B,178.0,4.94,48.7,3.14,1.07,0,91.4,0
UNIT_04385,Line_C,168.8,4.22,47.2,2.88,0.43,7,92.7,0
UNIT_04386,Line_A,176.7,4.8,42.9,2.62,1.16,19,82.0,0
UNIT_04387,Line_A,149.3,4.81,35.5,3.48,0.27,9,,0
UNIT_04388,Line_B,166.5,6.16,46.3,2.78,0.23,7,98.4,0
UNIT_04389,Line_B,197.6,5.13,53.3,2.63,2.25,17,73.1,1
UNIT_04390,Line_A,190.0,5.62,48.5,3.07,0.29,8,90.1,0
UNIT_04391,Line_C,195.8,4.93,38.6,2.98,1.36,15,89.2,1
UNIT_04392,Line_A,196.7,3.88,51.6,3.37,0.95,0,82.6,1
UNIT_04393,Line_A,188.1,5.4,43.1,2.9,0.36,11,84.9,0
UNIT_04394,Line_B,174.6,4.61,32.4,2.91,0.36,0,88.4,1
UNIT_04395,Line_B,167.6,4.8,51.1,3.08,0.52,3,82.6,0
UNIT_04396,Line_A,193.8,4.37,39.3,3.05,1.38,10,79.9,0
UNIT_04397,Line_A,180.8,5.04,55.7,3.06,0.45,12,79.3,0
UNIT_04398,Line_A,209.9,5.64,51.9,3.07,1.07,2,99.9,0
UNIT_04399,Line_B,175.6,5.56,43.6,3.04,0.87,9,81.5,0
UNIT_04400,Line_B,203.7,5.95,47.8,2.9,0.89,8,86.6,0
UNIT_04401,Line_A,178.1,6.04,59.5,3.21,2.3,8,91.3,0
UNIT_04402,Line_B,196.0,3.77,51.0,2.91,1.01,16,83.3,1
UNIT_04403,Line_C,200.4,4.28,46.4,3.2,0.88,18,,1
UNIT_04404,Line_A,167.7,3.92,62.3,3.35,0.12,1,89.0,1
UNIT_04405,Line_C,174.2,5.38,45.7,2.83,1.63,19,78.2,0
UNIT_04406,Line_A,167.6,4.58,48.5,3.6,1.17,1,72.7,1
UNIT_04407,Line_A,165.2,4.71,39.4,2.82,0.85,19,79.2,0
UNIT_04408,Line_A,188.0,4.87,35.0,2.82,0.52,12,98.8,0
UNIT_04409,Line_A,177.6,5.23,43.3,3.13,0.13,14,80.4,1
UNIT_04410,Line_A,180.6,4.11,45.2,3.11,0.99,4,86.0,0
UNIT_04411,Line_B,186.7,4.24,47.0,3.02,0.67,11,74.4,0
UNIT_04412,Line_B,157.7,5.0,36.5,3.2,2.19,11,95.7,0
UNIT_04413,Line_C,195.4,5.72,49.0,3.06,1.07,6,82.6,0
UNIT_04414,Line_B,175.8,4.98,40.0,3.52,0.74,10,81.4,0
UNIT_04415,Line_B,186.4,4.53,48.7,2.99,2.64,18,83.9,0
UNIT_04416,Line_B,187.4,3.71,50.6,2.79,0.67,2,100.0,0
UNIT_04417,Line_A,196.4,5.57,42.6,2.86,2.06,9,88.5,1
UNIT_04418,Line_C,178.7,4.56,39.2,3.12,0.1,6,83.7,0
UNIT_04419,Line_A,154.5,4.31,54.3,3.12,2.99,4,61.9,1
UNIT_04420,Line_C,180.7,3.97,50.2,3.05,1.37,9,95.8,0
UNIT_04421,Line_C,182.4,4.14,45.9,2.79,0.32,2,79.4,0
UNIT_04422,Line_C,167.6,4.42,53.8,3.28,2.46,2,78.2,1
UNIT_04423,Line_B,181.8,4.86,45.5,3.48,0.07,16,78.9,0
UNIT_04424,Line_A,175.7,4.27,41.3,3.01,0.23,6,96.7,0
UNIT_04425,Line_C,163.9,5.11,39.0,3.45,0.97,6,84.7,1
UNIT_04426,Line_A,188.1,4.85,44.4,3.22,1.63,13,72.8,0
UNIT_04427,Line_B,173.2,6.33,49.6,3.55,0.86,15,83.4,1
UNIT_04428,Line_C,175.1,3.98,53.3,3.12,0.14,17,78.3,0
UNIT_04429,Line_C,174.4,5.1,45.1,3.03,0.35,12,87.9,0
UNIT_04430,Line_C,194.8,5.1,52.3,3.21,0.44,5,81.9,0
UNIT_04431,Line_A,179.5,4.38,43.7,2.89,0.93,5,72.4,0
UNIT_04432,Line_C,180.9,5.06,40.3,3.1,0.61,14,84.3,0
UNIT_04433,Line_A,174.7,5.46,37.2,3.33,1.55,17,84.5,0
UNIT_04434,Line_B,185.6,5.06,42.0,3.2,0.13,18,75.0,0
UNIT_04435,Line_C,196.2,5.83,37.4,2.99,1.08,16,69.3,0
UNIT_04436,Line_B,187.8,3.69,57.1,3.05,0.23,12,87.3,0
UNIT_04437,Line_C,188.2,4.49,47.6,3.19,1.84,3,82.8,1
UNIT_04438,Line_B,187.3,5.89,44.4,3.18,1.09,8,83.3,0
UNIT_04439,Line_A,163.4,5.55,55.3,3.19,0.61,2,91.0,0
UNIT_04440,Line_A,169.5,5.32,37.2,3.08,0.5,8,69.5,0
UNIT_04441,Line_B,177.5,5.74,44.2,2.79,0.9,12,85.5,1
UNIT_04442,Line_C,171.3,3.85,57.0,2.83,1.51,13,90.3,0
UNIT_04443,Line_B,167.2,5.48,44.1,3.12,0.87,4,83.5,0
UNIT_04444,Line_C,157.5,5.64,59.7,3.21,0.61,13,73.7,1
UNIT_04445,Line_B,163.8,4.6,49.7,3.18,0.29,6,79.7,0
UNIT_04446,Line_A,176.9,6.58,52.8,2.83,0.59,13,81.4,1
UNIT_04447,Line_A,179.2,5.12,53.0,2.96,1.52,18,72.4,0
UNIT_04448,Line_B,170.5,3.68,45.0,2.71,1.21,5,88.0,1
UNIT_04449,Line_C,180.9,5.23,42.1,2.65,1.66,3,85.0,1
UNIT_04450,Line_C,174.8,4.57,44.3,3.02,0.28,19,79.9,0
UNIT_04451,Line_A,193.1,5.7,39.1,3.34,0.14,9,92.9,0
UNIT_04452,Line_B,178.1,5.33,44.6,3.02,1.13,4,80.8,0
UNIT_04453,Line_C,188.4,4.64,45.0,3.48,0.18,5,96.8,1
UNIT_04454,Line_B,182.4,5.9,55.1,2.96,1.66,9,82.8,0
UNIT_04455,Line_A,163.2,5.56,48.6,3.01,1.16,6,77.4,1
UNIT_04456,Line_B,178.9,4.5,59.2,2.75,0.85,18,77.6,0
UNIT_04457,Line_A,165.2,4.91,32.0,2.91,0.24,7,85.7,0
UNIT_04458,Line_A,178.7,5.31,37.7,2.7,0.68,9,76.4,0
UNIT_04459,Line_B,171.1,4.78,42.9,2.61,0.59,5,86.2,0
UNIT_04460,Line_A,184.6,4.8,54.0,2.71,0.88,14,81.8,1
UNIT_04461,Line_B,163.9,5.02,44.3,3.02,2.02,15,81.6,0
UNIT_04462,Line_B,180.2,4.36,36.2,2.82,0.28,11,84.7,0
UNIT_04463,Line_B,186.9,3.66,43.5,2.88,0.52,16,93.0,0
UNIT_04464,Line_B,190.9,5.14,37.8,3.1,0.62,5,80.7,0
UNIT_04465,Line_A,170.8,3.81,36.6,2.61,1.74,10,86.5,1
UNIT_04466,Line_C,180.2,4.4,57.0,3.02,0.73,14,88.6,0
UNIT_04467,Line_C,182.2,3.94,42.9,3.21,1.08,17,75.3,1
UNIT_04468,Line_C,198.6,4.01,46.0,3.23,1.83,6,89.2,0
UNIT_04469,Line_C,162.2,5.26,44.4,3.13,0.85,2,91.5,0
UNIT_04470,Line_B,169.1,4.87,43.5,2.99,0.52,15,92.7,0
UNIT_04471,Line_C,213.7,4.84,40.0,2.84,1.59,10,76.1,1
UNIT_04472,Line_B,176.7,4.21,43.1,2.98,1.97,1,76.7,0
UNIT_04473,Line_A,157.3,4.61,47.0,3.41,1.02,16,84.6,0
UNIT_04474,Line_C,173.0,5.23,53.5,3.07,0.39,9,84.1,0
UNIT_04475,Line_A,146.8,4.97,50.7,2.97,0.48,12,85.2,0
UNIT_04476,Line_C,182.9,5.49,37.7,3.14,1.96,7,82.1,0
UNIT_04477,Line_B,189.7,5.58,50.9,3.01,1.16,19,86.5,0
UNIT_04478,Line_C,169.1,4.85,47.9,3.06,0.55,8,64.6,0
UNIT_04479,Line_B,174.4,3.89,41.3,2.94,0.12,11,90.3,0
UNIT_04480,Line_B,191.1,4.55,46.1,2.9,1.17,10,96.8,0
UNIT_04481,Line_A,159.0,4.94,48.4,3.25,1.02,19,80.6,0
UNIT_04482,Line_C,164.1,4.53,45.3,2.51,1.16,12,86.6,1
UNIT_04483,Line_A,177.3,4.37,47.9,3.12,0.34,1,98.4,0
UNIT_04484,Line_B,171.0,5.04,39.8,2.88,0.53,17,85.3,0
UNIT_04485,Line_B,176.5,6.46,57.0,2.52,1.45,0,87.4,1
UNIT_04486,Line_B,164.8,4.71,33.4,2.76,0.04,10,99.7,0
UNIT_04487,Line_A,182.6,5.0,48.5,2.99,0.52,7,100.0,0
UNIT_04488,Line_B,178.2,4.21,47.2,3.03,0.16,9,76.5,0
UNIT_04489,Line_B,186.6,5.75,48.9,3.19,0.3,16,81.7,0
UNIT_04490,Line_A,182.4,5.52,40.7,3.2,1.3,2,92.1,0
UNIT_04491,Line_A,182.5,5.48,52.0,2.61,0.6,1,89.0,1
UNIT_04492,Line_C,162.6,5.82,44.4,3.09,0.25,18,90.6,0
UNIT_04493,Line_A,185.9,4.74,37.9,3.18,0.96,5,64.0,1
UNIT_04494,Line_A,176.0,4.82,38.4,3.05,0.42,8,69.4,0
UNIT_04495,Line_B,178.0,6.03,45.7,3.13,0.59,19,99.3,1
UNIT_04496,Line_A,192.6,5.38,35.4,2.52,0.78,14,91.2,0
UNIT_04497,Line_B,171.4,3.67,55.8,2.75,1.67,12,87.8,1
UNIT_04498,Line_A,196.2,5.27,51.3,3.34,0.78,0,75.1,1
UNIT_04499,Line_B,197.3,4.65,56.0,2.93,0.49,7,81.7,0
UNIT_04500,Line_C,189.0,5.54,55.3,3.56,0.93,10,89.6,1
UNIT_04501,Line_B,168.2,5.24,42.9,2.68,0.97,1,73.9,1
UNIT_04502,Line_C,153.8,3.96,39.8,3.39,0.45,12,79.4,0
UNIT_04503,Line_C,192.9,5.16,28.9,2.85,0.6,15,88.0,0
UNIT_04504,Line_A,181.3,5.13,42.6,3.22,0.66,7,89.7,0
UNIT_04505,Line_B,171.1,5.22,55.6,2.93,1.48,18,80.8,0
UNIT_04506,Line_A,194.1,5.35,40.0,3.03,0.05,18,92.9,0
UNIT_04507,Line_B,169.7,5.9,43.7,3.15,0.89,14,92.6,1
UNIT_04508,Line_A,174.9,5.25,41.7,2.85,1.23,6,70.7,0
UNIT_04509,Line_C,186.3,5.01,47.2,3.2,1.45,2,98.1,0
UNIT_04510,Line_A,166.6,5.69,52.7,2.93,0.15,13,94.3,0
UNIT_04511,Line_B,178.7,6.35,35.8,3.04,0.14,10,86.7,0
UNIT_04512,Line_A,193.1,5.55,36.9,2.34,0.4,14,83.9,1
UNIT_04513,Line_C,182.5,5.12,53.9,2.92,1.1,8,91.3,0
UNIT_04514,Line_C,195.0,5.26,49.4,3.32,1.33,3,89.3,1
UNIT_04515,Line_C,193.6,5.15,43.4,3.17,0.12,18,82.8,1
UNIT_04516,Line_B,180.1,5.01,55.2,3.22,0.79,19,97.9,0
UNIT_04517,Line_A,152.0,6.3,36.8,3.01,1.28,15,68.2,1
UNIT_04518,Line_C,166.7,4.55,50.6,3.42,0.47,0,79.7,0
UNIT_04519,Line_B,189.2,5.69,44.6,3.07,0.84,16,88.6,0
UNIT_04520,Line_C,161.4,4.92,48.6,2.83,0.21,19,84.6,0
UNIT_04521,Line_C,176.1,4.11,30.7,3.21,1.02,8,90.6,1
UNIT_04522,Line_B,184.1,4.89,43.4,3.23,0.58,10,73.8,0
UNIT_04523,Line_C,197.6,4.67,49.4,3.16,0.53,0,83.0,0
UNIT_04524,Line_C,173.1,5.35,44.6,2.9,0.82,12,94.2,0
UNIT_04525,Line_B,172.3,5.05,52.5,3.07,0.1,15,73.1,0
UNIT_04526,Line_A,179.4,4.39,52.3,3.35,0.41,4,83.1,0
UNIT_04527,Line_A,184.2,5.88,39.2,3.12,1.28,12,80.8,1
UNIT_04528,Line_B,178.1,5.65,49.9,2.63,0.12,5,87.9,0
UNIT_04529,Line_B,192.6,5.95,39.0,2.84,0.14,2,88.1,0
UNIT_04530,Line_A,170.4,5.14,45.3,2.83,0.45,0,85.8,0
UNIT_04531,Line_A,181.4,4.98,48.9,2.81,0.65,15,82.7,0
UNIT_04532,Line_C,185.3,5.42,40.0,2.47,0.78,4,85.5,0
UNIT_04533,Line_C,175.2,4.65,49.7,3.47,2.17,2,83.7,1
UNIT_04534,Line_A,190.1,5.08,42.0,2.78,0.8,19,84.7,0
UNIT_04535,Line_B,181.8,4.89,41.5,2.8,0.88,14,96.7,0
UNIT_04536,Line_A,189.5,4.12,49.2,2.51,1.45,5,75.4,1
UNIT_04537,Line_C,182.3,5.08,40.0,3.22,0.32,14,87.7,0
UNIT_04538,Line_C,184.5,4.74,39.7,2.98,0.91,9,77.5,0
UNIT_04539,Line_C,172.4,4.85,51.2,2.91,1.09,0,100.0,0
UNIT_04540,Line_B,172.4,5.22,45.7,2.93,0.98,5,85.7,0
UNIT_04541,Line_B,194.7,5.76,36.3,3.15,0.78,15,74.9,0
UNIT_04542,Line_C,187.6,4.49,50.1,2.88,0.74,14,83.1,0
UNIT_04543,Line_B,167.7,4.8,42.6,2.5,0.25,8,73.3,0
UNIT_04544,Line_B,182.2,4.54,36.6,2.68,0.49,19,79.9,1
UNIT_04545,Line_C,151.5,4.5,30.0,2.66,1.83,10,89.9,1
UNIT_04546,Line_B,173.1,4.64,50.4,3.07,0.4,0,95.9,0
UNIT_04547,Line_C,191.5,4.88,39.8,3.23,0.69,19,93.6,0
UNIT_04548,Line_B,178.5,5.35,37.5,3.37,0.65,0,84.2,0
UNIT_04549,Line_C,181.4,5.19,48.8,2.59,0.91,18,89.6,0
UNIT_04550,Line_A,143.8,4.37,49.8,3.16,0.65,1,91.5,0
UNIT_04551,Line_A,175.3,5.78,40.3,2.85,0.57,7,100.0,1
UNIT_04552,Line_A,184.1,5.57,50.5,3.73,1.25,1,80.2,1
UNIT_04553,Line_B,185.6,4.46,57.3,3.35,0.8,14,97.1,0
UNIT_04554,Line_C,191.5,5.73,53.1,3.43,0.74,6,76.3,0
UNIT_04555,Line_A,177.5,5.2,52.1,3.2,0.43,10,94.4,0
UNIT_04556,Line_A,178.0,4.91,46.9,3.1,0.51,3,80.0,0
UNIT_04557,Line_C,164.0,5.21,42.3,2.9,0.83,16,79.5,0
UNIT_04558,Line_C,177.5,4.98,44.7,2.85,1.34,9,82.7,0
UNIT_04559,Line_B,164.9,5.33,47.6,2.8,1.66,6,78.8,1
UNIT_04560,Line_B,157.8,5.11,37.5,3.15,0.88,0,88.4,0
UNIT_04561,Line_B,167.0,4.8,40.4,3.39,2.44,9,94.8,0
UNIT_04562,Line_A,198.1,3.78,36.4,2.91,0.54,14,68.1,1
UNIT_04563,Line_A,176.8,5.32,46.4,2.82,0.54,2,83.6,0
UNIT_04564,Line_C,182.6,4.78,45.5,2.63,1.52,10,76.3,1
UNIT_04565,Line_B,173.8,5.47,41.1,3.06,0.77,18,92.2,0
UNIT_04566,Line_C,158.5,5.29,49.9,3.31,0.44,17,96.4,1
UNIT_04567,Line_C,191.2,4.79,38.7,3.32,0.67,18,83.6,0
UNIT_04568,Line_A,153.9,5.61,40.9,3.34,0.28,17,79.4,1
UNIT_04569,Line_A,173.3,5.12,49.7,3.1,0.59,5,72.1,0
UNIT_04570,Line_C,179.3,5.1,50.6,3.02,0.25,3,100.0,0
UNIT_04571,Line_A,182.8,4.92,40.2,3.32,0.28,11,95.6,0
UNIT_04572,Line_B,171.3,6.01,46.4,2.72,0.82,14,69.2,0
UNIT_04573,Line_C,157.9,4.57,40.3,2.89,0.07,7,90.2,0
UNIT_04574,Line_C,170.4,4.81,43.8,3.43,0.26,4,76.1,0
UNIT_04575,Line_C,171.0,4.26,45.9,2.73,0.36,3,80.9,1
UNIT_04576,Line_A,170.7,5.44,48.4,2.99,0.49,10,75.0,0
UNIT_04577,Line_A,191.6,4.65,46.9,3.16,1.02,0,69.0,0
UNIT_04578,Line_A,165.4,4.72,46.6,3.02,0.48,13,84.6,0
UNIT_04579,Line_A,183.6,4.69,38.5,3.29,1.79,16,100.0,0
UNIT_04580,Line_A,181.9,5.04,47.3,3.38,0.4,16,77.6,0
UNIT_04581,Line_C,191.5,4.25,48.3,3.12,0.08,5,92.1,0
UNIT_04582,Line_A,178.4,3.65,49.1,3.35,0.27,1,93.4,1
UNIT_04583,Line_C,189.5,5.27,40.7,2.77,0.81,10,90.8,0
UNIT_04584,Line_B,177.9,3.73,50.5,2.96,0.28,14,100.0,1
UNIT_04585,Line_B,185.2,5.51,37.1,3.6,0.39,18,92.6,0
UNIT_04586,Line_A,162.0,5.94,42.4,3.49,1.52,2,99.4,1
UNIT_04587,Line_A,148.3,4.9,43.3,2.68,1.84,0,75.8,1
UNIT_04588,Line_B,184.5,5.78,37.4,3.0,0.18,2,91.0,0
UNIT_04589,Line_A,185.2,4.99,43.3,3.03,0.56,10,97.1,0
UNIT_04590,Line_C,185.7,5.96,46.3,3.1,0.8,3,78.8,0
UNIT_04591,Line_A,173.7,4.73,34.0,3.32,1.29,19,57.1,0
UNIT_04592,Line_A,197.9,3.58,42.6,3.46,0.47,6,74.9,1
UNIT_04593,Line_C,174.5,4.95,34.5,3.01,0.79,16,79.2,0
UNIT_04594,Line_B,185.1,6.02,57.2,3.28,1.45,6,89.5,1
UNIT_04595,Line_A,187.1,5.32,46.3,3.16,0.69,4,80.5,0
UNIT_04596,Line_C,200.6,4.69,45.8,2.99,0.03,1,85.0,0
UNIT_04597,Line_A,176.2,5.2,46.4,2.58,0.56,4,80.2,0
UNIT_04598,Line_C,172.2,5.58,48.6,3.25,0.33,15,84.0,0
UNIT_04599,Line_C,162.0,4.95,50.9,3.15,0.35,15,84.5,0
UNIT_04600,Line_C,198.6,6.58,35.6,3.1,0.38,13,79.9,0
UNIT_04601,Line_C,185.1,4.69,52.9,2.75,0.07,1,91.6,0
UNIT_04602,Line_A,185.4,5.6,52.5,3.49,1.75,6,96.0,1
UNIT_04603,Line_C,217.4,5.46,44.6,3.04,1.35,11,75.8,1
UNIT_04604,Line_A,183.9,4.58,44.3,2.71,1.94,18,86.7,0
UNIT_04605,Line_B,164.4,4.75,26.4,2.67,2.56,4,73.6,1
UNIT_04606,Line_A,177.6,5.61,37.5,3.17,0.77,3,71.0,1
UNIT_04607,Line_B,168.3,5.09,48.1,3.18,0.43,16,93.3,0
UNIT_04608,Line_C,175.2,5.2,52.2,2.88,0.94,9,100.0,0
UNIT_04609,Line_B,175.2,4.02,49.4,3.12,0.97,7,82.4,0
UNIT_04610,Line_A,173.0,5.39,44.5,3.17,0.43,7,99.7,0
UNIT_04611,Line_A,163.3,5.17,56.6,3.03,0.42,8,79.8,0
UNIT_04612,Line_C,199.1,4.96,51.0,2.82,0.63,9,83.1,1
UNIT_04613,Line_B,183.6,5.22,42.6,3.24,0.4,15,98.3,0
UNIT_04614,Line_B,177.3,4.75,58.1,3.21,0.98,13,77.7,0
UNIT_04615,Line_B,189.1,4.64,38.4,3.14,0.22,1,92.3,0
UNIT_04616,Line_A,185.7,4.85,36.2,2.79,1.14,2,82.2,0
UNIT_04617,Line_B,183.3,4.72,42.5,2.67,1.63,12,79.2,0
UNIT_04618,Line_B,188.2,6.31,40.4,3.02,1.86,16,80.9,1
UNIT_04619,Line_C,181.6,5.55,42.8,3.23,2.82,19,67.7,1
UNIT_04620,Line_B,188.0,4.42,49.8,3.26,0.99,17,95.1,0
UNIT_04621,Line_C,189.0,6.22,44.8,3.15,0.18,13,86.8,1
UNIT_04622,Line_C,182.0,4.74,45.0,2.89,0.73,4,83.8,0
UNIT_04623,Line_A,177.4,5.02,45.4,2.8,2.42,1,79.5,0
UNIT_04624,Line_B,198.4,5.54,31.1,3.0,1.82,14,87.5,0
UNIT_04625,Line_B,174.3,3.82,35.9,3.0,0.53,18,92.1,0
UNIT_04626,Line_A,184.7,4.86,42.7,3.28,0.09,8,82.8,0
UNIT_04627,Line_A,185.0,4.66,39.9,2.88,0.95,2,92.7,1
UNIT_04628,Line_C,172.7,5.12,43.6,2.9,0.17,14,87.2,0
UNIT_04629,Line_B,170.3,5.22,53.4,3.51,0.93,7,84.3,1
UNIT_04630,Line_A,175.8,4.95,44.6,3.39,1.01,12,92.3,0
UNIT_04631,Line_A,174.1,4.93,37.1,2.78,1.76,3,80.9,1
UNIT_04632,Line_A,162.5,5.64,40.2,3.37,0.1,7,75.0,1
UNIT_04633,Line_A,172.2,5.18,55.3,2.72,1.3,14,84.6,0
UNIT_04634,Line_A,183.2,5.02,54.2,2.89,0.63,17,85.3,0
UNIT_04635,Line_C,195.2,5.09,48.6,2.92,2.08,5,,0
UNIT_04636,Line_C,186.7,6.1,35.6,2.98,1.24,15,94.5,0
UNIT_04637,Line_B,148.8,5.1,46.8,3.15,0.78,5,89.0,1
UNIT_04638,Line_B,187.7,4.69,47.3,3.03,0.32,14,84.1,0
UNIT_04639,Line_C,173.3,3.85,45.2,3.15,0.68,8,85.0,0
UNIT_04640,Line_C,185.4,4.14,41.6,2.9,1.53,14,85.6,0
UNIT_04641,Line_A,179.8,4.72,42.8,3.09,0.68,5,89.2,0
UNIT_04642,Line_C,177.7,4.93,41.2,3.02,0.67,1,85.4,0
UNIT_04643,Line_A,178.8,4.67,38.1,2.65,0.69,15,83.8,1
UNIT_04644,Line_A,179.7,5.21,53.2,3.12,0.43,0,74.3,0
UNIT_04645,Line_B,196.1,4.66,50.3,3.02,0.29,10,79.3,0
UNIT_04646,Line_C,179.8,4.45,43.3,2.82,0.34,1,87.2,0
UNIT_04647,Line_A,193.0,5.37,47.1,2.89,0.74,11,86.5,0
UNIT_04648,Line_A,191.3,5.82,47.3,2.9,1.35,2,73.1,1
UNIT_04649,Line_A,188.0,4.34,59.1,2.94,0.82,3,80.5,0
UNIT_04650,Line_B,158.6,5.15,50.2,3.44,1.55,19,77.6,0
UNIT_04651,Line_C,193.4,3.86,50.0,3.52,1.84,18,95.9,1
UNIT_04652,Line_A,174.5,4.12,45.2,2.32,2.53,8,87.0,1
UNIT_04653,Line_A,188.6,4.65,42.4,3.12,2.38,6,88.4,0
UNIT_04654,Line_A,168.3,5.68,53.3,3.24,0.2,13,84.5,0
UNIT_04655,Line_A,165.8,4.53,48.9,2.95,1.07,7,80.0,0
UNIT_04656,Line_A,203.7,4.51,40.0,3.23,0.5,3,81.4,0
UNIT_04657,Line_B,168.5,5.02,47.7,3.41,0.35,4,88.9,0
UNIT_04658,Line_B,193.8,5.02,50.0,2.66,0.59,12,82.9,0
UNIT_04659,Line_B,181.4,4.53,32.4,3.03,1.98,19,89.0,0
UNIT_04660,Line_C,175.0,6.19,39.5,3.49,1.53,13,86.1,1
UNIT_04661,Line_B,179.5,4.84,47.2,2.69,0.75,12,87.4,0
UNIT_04662,Line_A,164.4,5.07,33.5,2.97,1.2,15,87.8,0
UNIT_04663,Line_B,179.8,4.76,34.4,2.89,0.97,1,80.8,0
UNIT_04664,Line_A,167.0,5.26,43.4,3.26,0.59,12,82.5,0
UNIT_04665,Line_C,175.3,5.74,47.9,3.3,0.39,3,92.3,1
UNIT_04666,Line_A,191.1,6.0,48.2,3.04,0.68,8,99.6,0
UNIT_04667,Line_A,183.1,4.54,54.5,3.01,1.25,9,92.3,1
UNIT_04668,Line_C,162.2,5.66,45.5,2.57,2.14,14,62.7,1
UNIT_04669,Line_B,190.2,5.33,42.8,3.36,1.08,3,78.9,0
UNIT_04670,Line_A,179.9,5.58,37.2,2.91,0.46,19,85.9,0
UNIT_04671,Line_C,173.5,4.94,42.7,2.96,0.31,12,76.2,0
UNIT_04672,Line_A,189.0,4.89,49.2,3.24,0.94,6,75.8,0
UNIT_04673,Line_C,178.0,5.56,49.5,3.05,0.11,6,81.7,0
UNIT_04674,Line_C,166.0,5.57,46.6,3.25,3.51,2,87.8,0
UNIT_04675,Line_B,202.2,5.94,48.3,3.15,1.06,6,89.9,1
UNIT_04676,Line_B,179.8,5.12,52.7,3.05,1.75,2,82.1,0
UNIT_04677,Line_B,179.0,4.94,45.5,3.08,1.47,15,81.4,0
UNIT_04678,Line_B,175.1,3.52,53.2,2.72,1.05,15,78.3,1
UNIT_04679,Line_A,194.2,4.03,40.6,2.96,1.0,10,89.1,0
UNIT_04680,Line_A,173.7,4.76,44.6,3.27,1.3,19,88.5,1
UNIT_04681,Line_A,161.5,4.34,42.1,2.78,0.55,2,92.3,1
UNIT_04682,Line_C,171.9,5.49,49.8,2.82,0.76,17,86.0,0
UNIT_04683,Line_A,195.9,4.21,38.9,2.78,1.36,7,74.5,1
UNIT_04684,Line_B,190.0,4.7,43.1,3.04,0.2,15,82.2,0
UNIT_04685,Line_C,176.9,4.72,33.8,3.35,0.74,17,91.9,0
UNIT_04686,Line_C,196.5,5.72,48.6,3.14,0.67,2,71.1,1
UNIT_04687,Line_A,189.0,4.64,52.5,2.46,0.1,16,84.3,0
UNIT_04688,Line_A,176.8,5.27,50.5,3.16,1.13,19,87.3,1
UNIT_04689,Line_C,178.0,5.12,49.9,2.89,0.87,15,100.0,0
UNIT_04690,Line_A,184.0,5.54,50.0,3.13,0.74,2,80.2,1
UNIT_04691,Line_A,170.0,5.51,49.2,2.96,1.54,16,84.0,0
UNIT_04692,Line_C,180.1,4.98,48.7,2.78,1.37,5,98.5,0
UNIT_04693,Line_C,183.7,3.98,49.1,2.98,1.45,1,80.3,0
UNIT_04694,Line_C,159.8,4.86,41.1,2.89,0.68,12,93.6,0
UNIT_04695,Line_C,177.7,4.99,43.8,3.08,0.54,2,88.1,0
UNIT_04696,Line_A,176.4,5.17,45.4,2.78,0.86,11,83.2,0
UNIT_04697,Line_A,192.3,4.56,43.0,2.72,1.04,0,88.6,0
UNIT_04698,Line_A,157.9,5.68,35.6,3.18,1.23,14,83.8,1
UNIT_04699,Line_A,175.4,5.01,37.6,3.28,0.35,2,100.0,0
UNIT_04700,Line_C,174.2,4.45,46.4,3.15,0.99,13,68.5,0
UNIT_04701,Line_A,191.5,4.73,50.4,2.84,1.67,16,82.7,0
UNIT_04702,Line_B,179.5,6.16,45.1,2.81,0.39,1,83.0,1
UNIT_04703,Line_C,201.6,5.4,61.6,2.83,0.09,0,83.9,0
UNIT_04704,Line_C,187.9,5.63,39.5,3.22,0.04,17,93.6,0
UNIT_04705,Line_A,175.1,4.38,47.7,2.79,0.53,9,81.4,0
UNIT_04706,Line_B,182.9,4.59,52.7,3.22,0.29,10,88.9,0
UNIT_04707,Line_B,175.8,4.59,51.4,3.16,1.09,4,86.9,0
UNIT_04708,Line_C,190.3,5.11,48.9,3.31,0.96,9,91.7,0
UNIT_04709,Line_B,164.0,4.9,51.4,3.27,0.12,16,83.9,1
UNIT_04710,Line_A,170.1,4.71,45.3,3.14,1.62,16,87.6,1
UNIT_04711,Line_C,185.5,4.78,55.0,2.63,0.42,16,84.0,0
UNIT_04712,Line_C,194.7,4.52,52.7,3.15,0.33,5,77.1,0
UNIT_04713,Line_B,153.6,4.89,39.9,3.03,0.93,15,97.8,0
UNIT_04714,Line_A,196.5,5.67,46.9,2.91,0.5,8,78.9,1
UNIT_04715,Line_B,178.3,4.09,35.7,3.34,0.87,7,81.2,0
UNIT_04716,Line_C,157.4,5.21,54.1,2.96,0.65,6,78.1,0
UNIT_04717,Line_C,144.0,5.83,46.3,2.87,1.74,18,88.2,1
UNIT_04718,Line_B,161.6,4.89,53.1,3.28,0.88,3,81.2,0
UNIT_04719,Line_A,179.8,4.68,44.3,2.9,0.59,17,97.1,0
UNIT_04720,Line_B,179.2,5.55,33.9,2.86,0.72,18,89.3,0
UNIT_04721,Line_C,187.6,4.41,60.8,2.72,1.5,13,82.8,1
UNIT_04722,Line_C,173.4,4.99,45.8,2.79,0.35,0,77.7,0
UNIT_04723,Line_A,166.7,4.38,39.0,2.82,1.14,12,84.1,1
UNIT_04724,Line_A,175.0,3.88,51.9,3.16,0.75,2,89.2,0
UNIT_04725,Line_B,180.4,4.91,57.2,2.75,0.77,6,84.6,0
UNIT_04726,Line_A,182.8,4.24,43.8,2.54,0.29,1,83.9,0
UNIT_04727,Line_C,170.5,4.99,44.4,3.08,0.54,14,76.8,0
UNIT_04728,Line_A,190.8,5.67,46.4,2.84,0.45,9,100.0,0
UNIT_04729,Line_B,172.5,6.11,38.3,3.0,0.75,18,83.4,0
UNIT_04730,Line_C,169.6,5.06,40.9,3.32,0.2,13,74.0,0
UNIT_04731,Line_C,173.5,5.61,55.7,3.02,0.08,6,76.4,0
UNIT_04732,Line_C,192.9,5.24,44.2,3.38,0.5,15,82.2,0
UNIT_04733,Line_A,178.4,4.77,40.0,2.98,1.52,5,100.0,0
UNIT_04734,Line_C,171.7,3.85,42.3,3.25,1.06,5,83.6,0
UNIT_04735,Line_B,191.1,5.98,51.4,2.86,0.69,5,82.0,0
UNIT_04736,Line_A,205.7,4.37,33.1,3.03,0.31,14,91.8,1
UNIT_04737,Line_B,182.5,5.83,46.5,2.77,0.04,19,92.3,0
UNIT_04738,Line_B,194.8,5.32,59.8,2.8,0.42,17,90.3,0
UNIT_04739,Line_B,192.4,4.41,57.2,2.94,0.62,10,86.6,1
UNIT_04740,Line_A,172.7,5.19,48.4,2.67,0.26,0,76.2,0
UNIT_04741,Line_B,180.3,6.28,52.9,3.04,1.01,19,79.0,0
UNIT_04742,Line_B,164.6,5.92,52.8,2.92,0.99,7,72.3,1
UNIT_04743,Line_A,177.5,4.69,44.2,3.06,0.49,12,83.2,0
UNIT_04744,Line_C,172.5,4.57,50.5,2.67,0.65,8,81.6,0
UNIT_04745,Line_A,175.2,5.06,55.7,3.18,0.64,5,80.8,1
UNIT_04746,Line_C,171.0,4.9,37.4,3.42,0.94,6,87.2,0
UNIT_04747,Line_A,176.6,5.72,48.5,3.37,0.34,11,79.7,0
UNIT_04748,Line_C,186.4,5.44,47.2,3.48,3.32,8,82.3,1
UNIT_04749,Line_B,178.6,3.98,45.6,3.01,0.2,3,81.1,0
UNIT_04750,Line_A,157.6,5.28,45.1,2.91,0.35,7,84.7,0
UNIT_04751,Line_A,171.0,4.89,46.4,3.12,0.84,8,87.9,0
UNIT_04752,Line_C,161.8,5.02,46.9,2.94,2.16,12,74.2,0
UNIT_04753,Line_C,182.9,5.15,51.7,2.56,0.46,8,88.6,0
UNIT_04754,Line_A,186.0,5.72,47.9,3.2,0.3,3,87.1,0
UNIT_04755,Line_B,183.1,5.59,43.9,2.94,0.57,11,88.3,0
UNIT_04756,Line_B,170.6,4.55,40.0,2.63,1.16,16,86.1,1
UNIT_04757,Line_A,183.0,4.96,42.2,2.87,1.2,7,87.9,0
UNIT_04758,Line_B,174.4,4.73,46.6,2.95,1.06,12,81.7,0
UNIT_04759,Line_C,166.3,3.99,40.8,3.0,2.32,9,88.5,0
UNIT_04760,Line_C,188.9,4.93,50.7,3.01,1.21,5,94.2,0
UNIT_04761,Line_C,189.8,6.11,47.6,3.34,1.38,17,81.0,0
UNIT_04762,Line_A,191.4,3.97,51.9,2.68,1.48,19,81.3,1
UNIT_04763,Line_A,172.7,4.99,41.2,2.96,0.27,3,90.0,0
UNIT_04764,Line_B,194.2,4.97,40.0,2.78,0.63,12,80.6,1
UNIT_04765,Line_A,174.1,5.17,51.8,3.31,0.35,18,79.2,0
UNIT_04766,Line_B,187.8,4.42,45.8,2.86,0.38,10,88.4,0
UNIT_04767,Line_A,173.9,4.14,43.8,2.91,0.53,10,81.6,0
UNIT_04768,Line_A,177.3,4.17,49.2,3.26,0.92,19,94.8,0
UNIT_04769,Line_A,150.9,5.8,49.0,3.33,2.09,12,81.3,1
UNIT_04770,Line_A,176.4,4.41,37.5,3.37,1.12,16,78.4,0
UNIT_04771,Line_C,181.1,4.7,53.3,2.59,0.98,2,85.0,0
UNIT_04772,Line_A,175.1,6.26,42.5,3.12,0.54,11,88.5,0
UNIT_04773,Line_C,201.1,4.56,55.2,3.07,2.23,2,87.6,0
UNIT_04774,Line_A,166.1,5.21,37.0,2.99,0.19,4,89.3,0
UNIT_04775,Line_A,173.2,5.64,46.9,3.02,1.23,14,80.6,0
UNIT_04776,Line_B,169.1,5.61,43.9,3.32,0.09,17,94.1,0
UNIT_04777,Line_C,173.2,4.2,33.1,3.26,0.79,18,71.8,0
UNIT_04778,Line_A,192.4,4.57,48.9,3.22,1.49,15,78.8,0
UNIT_04779,Line_A,197.7,5.18,33.5,3.05,0.73,10,85.3,0
UNIT_04780,Line_C,171.6,6.16,43.2,3.57,1.77,8,79.4,1
UNIT_04781,Line_B,171.3,4.54,51.6,2.9,0.31,3,82.5,0
UNIT_04782,Line_B,166.1,4.7,41.8,2.6,0.03,15,77.1,0
UNIT_04783,Line_C,195.7,5.25,39.6,2.93,0.2,15,83.3,0
UNIT_04784,Line_C,193.5,5.37,49.8,3.01,0.55,2,88.7,0
UNIT_04785,Line_B,178.7,5.41,43.5,3.33,0.92,18,80.7,0
UNIT_04786,Line_B,163.2,4.49,42.6,2.87,0.41,6,78.0,1
UNIT_04787,Line_A,164.3,4.68,52.6,3.12,0.8,13,81.3,0
UNIT_04788,Line_A,182.0,5.13,38.0,2.63,1.07,2,93.8,1
UNIT_04789,Line_B,186.6,5.76,42.2,3.27,0.33,3,93.8,0
UNIT_04790,Line_A,155.2,4.86,50.2,3.02,0.34,12,81.2,0
UNIT_04791,Line_C,176.1,4.99,37.6,2.93,0.16,8,89.1,0
UNIT_04792,Line_C,199.4,4.38,55.7,3.53,1.77,0,84.9,1
UNIT_04793,Line_A,177.4,6.12,43.7,3.27,1.8,18,95.3,0
UNIT_04794,Line_B,197.9,5.09,50.2,2.74,0.79,17,86.5,0
UNIT_04795,Line_A,187.8,5.65,50.2,2.97,0.22,3,83.4,0
UNIT_04796,Line_B,167.0,5.02,44.1,3.68,2.02,12,,1
UNIT_04797,Line_A,176.5,5.05,42.1,3.49,0.34,3,77.6,0
UNIT_04798,Line_B,178.5,4.1,44.7,3.23,0.17,14,87.6,0
UNIT_04799,Line_B,168.6,3.71,49.3,2.54,0.33,14,95.9,0
UNIT_04800,Line_B,168.4,5.75,39.1,3.33,0.3,14,90.3,0
UNIT_04801,Line_B,198.1,5.05,37.8,2.84,0.23,10,78.9,0
UNIT_04802,Line_A,168.3,5.12,53.9,3.33,0.41,0,78.5,0
UNIT_04803,Line_C,192.9,4.25,40.6,2.82,0.74,4,73.7,1
UNIT_04804,Line_C,174.8,4.46,47.1,3.12,1.22,19,,0
UNIT_04805,Line_C,179.7,5.64,43.8,2.84,0.58,12,75.9,0
UNIT_04806,Line_B,186.7,6.04,44.1,2.91,0.58,6,90.7,0
UNIT_04807,Line_C,172.8,4.63,53.6,3.16,0.57,18,73.6,0
UNIT_04808,Line_B,186.8,5.4,44.5,2.67,0.17,8,100.0,0
UNIT_04809,Line_C,155.4,5.11,42.9,3.59,1.2,17,74.2,1
UNIT_04810,Line_A,185.3,4.93,43.4,2.74,1.5,16,85.3,0
UNIT_04811,Line_A,150.4,6.11,42.0,2.73,1.95,0,94.7,1
UNIT_04812,Line_B,177.3,4.73,41.0,3.16,0.51,18,79.4,0
UNIT_04813,Line_B,190.3,5.74,42.0,3.32,1.87,17,89.5,1
UNIT_04814,Line_C,187.5,5.23,55.0,2.92,1.31,19,82.7,0
UNIT_04815,Line_A,164.4,4.99,49.3,2.73,0.25,12,88.1,0
UNIT_04816,Line_C,166.0,5.82,42.9,2.77,0.34,13,93.6,0
UNIT_04817,Line_A,171.7,5.17,50.9,2.74,0.75,5,81.6,0
UNIT_04818,Line_B,182.2,4.94,35.5,3.08,0.58,3,97.0,1
UNIT_04819,Line_C,155.6,5.83,53.3,2.98,0.21,1,87.8,1
UNIT_04820,Line_B,179.8,5.75,52.8,3.11,0.75,3,100.0,1
UNIT_04821,Line_C,183.7,5.72,58.4,3.09,0.77,19,78.3,0
UNIT_04822,Line_C,176.6,2.67,51.1,3.21,1.29,5,79.9,1
UNIT_04823,Line_C,186.3,5.26,47.6,2.9,0.44,0,83.1,0
UNIT_04824,Line_B,182.7,5.13,52.7,2.82,0.35,13,75.3,0
UNIT_04825,Line_B,173.5,4.98,41.2,3.04,0.16,3,92.4,1
UNIT_04826,Line_A,156.8,5.37,42.6,2.99,0.86,10,84.4,0
UNIT_04827,Line_B,181.6,5.16,44.6,3.06,0.79,13,75.8,0
UNIT_04828,Line_C,168.6,5.41,53.2,2.82,2.13,11,78.4,1
UNIT_04829,Line_B,173.1,4.84,39.9,3.16,1.23,15,78.0,0
UNIT_04830,Line_B,185.7,5.9,39.2,2.71,0.45,0,92.4,1
UNIT_04831,Line_A,197.0,5.47,46.4,2.89,0.71,5,88.7,0
UNIT_04832,Line_B,179.5,5.33,49.3,3.28,0.2,8,83.9,1
UNIT_04833,Line_A,186.6,5.3,40.8,2.72,0.51,14,82.1,0
UNIT_04834,Line_C,162.7,5.69,49.0,3.26,0.81,10,83.1,1
UNIT_04835,Line_B,182.9,5.61,53.2,2.65,2.2,15,99.2,1
UNIT_04836,Line_A,179.3,4.93,52.2,2.6,0.29,14,83.1,0
UNIT_04837,Line_A,194.8,5.59,47.1,2.63,1.73,16,91.9,1
UNIT_04838,Line_C,173.5,5.1,44.5,3.03,0.85,12,82.4,0
UNIT_04839,Line_C,177.1,6.15,55.4,3.18,1.21,15,98.5,1
UNIT_04840,Line_C,192.7,5.66,45.1,3.32,0.69,13,75.2,1
UNIT_04841,Line_A,178.9,4.62,50.6,3.3,0.38,0,91.5,0
UNIT_04842,Line_A,166.7,6.4,56.7,3.22,1.67,5,78.9,1
UNIT_04843,Line_A,210.6,3.74,50.0,2.79,0.48,17,100.0,1
UNIT_04844,Line_C,167.1,5.38,39.0,2.79,1.16,1,90.6,0
UNIT_04845,Line_C,179.2,4.58,37.6,3.2,0.22,11,71.4,0
UNIT_04846,Line_C,184.2,6.13,43.2,3.36,0.28,15,77.5,1
UNIT_04847,Line_A,183.2,5.15,49.3,2.74,0.09,8,90.5,0
UNIT_04848,Line_A,177.7,4.52,47.7,3.32,0.63,3,90.3,0
UNIT_04849,Line_C,177.8,4.84,58.2,2.52,0.85,0,,0
UNIT_04850,Line_C,177.2,4.57,47.6,3.1,0.71,13,86.3,0
UNIT_04851,Line_C,166.6,4.82,43.0,2.97,0.16,11,82.4,0
UNIT_04852,Line_A,205.8,4.8,38.2,2.95,0.28,13,93.7,0
UNIT_04853,Line_A,177.4,4.55,52.1,3.01,1.2,3,78.1,0
UNIT_04854,Line_A,187.2,5.16,45.0,2.79,0.44,9,85.4,0
UNIT_04855,Line_C,176.0,5.23,36.0,3.11,0.74,10,80.0,0
UNIT_04856,Line_C,175.7,4.4,45.1,3.02,0.41,16,79.4,0
UNIT_04857,Line_B,174.5,4.01,39.0,3.23,1.1,3,81.3,1
UNIT_04858,Line_A,161.4,5.19,42.4,3.4,0.41,13,79.1,0
UNIT_04859,Line_C,178.1,5.32,45.0,3.03,0.59,13,89.4,0
UNIT_04860,Line_A,175.1,5.44,39.6,2.8,1.43,11,73.2,0
UNIT_04861,Line_C,194.1,5.33,42.1,2.72,0.72,1,88.4,0
UNIT_04862,Line_C,165.6,5.94,40.5,3.42,0.31,2,79.9,1
UNIT_04863,Line_C,173.1,5.6,40.7,3.39,0.98,12,85.2,0
UNIT_04864,Line_C,169.2,6.61,39.0,3.22,0.16,12,83.7,1
UNIT_04865,Line_B,197.3,6.86,42.1,3.01,0.3,12,81.0,1
UNIT_04866,Line_B,169.6,3.95,39.6,3.2,0.17,15,94.7,0
UNIT_04867,Line_A,186.7,3.68,48.5,3.33,1.12,7,82.0,0
UNIT_04868,Line_C,191.6,5.0,46.2,2.85,0.92,5,90.6,0
UNIT_04869,Line_C,178.2,5.3,52.2,3.01,1.04,18,90.7,0
UNIT_04870,Line_A,163.5,4.95,56.3,2.72,0.82,13,82.8,0
UNIT_04871,Line_C,163.6,5.42,49.1,2.97,1.65,10,74.9,0
UNIT_04872,Line_A,190.3,4.84,47.7,3.39,0.81,11,77.9,0
UNIT_04873,Line_B,164.9,4.58,49.4,3.27,0.43,15,95.2,1
UNIT_04874,Line_A,184.7,4.67,47.8,3.03,0.33,6,88.9,0
UNIT_04875,Line_B,181.4,4.88,45.3,2.33,0.8,8,86.1,0
UNIT_04876,Line_B,184.5,5.51,44.8,2.84,1.55,0,,0
UNIT_04877,Line_B,185.7,4.71,38.9,3.03,0.21,15,98.9,0
UNIT_04878,Line_C,168.8,4.83,50.0,2.95,1.02,10,78.1,0
UNIT_04879,Line_C,168.3,5.34,44.8,3.01,0.59,17,86.1,0
UNIT_04880,Line_B,188.6,4.88,53.7,3.06,1.39,5,89.0,0
UNIT_04881,Line_C,172.4,5.67,50.5,2.87,0.14,8,74.6,0
UNIT_04882,Line_B,147.0,4.45,41.2,3.0,2.14,1,78.9,1
UNIT_04883,Line_A,187.8,4.32,52.5,2.96,0.58,19,81.3,0
UNIT_04884,Line_A,167.6,5.18,29.6,2.82,0.11,6,91.9,0
UNIT_04885,Line_A,185.6,5.24,56.6,3.46,0.21,3,81.5,1
UNIT_04886,Line_C,196.7,4.48,37.0,2.88,2.35,12,73.5,1
UNIT_04887,Line_B,180.2,5.81,48.0,2.44,1.01,16,72.7,1
UNIT_04888,Line_B,191.9,6.15,47.6,3.45,0.53,2,78.9,1
UNIT_04889,Line_B,181.8,4.62,51.7,2.79,2.71,10,73.1,1
UNIT_04890,Line_C,199.0,5.89,43.0,3.22,0.78,9,91.1,1
UNIT_04891,Line_B,167.3,3.57,32.1,2.83,1.33,2,91.5,1
UNIT_04892,Line_A,179.9,5.65,43.0,3.14,0.28,5,85.1,1
UNIT_04893,Line_A,188.1,4.49,43.7,2.99,0.51,12,82.9,0
UNIT_04894,Line_B,177.7,5.59,32.7,3.25,0.77,19,90.9,0
UNIT_04895,Line_B,193.8,4.42,45.3,2.95,0.46,2,90.6,0
UNIT_04896,Line_C,174.8,4.96,38.5,2.84,1.63,12,77.1,0
UNIT_04897,Line_B,204.8,4.51,48.9,3.06,0.99,17,78.2,1
UNIT_04898,Line_C,205.5,4.87,43.5,2.9,0.21,15,90.7,0
UNIT_04899,Line_B,183.4,6.1,56.8,2.52,0.56,16,87.2,1
UNIT_04900,Line_B,186.6,4.94,43.5,2.85,0.33,18,89.9,0
UNIT_04901,Line_B,194.3,6.27,47.6,3.72,1.01,13,77.8,1
UNIT_04902,Line_B,165.8,4.77,43.7,2.54,0.46,0,79.0,1
UNIT_04903,Line_C,164.3,5.9,35.3,3.06,0.11,4,88.7,0
UNIT_04904,Line_A,195.1,4.02,43.8,2.94,0.89,8,79.5,1
UNIT_04905,Line_B,183.3,4.83,49.5,3.46,0.44,19,72.8,0
UNIT_04906,Line_A,177.3,4.68,48.6,2.72,1.8,4,79.7,1
UNIT_04907,Line_C,180.1,5.92,43.2,3.03,0.24,17,83.4,0
UNIT_04908,Line_C,151.4,5.11,36.3,3.17,0.35,12,98.6,0
UNIT_04909,Line_B,177.7,3.75,48.9,2.96,0.54,14,78.3,0
UNIT_04910,Line_C,171.0,4.21,47.5,2.81,0.93,2,84.5,1
UNIT_04911,Line_B,191.0,4.39,50.1,2.99,1.42,7,100.0,0
UNIT_04912,Line_A,191.9,5.56,43.4,2.92,0.51,9,76.3,0
UNIT_04913,Line_B,186.9,5.48,34.9,2.92,0.79,9,90.3,0
UNIT_04914,Line_C,184.7,4.82,48.2,3.23,0.15,17,,0
UNIT_04915,Line_A,162.0,4.67,44.9,3.1,0.36,6,88.2,1
UNIT_04916,Line_A,187.1,5.43,53.4,3.14,0.47,17,100.0,0
UNIT_04917,Line_A,187.6,4.32,45.2,3.08,0.54,16,91.3,0
UNIT_04918,Line_C,194.9,5.27,44.7,3.24,1.09,12,86.2,0
UNIT_04919,Line_B,205.4,5.22,47.5,3.33,2.44,6,77.4,0
UNIT_04920,Line_C,159.7,4.84,41.4,2.93,0.38,1,83.6,0
UNIT_04921,Line_C,175.3,5.24,41.1,3.2,1.01,4,80.5,0
UNIT_04922,Line_B,171.1,5.06,44.4,2.68,1.63,12,73.4,0
UNIT_04923,Line_C,182.1,5.3,39.5,2.44,1.57,4,68.0,1
UNIT_04924,Line_A,180.2,4.2,43.6,3.46,0.29,18,78.4,0
UNIT_04925,Line_A,177.2,5.37,56.6,2.92,1.51,8,84.7,0
UNIT_04926,Line_B,192.3,5.62,51.3,3.06,0.22,5,94.0,0
UNIT_04927,Line_B,166.8,5.19,46.8,2.69,0.21,12,79.1,0
UNIT_04928,Line_A,167.5,5.36,54.3,2.68,0.71,3,86.5,0
UNIT_04929,Line_A,167.7,4.93,40.1,2.82,0.47,16,71.4,0
UNIT_04930,Line_A,175.7,5.53,59.9,3.16,1.9,10,78.6,0
UNIT_04931,Line_C,165.3,5.04,42.2,2.87,0.1,18,65.4,0
UNIT_04932,Line_C,179.4,4.31,57.0,2.92,0.72,17,100.0,0
UNIT_04933,Line_C,178.0,5.49,57.0,2.81,1.35,1,86.6,0
UNIT_04934,Line_B,170.6,4.02,34.5,3.29,0.09,17,86.3,0
UNIT_04935,Line_B,190.5,5.17,53.8,3.22,0.49,0,89.3,0
UNIT_04936,Line_C,179.3,4.77,43.3,2.88,1.33,15,100.0,0
UNIT_04937,Line_B,192.8,4.73,41.6,3.17,0.66,7,81.5,0
UNIT_04938,Line_A,177.7,5.1,48.1,2.94,0.66,6,77.2,0
UNIT_04939,Line_B,179.7,4.57,39.0,2.92,1.43,16,100.0,0
UNIT_04940,Line_C,173.2,5.31,48.0,2.99,0.95,5,75.2,0
UNIT_04941,Line_B,179.9,5.03,39.4,3.16,0.36,18,95.4,0
UNIT_04942,Line_C,188.5,4.63,46.1,2.78,2.13,0,84.4,0
UNIT_04943,Line_C,175.1,5.8,53.0,3.13,0.58,3,88.5,0
UNIT_04944,Line_A,186.2,5.12,47.3,3.62,0.2,7,73.5,0
UNIT_04945,Line_C,170.2,5.38,42.8,3.05,0.69,5,100.0,0
UNIT_04946,Line_B,189.1,5.85,48.2,3.01,0.63,17,81.9,1
UNIT_04947,Line_B,173.0,5.84,36.6,2.98,0.93,18,79.4,0
UNIT_04948,Line_A,190.2,5.35,40.0,3.12,1.05,8,89.4,0
UNIT_04949,Line_B,180.7,4.82,42.4,2.6,0.16,11,79.8,0
UNIT_04950,Line_A,198.3,4.14,49.7,3.43,0.54,6,88.4,1
UNIT_04951,Line_A,166.2,5.12,47.4,3.25,0.96,8,74.9,0
UNIT_04952,Line_C,162.3,5.66,48.2,2.84,0.67,6,86.2,0
UNIT_04953,Line_A,172.6,5.21,44.8,3.01,0.44,4,80.2,0
UNIT_04954,Line_B,163.4,2.93,40.3,2.86,1.18,13,78.7,1
UNIT_04955,Line_A,163.4,5.52,53.9,3.07,1.17,2,77.5,1
UNIT_04956,Line_A,187.5,5.56,40.8,3.02,0.0,5,92.1,0
UNIT_04957,Line_B,179.9,4.82,47.5,3.06,0.79,2,82.2,0
UNIT_04958,Line_C,174.2,5.59,44.3,2.74,0.92,9,83.5,0
UNIT_04959,Line_C,175.4,5.38,48.4,2.88,0.55,13,88.4,0
UNIT_04960,Line_B,172.8,4.59,41.4,3.29,0.74,10,94.1,1
UNIT_04961,Line_B,199.8,5.76,51.3,2.87,0.58,14,77.6,0
UNIT_04962,Line_C,171.2,4.24,53.3,2.34,0.9,11,86.8,1
UNIT_04963,Line_A,164.1,4.97,50.9,2.96,0.44,7,77.7,0
UNIT_04964,Line_C,189.6,4.91,45.9,3.6,0.46,18,83.3,0
UNIT_04965,Line_A,177.4,4.5,42.4,3.21,0.58,12,93.5,0
UNIT_04966,Line_A,204.5,5.18,61.9,2.85,0.91,0,66.2,1
UNIT_04967,Line_B,173.7,5.79,39.1,2.99,1.0,3,77.6,0
UNIT_04968,Line_A,190.2,5.75,50.3,3.17,1.73,13,83.1,0
UNIT_04969,Line_C,193.0,5.43,47.0,2.56,0.23,0,88.0,0
UNIT_04970,Line_C,173.7,3.98,44.6,2.79,0.07,3,94.8,1
UNIT_04971,Line_B,171.1,4.2,46.1,3.1,1.17,1,71.4,1
UNIT_04972,Line_C,188.9,5.1,41.9,3.4,0.7,16,96.3,0
UNIT_04973,Line_C,186.9,4.98,47.6,2.89,0.1,2,89.2,0
UNIT_04974,Line_C,163.1,4.7,46.9,3.39,0.58,4,83.1,0
UNIT_04975,Line_C,166.5,6.14,61.1,2.81,1.42,19,73.2,1
UNIT_04976,Line_B,149.6,5.06,51.4,2.15,0.44,2,80.4,1
UNIT_04977,Line_A,187.1,5.33,48.1,3.19,0.79,4,93.2,0
UNIT_04978,Line_C,176.9,5.59,48.5,3.14,0.37,16,85.2,0
UNIT_04979,Line_B,178.1,5.03,56.0,3.18,0.26,2,83.6,0
UNIT_04980,Line_C,159.7,6.55,39.2,3.17,1.27,4,77.2,1
UNIT_04981,Line_C,166.8,4.44,43.9,3.05,0.4,15,90.9,0
UNIT_04982,Line_A,174.3,4.64,33.6,2.94,0.53,0,83.8,0
UNIT_04983,Line_B,171.9,4.43,48.4,2.94,0.69,7,83.1,0
UNIT_04984,Line_A,181.4,5.94,50.1,2.88,0.36,5,84.2,0
UNIT_04985,Line_A,187.0,5.48,39.0,2.9,3.12,4,79.8,1
UNIT_04986,Line_C,207.2,4.67,53.6,2.55,1.15,7,78.5,1
UNIT_04987,Line_C,179.8,4.48,40.7,2.7,0.18,4,72.8,0
UNIT_04988,Line_C,193.4,5.83,42.9,2.96,1.35,15,80.0,0
UNIT_04989,Line_C,170.0,5.22,45.7,2.44,0.81,2,70.6,1
UNIT_04990,Line_B,159.9,5.85,54.6,2.5,0.88,7,88.9,1
UNIT_04991,Line_B,175.8,4.96,39.9,2.92,0.59,1,79.7,0
UNIT_04992,Line_C,160.8,5.31,46.7,2.97,0.52,2,81.9,1
UNIT_04993,Line_B,180.2,5.18,49.6,2.92,1.35,13,84.7,0
UNIT_04994,Line_B,170.6,4.63,48.4,2.41,0.25,9,78.6,0
UNIT_04995,Line_A,156.5,4.91,48.6,3.39,1.56,8,75.6,1
UNIT_04996,Line_C,200.8,4.29,49.6,2.64,0.73,5,86.8,0
UNIT_04997,Line_C,173.5,5.3,41.7,2.8,0.17,2,100.0,0
UNIT_04998,Line_C,160.3,5.46,55.1,2.68,0.13,17,92.3,0
UNIT_04999,Line_B,190.8,5.59,44.3,3.32,0.37,15,95.2,0
UNIT_05000,Line_A,171.3,5.4,43.5,3.11,0.42,9,74.6,0
UNIT_05001,Line_A,193.1,4.92,53.1,2.88,0.13,0,83.5,0
UNIT_05002,Line_B,171.2,5.93,41.2,2.86,0.95,17,83.4,0
UNIT_05003,Line_C,173.5,5.54,46.9,3.04,1.07,8,96.4,0
UNIT_05004,Line_C,184.1,5.83,40.7,2.69,1.02,3,92.3,1
UNIT_05005,Line_C,187.1,5.87,60.1,3.1,1.25,2,83.7,1
UNIT_05006,Line_B,189.2,4.92,58.9,2.86,0.46,19,66.7,0
UNIT_05007,Line_C,178.9,5.23,44.3,3.13,0.85,0,75.7,0
UNIT_05008,Line_C,186.3,5.46,48.1,3.12,1.24,7,90.1,0
UNIT_05009,Line_A,188.9,4.31,45.0,2.85,0.96,11,82.4,0
UNIT_05010,Line_C,182.4,4.32,42.9,2.49,0.79,5,84.1,1
UNIT_05011,Line_A,178.3,4.22,45.7,2.94,1.6,3,89.9,0
UNIT_05012,Line_B,162.7,4.94,44.8,2.64,0.49,12,94.1,0
UNIT_05013,Line_C,187.2,4.8,35.9,3.02,0.49,1,78.8,1
UNIT_05014,Line_B,180.5,4.14,46.6,2.94,0.73,19,89.7,0
UNIT_05015,Line_C,175.0,5.09,44.7,2.85,0.73,9,97.9,0
UNIT_05016,Line_A,195.3,4.94,46.9,2.68,0.71,14,96.4,0
UNIT_05017,Line_B,162.9,5.71,44.5,3.3,0.14,16,80.8,0
UNIT_05018,Line_C,199.7,6.21,42.8,2.89,1.36,15,87.4,1
UNIT_05019,Line_B,179.7,5.27,50.2,3.59,0.85,9,91.0,0
UNIT_05020,Line_C,183.8,4.58,48.2,3.01,0.03,1,85.2,1
UNIT_05021,Line_B,175.3,5.39,53.4,3.09,0.09,1,83.0,0
UNIT_05022,Line_C,160.0,5.01,48.0,3.01,1.59,7,71.2,0
UNIT_05023,Line_B,178.3,4.86,43.8,3.09,0.42,6,78.1,0
UNIT_05024,Line_C,184.0,4.48,48.7,3.27,0.69,17,79.4,0
UNIT_05025,Line_A,188.1,4.72,33.1,3.28,0.27,8,74.9,1
UNIT_05026,Line_A,177.6,4.89,57.6,2.56,3.26,19,85.9,0
UNIT_05027,Line_A,153.7,5.48,46.6,3.21,0.61,5,91.9,1
UNIT_05028,Line_C,161.5,5.31,58.1,3.12,0.44,19,81.6,0
UNIT_05029,Line_A,204.6,6.1,39.8,3.01,1.29,6,67.4,1
UNIT_05030,Line_A,166.9,5.4,38.3,3.43,0.23,19,84.1,0
UNIT_05031,Line_C,197.1,5.25,47.2,3.44,1.42,10,87.2,0
UNIT_05032,Line_B,168.8,4.82,47.2,3.23,0.56,0,86.7,0
UNIT_05033,Line_A,177.8,4.38,47.0,2.86,1.12,18,79.2,0
UNIT_05034,Line_A,187.5,4.66,46.1,2.7,0.81,4,75.4,0
UNIT_05035,Line_A,170.2,4.58,41.2,3.19,0.53,16,92.1,0
UNIT_05036,Line_C,199.1,3.46,36.1,3.34,0.14,16,87.8,1
UNIT_05037,Line_B,180.9,4.39,46.7,2.49,0.72,4,79.6,1
UNIT_05038,Line_C,185.5,5.96,37.3,3.27,0.32,11,73.0,1
UNIT_05039,Line_A,176.8,5.22,36.7,2.94,0.71,15,86.8,0
UNIT_05040,Line_B,187.9,4.77,42.7,2.55,1.21,18,77.8,0
UNIT_05041,Line_A,198.9,5.24,47.6,3.12,0.96,7,88.1,0
UNIT_05042,Line_B,178.4,3.83,56.9,3.23,0.02,8,86.3,1
UNIT_05043,Line_B,200.8,5.17,50.9,2.91,0.49,16,100.0,0
UNIT_05044,Line_C,172.7,5.77,53.6,2.74,0.38,9,84.4,0
UNIT_05045,Line_B,189.2,4.93,48.9,3.43,0.42,12,,0
UNIT_05046,Line_C,185.9,3.94,47.2,2.83,0.76,2,85.7,1
UNIT_05047,Line_B,167.2,4.75,60.0,3.29,0.44,13,79.7,1
UNIT_05048,Line_A,182.6,5.77,37.1,2.62,0.32,6,76.6,0
UNIT_05049,Line_C,180.1,5.16,42.5,3.1,0.19,7,78.0,0
UNIT_05050,Line_B,169.8,4.15,43.0,3.1,0.47,18,88.4,0
UNIT_05051,Line_A,184.3,6.42,50.4,3.22,1.15,14,86.0,0
UNIT_05052,Line_C,181.8,4.25,39.1,3.37,1.19,11,70.3,1
UNIT_05053,Line_C,179.1,4.85,49.6,2.8,0.82,11,93.2,0
UNIT_05054,Line_A,179.2,4.38,48.5,3.13,0.07,17,96.8,0
UNIT_05055,Line_C,178.9,4.38,49.9,2.66,0.76,12,70.2,0
UNIT_05056,Line_C,175.6,4.73,49.8,2.66,1.72,4,93.1,1
UNIT_05057,Line_C,181.7,5.38,54.2,2.86,0.21,10,98.5,0
UNIT_05058,Line_A,172.3,5.77,44.7,3.1,0.45,12,70.6,0
UNIT_05059,Line_B,211.9,4.77,48.2,3.42,1.15,1,81.3,1
UNIT_05060,Line_B,163.1,4.39,40.6,3.46,0.08,2,78.2,1
UNIT_05061,Line_B,173.0,5.29,39.2,2.91,0.46,9,92.8,0
UNIT_05062,Line_B,173.9,5.3,55.6,3.08,1.99,11,81.7,0
UNIT_05063,Line_B,204.5,5.14,40.1,3.24,1.84,1,81.4,0
UNIT_05064,Line_B,164.2,5.17,48.8,3.19,1.85,9,88.4,1
UNIT_05065,Line_C,185.1,4.93,48.2,2.96,0.47,3,97.5,0
UNIT_05066,Line_B,183.0,5.06,52.0,3.02,1.58,13,84.5,0
UNIT_05067,Line_A,184.0,4.89,35.1,2.97,0.78,9,81.2,0
UNIT_05068,Line_A,194.8,5.64,50.3,2.95,0.31,1,82.7,0
UNIT_05069,Line_C,194.6,6.34,44.7,2.91,0.39,8,90.3,0
UNIT_05070,Line_C,174.6,5.11,41.4,2.97,0.91,18,74.3,0
UNIT_05071,Line_B,182.3,5.0,43.5,2.9,0.07,0,,0
UNIT_05072,Line_A,157.6,5.15,51.2,2.72,0.58,8,77.5,0
UNIT_05073,Line_C,181.2,4.61,49.4,3.22,0.72,2,75.4,0
UNIT_05074,Line_A,170.5,5.46,44.2,3.13,1.03,18,69.4,0
UNIT_05075,Line_B,177.8,5.26,38.2,3.47,0.1,9,80.9,0
UNIT_05076,Line_A,159.8,4.75,38.6,3.09,0.59,12,93.6,0
UNIT_05077,Line_A,184.9,5.54,49.5,2.9,1.26,19,69.1,0
UNIT_05078,Line_C,159.6,5.01,37.3,2.84,2.36,1,89.3,0
UNIT_05079,Line_B,181.8,4.42,44.3,3.01,0.31,9,79.8,0
UNIT_05080,Line_A,165.3,5.21,61.1,3.14,1.57,1,76.5,0
UNIT_05081,Line_B,169.8,5.14,47.8,2.94,1.21,15,87.8,0
UNIT_05082,Line_A,193.9,5.58,49.5,2.63,1.76,11,95.5,0
UNIT_05083,Line_B,187.1,5.5,38.6,2.82,0.08,8,97.0,0
UNIT_05084,Line_B,193.8,4.93,37.6,3.0,1.08,5,87.3,0
UNIT_05085,Line_B,198.7,4.72,49.8,3.19,1.55,3,84.4,0
UNIT_05086,Line_C,170.7,5.0,43.3,2.63,0.65,18,88.1,0
UNIT_05087,Line_A,198.0,5.22,52.0,3.07,0.51,0,100.0,0
UNIT_05088,Line_A,162.4,5.29,45.9,3.06,0.72,2,82.7,0
UNIT_05089,Line_B,189.0,5.18,66.3,2.89,1.46,7,94.1,0
UNIT_05090,Line_C,174.1,4.95,42.2,2.85,0.32,7,80.3,0
UNIT_05091,Line_B,168.8,5.6,47.3,2.82,0.3,18,78.4,0
UNIT_05092,Line_A,187.4,4.6,40.2,3.04,0.05,6,99.2,0
UNIT_05093,Line_C,191.3,6.49,51.8,3.28,0.6,6,85.0,1
UNIT_05094,Line_B,191.0,5.46,48.2,3.3,0.17,4,86.8,1
UNIT_05095,Line_A,182.6,4.32,39.8,2.72,0.61,7,89.4,1
UNIT_05096,Line_B,181.6,5.11,43.7,2.95,0.27,5,77.9,0
UNIT_05097,Line_A,186.3,5.46,53.8,2.45,0.41,13,81.5,0
UNIT_05098,Line_C,183.6,4.79,53.1,3.03,0.47,15,79.9,0
UNIT_05099,Line_A,186.5,4.1,37.1,3.15,0.75,14,87.7,0
UNIT_05100,Line_B,182.4,4.38,42.8,3.39,0.8,16,87.9,0
UNIT_05101,Line_B,190.1,5.33,56.5,2.55,0.54,12,80.2,1
UNIT_05102,Line_A,160.5,3.95,44.6,2.73,0.44,13,100.0,1
UNIT_05103,Line_B,178.4,4.13,46.7,3.04,0.4,6,84.8,0
UNIT_05104,Line_A,163.4,5.32,51.8,2.6,0.12,19,85.8,0
UNIT_05105,Line_B,183.3,4.87,37.6,3.04,1.46,18,95.7,0
UNIT_05106,Line_C,199.7,4.58,40.0,3.16,0.31,1,78.0,0
UNIT_05107,Line_C,174.3,4.7,43.7,2.68,0.67,7,80.8,0
UNIT_05108,Line_A,181.5,4.12,52.8,3.03,0.2,13,87.3,0
UNIT_05109,Line_A,189.1,5.29,51.7,2.7,1.06,5,73.2,0
UNIT_05110,Line_B,155.2,4.52,49.9,3.34,0.68,10,83.1,0
UNIT_05111,Line_C,173.7,4.68,44.8,3.05,0.84,16,100.0,0
UNIT_05112,Line_C,184.4,5.21,52.4,2.84,0.19,17,99.6,0
UNIT_05113,Line_A,145.2,4.85,44.7,2.69,0.87,18,92.2,0
UNIT_05114,Line_A,168.3,4.58,49.1,3.1,0.08,12,94.5,0
UNIT_05115,Line_A,193.2,3.81,51.1,3.34,0.36,19,88.9,1
UNIT_05116,Line_A,192.0,5.22,55.8,2.81,0.22,12,81.5,0
UNIT_05117,Line_B,184.5,5.05,45.3,2.89,0.67,10,98.1,0
UNIT_05118,Line_C,190.6,4.69,43.4,2.81,1.54,4,77.4,0
UNIT_05119,Line_A,182.6,4.38,53.4,3.39,0.98,17,92.7,0
UNIT_05120,Line_C,186.7,5.01,53.8,2.52,1.76,5,80.9,0
UNIT_05121,Line_B,176.2,5.29,42.3,3.32,0.7,3,81.4,0
UNIT_05122,Line_B,181.4,5.06,39.0,2.91,1.08,15,89.3,0
UNIT_05123,Line_C,172.4,5.98,52.9,2.98,1.33,17,100.0,0
UNIT_05124,Line_A,195.2,5.42,35.7,2.91,1.32,19,96.4,1
UNIT_05125,Line_C,198.3,4.94,35.4,3.06,0.18,15,87.7,0
UNIT_05126,Line_A,196.6,5.44,44.0,2.82,0.3,19,85.5,0
UNIT_05127,Line_B,175.1,5.03,45.6,3.26,1.22,7,91.3,0
UNIT_05128,Line_C,168.6,5.03,38.6,3.27,1.78,2,95.9,0
UNIT_05129,Line_B,195.3,5.78,46.3,2.75,0.28,4,70.9,0
UNIT_05130,Line_A,186.5,4.46,46.6,3.17,0.32,3,84.0,0
UNIT_05131,Line_B,183.9,5.01,42.1,2.91,0.98,15,76.6,0
UNIT_05132,Line_B,172.4,5.71,57.2,3.01,0.44,8,83.3,0
UNIT_05133,Line_A,185.1,5.19,47.6,3.38,1.28,8,74.9,0
UNIT_05134,Line_C,167.0,4.78,51.8,2.83,1.04,18,70.6,0
UNIT_05135,Line_A,187.6,3.98,36.3,3.23,1.4,19,74.4,1
UNIT_05136,Line_B,196.5,3.64,36.2,3.11,0.5,2,80.6,1
UNIT_05137,Line_B,199.6,6.25,47.8,2.95,0.42,17,89.7,1
UNIT_05138,Line_A,188.5,5.19,56.1,3.09,0.33,12,78.5,0
UNIT_05139,Line_C,163.4,4.65,38.9,3.06,1.75,15,78.1,0
UNIT_05140,Line_B,182.4,5.21,45.9,2.71,0.19,18,88.2,0
UNIT_05141,Line_A,205.7,4.43,37.6,2.85,0.17,6,87.3,0
UNIT_05142,Line_B,169.6,4.8,40.7,2.74,0.71,16,98.6,0
UNIT_05143,Line_B,179.3,4.44,46.2,2.93,0.42,14,92.5,0
UNIT_05144,Line_B,197.0,4.15,42.0,3.34,1.34,13,76.8,1
UNIT_05145,Line_C,187.4,3.74,37.2,3.15,0.15,15,79.6,0
UNIT_05146,Line_B,209.8,4.04,37.0,2.64,0.55,15,91.0,1
UNIT_05147,Line_C,171.2,5.61,33.7,2.93,0.1,8,77.9,0
UNIT_05148,Line_B,168.1,4.41,47.9,3.06,0.48,18,82.4,0
UNIT_05149,Line_B,194.7,5.32,48.6,3.19,0.7,1,71.3,0
UNIT_05150,Line_A,165.6,5.57,48.6,2.84,0.61,3,74.5,0
UNIT_05151,Line_B,177.6,5.01,39.5,2.69,0.58,14,95.1,0
UNIT_05152,Line_A,179.2,4.82,51.0,2.99,1.05,9,86.3,0
UNIT_05153,Line_C,192.4,5.08,49.2,3.14,0.27,5,80.0,0
UNIT_05154,Line_C,187.4,4.75,45.0,3.06,0.86,10,81.1,0
UNIT_05155,Line_C,185.5,5.72,44.1,2.78,0.56,2,98.7,1
UNIT_05156,Line_C,175.2,6.13,41.1,3.44,0.48,0,79.7,1
UNIT_05157,Line_A,194.6,5.87,46.2,2.98,0.93,0,88.8,0
UNIT_05158,Line_A,228.3,3.71,54.7,3.05,0.74,17,92.0,1
UNIT_05159,Line_C,188.3,4.74,51.8,2.83,0.9,6,96.6,0
UNIT_05160,Line_B,181.2,5.0,43.5,3.28,2.27,18,78.2,0
UNIT_05161,Line_A,164.4,5.28,48.2,3.14,0.56,10,73.8,0
UNIT_05162,Line_A,172.4,3.96,38.4,3.08,0.18,6,76.2,0
UNIT_05163,Line_C,177.4,3.95,49.4,2.71,0.28,0,90.8,1
UNIT_05164,Line_B,173.6,5.78,40.0,3.27,1.74,2,100.0,1
UNIT_05165,Line_A,179.8,4.66,49.1,3.19,0.47,11,91.1,0
UNIT_05166,Line_C,201.3,4.11,62.8,3.25,1.04,12,79.7,1
UNIT_05167,Line_A,195.0,4.34,41.6,3.01,0.61,17,94.5,0
UNIT_05168,Line_B,178.1,5.23,62.5,2.98,0.23,3,81.2,0
UNIT_05169,Line_A,165.5,4.51,47.9,2.95,0.74,11,78.3,0
UNIT_05170,Line_B,196.0,5.14,40.5,3.57,0.34,1,82.3,1
UNIT_05171,Line_B,179.4,4.41,40.2,2.86,0.39,10,80.4,0
UNIT_05172,Line_C,159.3,3.95,59.2,2.7,0.61,3,79.4,1
UNIT_05173,Line_B,188.5,5.85,48.0,2.91,0.12,4,94.8,0
UNIT_05174,Line_A,192.3,5.24,41.6,2.87,1.02,8,80.9,0
UNIT_05175,Line_A,150.9,4.8,43.8,3.31,0.43,8,72.3,1
UNIT_05176,Line_A,170.1,4.69,47.6,2.66,1.13,2,89.7,0
UNIT_05177,Line_B,178.7,5.88,44.9,2.86,1.1,12,77.4,0
UNIT_05178,Line_A,188.8,5.35,47.1,3.05,0.54,8,77.6,0
UNIT_05179,Line_B,173.8,5.69,55.6,3.32,0.7,17,90.6,0
UNIT_05180,Line_C,170.0,4.65,38.2,3.18,0.86,12,79.2,0
UNIT_05181,Line_C,188.7,5.03,48.9,3.4,0.47,17,81.4,0
UNIT_05182,Line_B,174.4,5.24,44.6,3.09,0.09,0,85.3,0
UNIT_05183,Line_C,186.5,4.67,42.0,2.95,0.73,9,82.7,0
UNIT_05184,Line_C,166.7,4.94,51.4,3.21,1.32,16,81.6,0
UNIT_05185,Line_B,163.8,4.65,36.2,2.66,0.33,3,66.3,1
UNIT_05186,Line_C,189.1,5.24,30.8,2.57,1.17,4,83.6,1
UNIT_05187,Line_A,183.0,4.21,46.3,3.24,0.2,14,97.9,0
UNIT_05188,Line_C,191.1,5.34,44.2,3.05,0.51,0,90.0,0
UNIT_05189,Line_A,173.6,5.19,36.9,3.24,0.58,19,82.0,0
UNIT_05190,Line_C,170.5,4.88,34.7,2.79,0.63,18,88.8,0
UNIT_05191,Line_C,196.3,5.27,56.6,3.32,0.29,19,90.0,0
UNIT_05192,Line_B,161.7,4.78,47.8,3.17,0.21,15,78.3,0
UNIT_05193,Line_A,195.0,4.6,45.1,2.99,0.53,19,95.1,0
UNIT_05194,Line_B,195.8,5.33,58.2,3.05,0.95,19,86.3,0
UNIT_05195,Line_B,190.3,5.35,51.1,3.09,0.33,5,82.5,0
UNIT_05196,Line_C,171.7,4.7,55.6,2.79,0.56,3,97.7,0
UNIT_05197,Line_C,170.2,4.64,37.9,2.9,2.27,16,68.5,0
UNIT_05198,Line_B,177.5,4.89,37.7,3.08,0.78,9,75.6,0
UNIT_05199,Line_C,164.5,4.67,48.7,2.89,0.53,1,90.1,0
UNIT_05200,Line_B,168.5,5.92,47.5,2.63,0.61,8,90.4,0
UNIT_05201,Line_B,187.7,5.19,52.5,3.07,1.98,0,98.2,0
UNIT_05202,Line_C,187.8,5.01,35.2,3.21,0.97,11,67.0,1
UNIT_05203,Line_C,167.4,4.44,49.2,3.27,0.35,13,91.9,0
UNIT_05204,Line_B,188.1,5.44,50.9,3.13,1.03,0,75.0,0
UNIT_05205,Line_B,185.5,4.63,50.6,3.2,0.25,2,88.4,0
UNIT_05206,Line_C,198.1,4.61,42.6,3.25,0.68,18,84.5,0
UNIT_05207,Line_C,186.8,5.46,48.1,3.02,1.49,7,91.8,0
UNIT_05208,Line_B,192.7,5.23,40.3,2.47,0.69,1,83.1,0
UNIT_05209,Line_A,185.7,3.5,43.2,3.29,0.23,0,93.1,1
UNIT_05210,Line_A,191.8,4.91,38.7,2.78,0.64,7,78.4,0
UNIT_05211,Line_A,164.6,5.08,40.4,2.72,1.48,1,84.3,0
UNIT_05212,Line_B,178.5,4.8,43.6,2.72,0.32,2,86.5,0
UNIT_05213,Line_B,179.5,5.1,42.1,3.62,1.02,4,98.4,0
UNIT_05214,Line_C,177.1,3.91,40.4,3.11,1.53,14,91.7,0
UNIT_05215,Line_A,185.3,3.3,37.2,2.74,0.85,11,86.6,1
UNIT_05216,Line_C,187.6,4.41,56.8,2.83,0.66,15,90.1,0
UNIT_05217,Line_B,184.7,5.17,42.0,3.0,0.35,6,93.7,0
UNIT_05218,Line_A,177.9,3.07,47.0,3.14,0.39,1,88.0,1
UNIT_05219,Line_B,171.2,4.49,34.4,3.07,0.52,11,76.8,0
UNIT_05220,Line_A,193.2,3.85,53.1,2.77,1.04,19,90.0,0
UNIT_05221,Line_C,184.2,4.85,46.0,3.08,2.64,12,84.8,0
UNIT_05222,Line_C,167.8,6.17,42.3,2.85,0.33,4,82.2,0
UNIT_05223,Line_C,177.7,4.87,42.4,3.26,0.95,0,78.7,0
UNIT_05224,Line_B,159.1,4.94,50.2,3.01,1.29,1,89.6,1
UNIT_05225,Line_B,180.4,5.5,27.3,2.81,0.65,16,89.1,0
UNIT_05226,Line_A,177.6,5.01,40.1,3.17,0.63,5,77.4,0
UNIT_05227,Line_C,173.1,4.87,44.3,3.1,0.15,1,76.2,0
UNIT_05228,Line_A,199.0,5.56,44.2,2.88,0.73,6,100.0,0
UNIT_05229,Line_A,166.1,5.28,60.0,3.18,0.61,17,91.9,0
UNIT_05230,Line_A,188.5,5.17,43.0,3.16,0.48,8,85.7,0
UNIT_05231,Line_B,206.2,4.92,50.9,3.3,0.82,19,89.8,0
UNIT_05232,Line_A,192.9,4.79,55.9,3.18,0.27,10,81.3,0
UNIT_05233,Line_A,179.6,5.55,49.0,2.95,0.32,18,83.6,0
UNIT_05234,Line_B,166.4,4.8,41.0,2.58,0.74,4,85.2,0
UNIT_05235,Line_C,163.7,5.74,37.3,3.05,1.74,10,92.7,0
UNIT_05236,Line_B,175.1,4.37,49.5,3.09,0.56,9,73.7,0
UNIT_05237,Line_C,171.8,5.86,54.9,3.01,0.65,15,76.8,0
UNIT_05238,Line_C,171.4,5.28,48.3,2.25,0.63,2,75.2,0
UNIT_05239,Line_C,176.1,4.42,52.4,3.17,0.26,3,91.8,1
UNIT_05240,Line_B,178.8,5.31,60.6,2.77,0.5,4,84.2,1
UNIT_05241,Line_C,185.8,4.61,50.0,3.17,0.72,18,77.7,0
UNIT_05242,Line_C,165.1,5.02,38.4,3.43,0.7,17,83.2,0
UNIT_05243,Line_C,171.8,4.71,45.3,2.94,0.87,0,79.9,0
UNIT_05244,Line_B,178.1,4.92,53.2,3.11,0.25,8,73.5,0
UNIT_05245,Line_A,177.7,5.56,43.5,3.01,0.37,11,95.1,0
UNIT_05246,Line_B,202.0,5.31,54.0,3.13,0.12,17,83.8,0
UNIT_05247,Line_C,182.8,4.32,44.6,3.03,1.56,9,95.3,1
UNIT_05248,Line_C,160.6,4.36,47.0,2.87,0.45,15,73.4,0
UNIT_05249,Line_B,185.0,5.16,42.9,2.77,0.77,15,89.0,0
UNIT_05250,Line_A,186.5,5.21,46.0,3.4,0.62,10,73.5,1
UNIT_05251,Line_B,178.5,4.6,46.3,3.11,0.05,14,100.0,0
UNIT_05252,Line_C,165.4,5.95,35.3,3.21,0.21,1,71.2,0
UNIT_05253,Line_B,201.1,5.49,42.4,3.1,0.6,6,99.4,1
UNIT_05254,Line_B,167.2,4.62,37.6,3.24,0.94,17,84.8,0
UNIT_05255,Line_B,187.9,4.57,42.6,2.78,0.88,3,83.5,0
UNIT_05256,Line_A,182.4,4.86,40.2,3.02,0.18,10,89.7,0
UNIT_05257,Line_A,187.2,4.8,51.1,3.13,0.26,15,77.5,0
UNIT_05258,Line_C,200.5,5.75,51.1,3.32,0.83,10,91.3,0
UNIT_05259,Line_A,186.7,5.59,48.4,3.67,0.88,19,91.9,1
UNIT_05260,Line_C,173.3,5.02,37.4,3.1,0.17,17,85.1,0
UNIT_05261,Line_A,193.3,5.41,44.4,2.83,0.82,1,87.0,0
UNIT_05262,Line_B,172.4,5.49,36.9,2.7,0.6,10,100.0,0
UNIT_05263,Line_B,182.0,5.03,44.1,2.77,0.51,14,90.2,0
UNIT_05264,Line_C,164.5,5.24,48.9,2.81,1.77,14,78.7,1
UNIT_05265,Line_C,167.6,5.36,51.0,2.27,0.56,10,,1
UNIT_05266,Line_B,180.6,5.29,47.8,2.83,0.4,8,80.7,0
UNIT_05267,Line_B,184.4,4.53,52.6,3.18,1.09,6,79.1,0
UNIT_05268,Line_C,159.6,4.59,46.6,3.02,1.06,7,89.1,0
UNIT_05269,Line_B,186.0,4.83,43.6,2.94,1.51,0,76.9,0
UNIT_05270,Line_A,170.2,4.58,50.2,2.59,1.01,17,85.4,1
UNIT_05271,Line_B,195.4,4.12,50.4,3.26,0.98,14,90.4,1
UNIT_05272,Line_A,175.8,5.41,41.9,3.13,0.64,5,100.0,0
UNIT_05273,Line_B,166.5,5.21,47.3,3.0,2.49,2,90.1,0
UNIT_05274,Line_B,180.9,4.2,43.2,2.45,0.27,10,73.2,1
UNIT_05275,Line_A,169.0,4.86,32.9,2.88,0.9,17,74.5,1
UNIT_05276,Line_A,195.2,4.89,47.6,3.11,0.24,19,98.8,0
UNIT_05277,Line_C,180.0,5.11,37.2,2.99,0.64,5,79.9,0
UNIT_05278,Line_B,178.2,4.35,47.0,3.05,0.62,8,72.9,0
UNIT_05279,Line_A,187.1,4.19,35.8,3.17,0.63,11,77.0,0
UNIT_05280,Line_C,167.9,5.31,40.7,3.04,0.11,11,91.4,0
UNIT_05281,Line_C,164.5,4.08,42.4,3.16,0.45,5,85.9,1
UNIT_05282,Line_C,184.9,4.86,52.2,2.79,2.79,16,90.2,0
UNIT_05283,Line_C,166.8,4.8,41.8,2.69,0.69,14,84.7,0
UNIT_05284,Line_C,166.8,4.93,38.6,3.12,1.25,16,76.2,0
UNIT_05285,Line_B,190.0,5.15,47.2,3.17,0.82,2,70.7,0
UNIT_05286,Line_A,186.3,5.96,43.7,3.13,2.3,13,78.3,1
UNIT_05287,Line_C,165.0,4.04,49.7,3.03,0.83,6,86.0,1
UNIT_05288,Line_A,172.6,5.53,38.9,2.92,0.69,15,75.5,0
UNIT_05289,Line_A,169.2,3.49,46.3,3.05,0.19,10,92.9,1
UNIT_05290,Line_C,201.3,5.84,59.8,3.09,0.2,10,77.0,0
UNIT_05291,Line_C,190.9,3.77,43.6,3.11,0.39,11,71.8,1
UNIT_05292,Line_B,174.9,6.46,46.1,3.65,0.54,4,85.0,1
UNIT_05293,Line_C,186.9,4.77,35.0,2.77,0.22,11,91.1,0
UNIT_05294,Line_C,163.7,5.77,39.9,3.81,0.69,17,96.9,1
UNIT_05295,Line_C,171.9,5.65,47.8,2.69,0.67,1,72.1,1
UNIT_05296,Line_A,181.3,4.74,43.0,3.1,1.92,3,96.4,0
UNIT_05297,Line_B,185.4,4.78,48.7,2.7,2.11,0,86.5,0
UNIT_05298,Line_A,178.8,4.5,47.5,3.08,1.09,9,80.0,0
UNIT_05299,Line_C,183.0,5.47,37.1,3.25,1.11,4,90.4,0
UNIT_05300,Line_A,180.9,4.75,51.1,3.01,1.4,11,95.8,0
UNIT_05301,Line_C,178.0,4.51,37.5,3.24,0.83,0,71.6,1
UNIT_05302,Line_A,176.4,5.32,40.4,2.89,1.45,2,81.6,0
UNIT_05303,Line_B,174.9,4.46,46.4,2.49,0.18,4,80.6,0
UNIT_05304,Line_A,182.8,4.8,54.4,3.16,1.2,13,90.0,0
UNIT_05305,Line_C,184.9,5.06,39.0,3.01,0.23,1,96.7,0
UNIT_05306,Line_B,182.4,4.61,45.9,2.88,0.27,10,85.6,1
UNIT_05307,Line_C,165.9,4.71,45.9,2.9,1.39,10,82.7,1
UNIT_05308,Line_A,168.0,5.92,48.9,3.1,0.35,6,88.6,0
UNIT_05309,Line_B,184.8,4.88,52.1,2.8,0.28,2,83.1,0
UNIT_05310,Line_C,197.7,4.78,42.6,3.09,0.88,14,67.6,0
UNIT_05311,Line_C,181.8,4.89,51.1,3.3,0.32,8,89.1,0
UNIT_05312,Line_A,175.1,5.27,53.0,3.52,0.28,11,92.9,1
UNIT_05313,Line_B,182.7,4.38,55.7,3.35,0.16,15,93.6,0
UNIT_05314,Line_B,166.4,5.26,48.0,3.04,0.43,0,75.8,0
UNIT_05315,Line_B,195.7,5.15,45.9,3.06,1.08,15,89.9,0
UNIT_05316,Line_B,182.2,3.93,42.2,2.9,1.2,1,97.3,0
UNIT_05317,Line_A,172.0,6.08,36.2,2.88,0.52,11,100.0,0
UNIT_05318,Line_C,178.0,5.88,43.3,3.22,1.9,1,88.8,1
UNIT_05319,Line_A,173.7,4.52,45.7,2.92,0.91,0,92.9,0
UNIT_05320,Line_A,195.7,4.33,44.3,3.09,1.4,8,77.1,1
UNIT_05321,Line_C,177.6,5.14,48.6,2.76,0.39,10,76.0,0
UNIT_05322,Line_C,181.9,4.14,36.3,3.34,0.49,6,92.9,0
UNIT_05323,Line_B,186.9,5.82,43.9,2.92,0.55,5,68.7,0
UNIT_05324,Line_C,171.1,4.72,57.0,3.27,0.48,3,86.2,0
UNIT_05325,Line_B,182.3,5.97,51.0,2.82,0.05,11,96.4,0
UNIT_05326,Line_B,183.3,4.51,48.7,2.81,0.66,8,90.7,0
UNIT_05327,Line_A,161.4,4.93,47.3,3.33,0.83,18,90.6,0
UNIT_05328,Line_A,183.0,5.76,42.8,2.84,0.79,8,84.6,1
UNIT_05329,Line_B,179.5,4.81,34.5,2.61,2.04,11,81.7,1
UNIT_05330,Line_B,181.6,5.16,47.7,2.74,2.15,19,100.0,0
UNIT_05331,Line_C,180.4,5.66,30.3,3.21,0.11,18,94.9,0
UNIT_05332,Line_B,183.1,4.67,43.0,3.19,1.66,9,91.8,0
UNIT_05333,Line_C,196.0,4.24,45.0,2.81,1.96,4,85.2,1
UNIT_05334,Line_B,165.8,4.12,42.3,2.84,0.07,7,80.3,0
UNIT_05335,Line_A,175.9,5.35,58.0,3.17,1.05,5,93.6,0
UNIT_05336,Line_C,188.0,5.23,55.9,3.33,0.68,9,82.5,1
UNIT_05337,Line_B,185.8,5.64,51.2,2.98,1.89,2,85.6,1
UNIT_05338,Line_B,185.5,4.84,39.4,3.14,1.81,8,89.9,1
UNIT_05339,Line_B,213.0,4.14,56.5,3.22,3.52,1,86.7,1
UNIT_05340,Line_A,187.4,3.59,48.7,3.54,1.08,19,97.4,0
UNIT_05341,Line_B,193.6,6.72,39.3,2.71,0.94,0,74.4,1
UNIT_05342,Line_B,176.3,5.32,45.2,2.83,0.32,17,85.5,0
UNIT_05343,Line_B,168.1,5.08,50.8,2.87,0.42,18,100.0,0
UNIT_05344,Line_A,176.2,5.17,41.4,3.21,0.98,19,92.2,0
UNIT_05345,Line_B,188.5,4.14,45.8,2.94,0.41,9,83.4,0
UNIT_05346,Line_B,184.9,4.52,46.9,3.08,0.67,15,91.4,0
UNIT_05347,Line_B,184.8,6.05,38.4,3.03,0.13,18,84.6,0
UNIT_05348,Line_A,177.4,5.4,43.4,3.0,0.71,16,96.7,0
UNIT_05349,Line_B,175.5,4.54,38.8,3.03,0.08,17,91.6,0
UNIT_05350,Line_A,177.8,4.26,50.2,3.26,1.37,9,78.1,0
UNIT_05351,Line_B,188.7,4.69,39.6,2.76,0.74,14,86.9,0
UNIT_05352,Line_A,190.1,4.81,46.8,2.96,0.38,4,88.3,0
UNIT_05353,Line_B,167.9,6.23,36.7,2.7,0.57,18,88.7,0
UNIT_05354,Line_C,189.1,4.89,38.2,3.06,0.41,9,87.5,0
UNIT_05355,Line_C,172.2,4.29,37.9,2.95,0.3,5,89.5,0
UNIT_05356,Line_C,185.6,4.96,43.3,3.27,0.46,5,88.4,0
UNIT_05357,Line_C,177.7,5.16,46.1,3.0,0.46,17,79.2,0
UNIT_05358,Line_A,198.8,4.23,47.2,2.89,0.53,3,81.3,0
UNIT_05359,Line_B,175.0,5.24,34.4,2.94,0.05,13,83.0,0
UNIT_05360,Line_B,182.1,5.73,44.0,3.43,1.45,5,85.8,1
UNIT_05361,Line_C,187.3,5.08,40.5,2.61,1.47,11,83.0,0
UNIT_05362,Line_B,169.5,4.52,48.2,2.84,0.63,10,93.8,0
UNIT_05363,Line_C,179.1,4.68,43.4,3.01,2.22,12,77.3,0
UNIT_05364,Line_A,176.8,4.0,44.5,2.84,0.49,4,71.1,0
UNIT_05365,Line_A,173.8,4.92,40.5,3.12,0.7,18,100.0,0
UNIT_05366,Line_A,174.7,5.19,55.3,2.99,0.93,17,78.5,0
UNIT_05367,Line_B,193.3,4.46,37.3,3.06,0.68,18,93.8,0
UNIT_05368,Line_B,172.8,6.16,42.6,3.03,0.38,9,89.9,0
UNIT_05369,Line_A,186.8,5.48,45.6,2.97,0.66,3,78.7,0
UNIT_05370,Line_C,183.8,3.92,43.5,2.68,0.18,11,83.9,0
UNIT_05371,Line_C,163.2,3.94,40.4,3.04,0.3,1,82.7,1
UNIT_05372,Line_B,186.2,4.41,34.1,2.56,1.25,14,87.9,1
UNIT_05373,Line_A,163.0,5.94,40.9,2.83,3.11,5,78.9,1
UNIT_05374,Line_C,187.5,5.53,39.2,3.12,0.37,3,83.6,0
UNIT_05375,Line_C,173.9,5.97,55.1,3.3,0.55,16,84.7,1
UNIT_05376,Line_A,180.1,5.01,58.6,3.59,0.53,13,93.8,0
UNIT_05377,Line_A,164.5,4.87,44.7,2.89,0.77,1,81.7,0
UNIT_05378,Line_B,181.5,4.25,36.6,2.78,1.36,17,77.2,0
UNIT_05379,Line_B,191.1,5.21,49.4,3.13,0.72,13,80.6,0
UNIT_05380,Line_A,170.3,4.88,39.1,3.47,0.18,5,87.9,1
UNIT_05381,Line_C,172.7,4.86,41.7,3.38,0.4,7,70.8,1
UNIT_05382,Line_B,185.5,5.97,41.2,2.74,0.86,9,94.6,1
UNIT_05383,Line_B,185.8,4.92,42.0,2.96,0.48,18,85.2,0
UNIT_05384,Line_A,150.8,5.8,42.9,3.21,0.49,11,88.5,0
UNIT_05385,Line_C,204.2,4.05,37.1,3.23,0.5,16,86.8,0
UNIT_05386,Line_A,186.3,6.61,40.8,3.15,0.62,0,79.7,1
UNIT_05387,Line_C,188.4,4.78,51.1,2.89,0.28,10,76.3,0
UNIT_05388,Line_B,178.3,5.42,44.8,3.15,1.24,1,79.4,1
UNIT_05389,Line_C,157.7,5.52,45.8,3.23,0.18,7,73.0,0
UNIT_05390,Line_A,188.1,4.7,31.6,2.77,0.84,11,87.8,0
UNIT_05391,Line_A,173.2,5.49,50.7,3.33,0.42,16,83.7,0
UNIT_05392,Line_C,186.5,5.52,40.9,3.25,0.68,5,72.7,0
UNIT_05393,Line_C,177.4,4.57,51.7,2.81,1.62,4,80.1,0
UNIT_05394,Line_B,182.9,4.58,45.9,3.23,1.59,17,90.2,1
UNIT_05395,Line_A,170.7,5.03,41.6,3.2,1.34,10,95.3,0
UNIT_05396,Line_C,190.4,4.93,34.9,3.21,1.81,14,74.7,0
UNIT_05397,Line_B,165.7,5.84,58.0,3.39,2.78,18,100.0,0
UNIT_05398,Line_C,206.9,5.42,49.8,3.0,1.24,0,77.3,1
UNIT_05399,Line_C,206.9,4.96,50.2,3.08,0.93,12,71.4,0
UNIT_05400,Line_C,199.6,5.36,55.9,2.34,0.29,1,99.1,1
UNIT_05401,Line_C,195.3,3.77,46.3,3.28,1.05,18,76.7,1
UNIT_05402,Line_C,179.0,4.63,53.1,3.25,0.71,8,97.2,0
UNIT_05403,Line_B,194.0,5.17,42.1,3.34,2.07,8,79.7,0
UNIT_05404,Line_A,178.8,5.67,49.4,2.77,1.16,3,,0
UNIT_05405,Line_B,161.4,5.12,41.2,3.24,0.23,12,74.6,0
UNIT_05406,Line_C,198.0,5.87,42.0,3.25,0.82,10,95.2,0
UNIT_05407,Line_C,193.5,5.52,45.6,2.84,1.27,18,94.1,0
UNIT_05408,Line_B,179.6,4.71,37.4,3.26,0.7,0,79.7,0
UNIT_05409,Line_C,165.3,4.92,47.0,3.12,2.73,14,84.4,0
UNIT_05410,Line_A,173.0,5.25,43.1,2.58,1.13,19,90.3,1
UNIT_05411,Line_B,158.1,4.73,33.1,3.15,0.3,18,81.2,0
UNIT_05412,Line_B,191.3,5.92,42.3,2.81,0.28,12,95.9,0
UNIT_05413,Line_C,160.8,4.33,42.9,2.58,0.34,16,84.2,1
UNIT_05414,Line_A,183.4,5.19,50.1,3.09,0.44,0,80.8,0
UNIT_05415,Line_A,169.9,5.44,46.7,2.98,0.67,1,72.3,0
UNIT_05416,Line_B,162.9,4.81,53.7,3.35,0.87,13,74.7,0
UNIT_05417,Line_A,182.9,4.68,48.1,3.05,1.62,5,89.7,0
UNIT_05418,Line_B,176.0,4.95,41.7,3.19,1.24,14,86.9,0
UNIT_05419,Line_B,190.1,5.49,44.6,3.13,0.5,14,91.5,0
UNIT_05420,Line_C,164.8,4.7,42.9,3.26,0.51,13,80.5,0
UNIT_05421,Line_C,170.9,4.36,47.9,2.78,1.2,17,,0
UNIT_05422,Line_A,151.3,5.69,45.4,3.05,0.43,4,81.0,0
UNIT_05423,Line_A,153.8,5.24,41.2,2.96,0.98,16,100.0,1
UNIT_05424,Line_A,201.6,5.6,45.1,3.16,0.16,16,77.3,0
UNIT_05425,Line_A,205.0,5.46,47.8,3.06,0.89,6,84.7,0
UNIT_05426,Line_C,181.1,6.31,39.0,2.85,0.81,4,65.7,1
UNIT_05427,Line_A,170.1,5.67,46.9,2.92,0.44,12,80.8,1
UNIT_05428,Line_A,176.4,4.57,35.5,3.41,0.21,17,81.7,0
UNIT_05429,Line_C,190.5,5.28,51.6,2.58,0.18,13,87.7,0
UNIT_05430,Line_C,173.8,4.67,48.2,3.18,0.76,2,82.5,0
UNIT_05431,Line_A,182.9,4.73,54.8,3.31,0.86,8,72.9,0
UNIT_05432,Line_A,179.8,4.15,38.3,3.14,0.09,7,79.7,0
UNIT_05433,Line_B,173.2,4.83,51.8,3.49,0.09,11,83.4,0
UNIT_05434,Line_B,173.7,5.33,50.6,3.23,0.25,11,77.0,0
UNIT_05435,Line_C,183.5,4.96,43.9,3.1,0.28,19,78.2,0
UNIT_05436,Line_B,168.3,4.34,42.7,2.88,0.35,16,93.0,0
UNIT_05437,Line_A,185.4,4.09,38.5,3.1,0.77,10,80.0,0
UNIT_05438,Line_B,174.3,6.27,36.9,3.17,1.34,2,88.5,1
UNIT_05439,Line_B,181.5,5.2,40.5,3.0,1.36,3,83.6,0
UNIT_05440,Line_B,196.6,4.51,37.5,2.81,1.06,3,75.2,0
UNIT_05441,Line_B,178.0,5.28,54.6,2.7,1.32,10,82.3,0
UNIT_05442,Line_C,191.0,6.31,36.0,3.05,0.29,3,87.3,1
UNIT_05443,Line_C,158.5,5.37,45.9,2.63,1.04,3,98.9,0
UNIT_05444,Line_A,174.4,3.33,47.6,2.88,1.14,3,78.8,1
UNIT_05445,Line_B,180.3,6.59,47.1,2.39,0.14,13,84.3,1
UNIT_05446,Line_C,203.1,3.89,47.7,3.21,1.63,5,92.3,1
UNIT_05447,Line_B,156.5,4.88,50.7,3.29,1.18,18,95.1,0
UNIT_05448,Line_B,178.8,4.32,42.3,3.02,0.39,9,79.8,0
UNIT_05449,Line_A,197.5,4.56,45.5,3.46,0.11,13,83.8,0
UNIT_05450,Line_A,170.6,5.17,43.2,3.34,0.75,10,,0
UNIT_05451,Line_C,177.4,3.76,52.8,3.12,0.5,17,89.1,0
UNIT_05452,Line_C,184.0,4.95,57.6,2.97,0.2,2,93.3,0
UNIT_05453,Line_C,182.2,5.69,37.8,2.91,0.66,14,94.4,0
UNIT_05454,Line_A,198.8,4.49,32.8,3.14,0.44,11,89.4,0
UNIT_05455,Line_A,185.4,4.17,48.4,2.96,1.19,8,86.1,0
UNIT_05456,Line_A,195.9,4.92,51.4,3.14,0.08,13,79.6,0
UNIT_05457,Line_B,175.7,4.8,56.7,3.16,1.27,10,83.0,0
UNIT_05458,Line_B,171.1,4.64,49.4,2.94,0.62,12,83.6,0
UNIT_05459,Line_C,177.3,4.29,53.4,3.27,1.05,10,94.6,0
UNIT_05460,Line_C,166.1,5.31,55.0,2.94,1.73,2,,0
UNIT_05461,Line_A,185.8,5.36,53.8,3.01,0.88,7,86.5,0
UNIT_05462,Line_C,175.4,4.36,50.3,2.76,1.26,19,77.0,0
UNIT_05463,Line_A,171.9,4.44,37.3,2.93,0.16,1,94.6,0
UNIT_05464,Line_A,186.0,5.08,44.9,3.54,0.18,4,78.9,0
UNIT_05465,Line_B,166.3,4.42,46.8,2.77,0.5,14,82.7,0
UNIT_05466,Line_A,189.2,5.11,44.4,3.11,0.37,2,95.5,0
UNIT_05467,Line_B,174.3,5.88,44.8,2.89,0.93,0,92.1,0
UNIT_05468,Line_B,193.9,4.96,54.4,2.45,0.93,15,78.2,0
UNIT_05469,Line_A,175.3,4.27,40.5,3.14,1.47,4,76.4,0
UNIT_05470,Line_B,187.6,5.24,49.8,2.86,0.62,4,83.4,0
UNIT_05471,Line_B,182.2,4.89,46.9,3.08,0.16,9,80.4,0
UNIT_05472,Line_C,188.9,4.91,39.9,3.25,1.48,16,73.3,0
UNIT_05473,Line_A,181.3,5.29,38.5,3.06,1.43,19,79.0,0
UNIT_05474,Line_A,160.0,5.41,34.8,3.08,0.5,5,63.0,1
UNIT_05475,Line_B,192.1,5.02,47.9,2.78,1.46,6,92.2,1
UNIT_05476,Line_A,178.9,4.96,44.6,3.18,0.14,10,,0
UNIT_05477,Line_C,189.5,6.24,40.0,2.95,0.53,15,96.3,0
UNIT_05478,Line_A,188.3,5.72,33.7,2.5,0.24,1,87.8,1
UNIT_05479,Line_B,170.7,5.5,47.6,3.21,1.24,8,81.4,0
UNIT_05480,Line_C,169.0,5.08,44.0,3.28,0.38,2,93.2,0
UNIT_05481,Line_A,187.9,4.4,40.7,3.37,1.35,4,79.4,1
UNIT_05482,Line_A,176.4,5.68,39.2,3.54,0.22,12,74.4,1
UNIT_05483,Line_C,191.2,5.09,43.6,3.19,2.43,0,83.8,0
UNIT_05484,Line_B,177.9,4.65,47.8,3.13,0.49,17,88.3,0
UNIT_05485,Line_A,192.3,4.85,43.0,3.27,0.45,1,78.5,0
UNIT_05486,Line_A,185.1,4.42,37.9,2.78,1.17,16,76.6,0
UNIT_05487,Line_C,183.5,5.63,44.7,2.58,0.87,8,81.7,0
UNIT_05488,Line_C,175.5,5.41,51.3,2.88,0.5,11,88.3,0
UNIT_05489,Line_B,182.8,5.11,45.2,3.32,0.44,8,83.8,0
UNIT_05490,Line_B,194.3,4.97,45.4,2.83,1.95,7,100.0,0
UNIT_05491,Line_C,179.3,4.59,43.0,3.12,0.59,12,83.9,0
UNIT_05492,Line_A,186.4,3.72,39.7,3.14,0.61,6,91.0,0
UNIT_05493,Line_A,180.6,4.15,39.5,3.06,0.22,1,73.4,0
UNIT_05494,Line_C,181.5,4.55,35.0,2.68,1.67,0,89.7,1
UNIT_05495,Line_A,200.7,4.46,52.1,3.09,0.29,5,81.3,0
UNIT_05496,Line_C,194.4,5.17,47.8,2.89,0.26,4,84.9,0
UNIT_05497,Line_B,181.0,5.49,45.5,3.43,1.28,0,98.5,1
UNIT_05498,Line_C,182.6,4.92,46.8,3.28,0.01,1,82.0,0
UNIT_05499,Line_A,171.6,5.85,47.0,2.9,0.74,17,74.5,0
UNIT_05500,Line_C,177.9,4.53,40.6,3.44,0.45,9,75.8,0
UNIT_05501,Line_A,183.7,4.92,43.0,3.09,0.55,7,86.4,0
UNIT_05502,Line_A,190.2,4.97,42.2,2.58,0.3,18,85.9,0
UNIT_05503,Line_C,189.0,5.66,60.1,2.98,0.38,11,85.6,0
UNIT_05504,Line_B,166.7,5.06,51.1,3.41,0.09,2,74.7,0
UNIT_05505,Line_C,191.7,5.08,46.0,2.8,1.17,14,100.0,0
UNIT_05506,Line_A,178.9,4.01,53.2,2.98,0.5,14,96.7,0
UNIT_05507,Line_A,168.2,4.46,52.4,2.66,1.35,5,86.0,1
UNIT_05508,Line_B,196.0,5.66,36.7,2.7,2.64,13,72.8,0
UNIT_05509,Line_C,197.6,3.75,43.7,2.79,0.23,2,97.7,0
UNIT_05510,Line_B,183.2,5.81,44.9,2.69,1.01,19,94.1,0
UNIT_05511,Line_C,188.5,5.3,48.7,2.85,0.26,11,85.8,0
UNIT_05512,Line_C,189.2,4.55,43.7,3.43,0.34,5,94.6,0
UNIT_05513,Line_C,196.7,4.5,44.4,2.99,0.59,18,81.0,0
UNIT_05514,Line_B,188.7,6.14,42.2,3.2,2.36,10,77.3,1
UNIT_05515,Line_C,164.1,5.85,51.3,3.27,0.47,17,86.3,1
UNIT_05516,Line_B,204.1,4.93,36.3,2.72,0.57,1,72.6,0
UNIT_05517,Line_C,192.8,5.08,42.4,2.79,0.74,6,76.1,0
UNIT_05518,Line_B,173.9,4.61,33.9,3.19,0.56,8,89.4,0
UNIT_05519,Line_B,167.6,5.08,38.8,2.84,0.23,5,86.9,1
UNIT_05520,Line_B,186.1,4.6,46.9,3.17,1.43,10,73.9,0
UNIT_05521,Line_B,176.7,4.95,47.0,3.42,0.43,7,81.7,0
UNIT_05522,Line_C,184.0,6.09,43.1,2.64,0.15,17,74.3,1
UNIT_05523,Line_C,188.9,4.94,51.7,2.91,0.79,4,81.1,0
UNIT_05524,Line_B,173.2,4.37,53.1,2.95,1.49,3,80.2,0
UNIT_05525,Line_A,166.6,4.18,44.6,2.87,0.3,19,92.9,0
UNIT_05526,Line_B,184.6,5.08,46.5,2.85,0.51,14,83.7,0
UNIT_05527,Line_A,173.6,4.54,42.3,2.88,0.61,0,83.1,0
UNIT_05528,Line_A,181.8,5.15,48.8,3.0,0.4,16,81.9,0
UNIT_05529,Line_A,163.9,4.03,37.8,3.04,0.62,3,71.2,1
UNIT_05530,Line_B,177.0,5.41,55.8,3.24,1.9,13,84.2,0
UNIT_05531,Line_C,188.6,4.36,51.8,2.99,0.63,0,88.9,0
UNIT_05532,Line_B,187.3,5.03,37.8,3.28,0.92,5,86.9,0
UNIT_05533,Line_B,170.5,4.8,40.3,2.85,0.45,17,90.5,0
UNIT_05534,Line_A,166.0,6.03,47.5,2.7,0.78,0,90.9,0
UNIT_05535,Line_C,180.2,5.1,43.0,2.92,0.85,9,100.0,0
UNIT_05536,Line_A,186.7,6.17,48.3,3.12,1.12,7,76.0,1
UNIT_05537,Line_C,184.9,5.34,42.8,3.22,0.41,4,86.9,0
UNIT_05538,Line_C,173.9,5.86,54.1,3.37,0.52,2,87.8,0
UNIT_05539,Line_C,183.6,4.87,45.0,3.07,1.21,7,82.4,0
UNIT_05540,Line_A,198.0,5.21,59.5,3.19,0.45,7,79.9,0
UNIT_05541,Line_A,182.5,5.73,48.6,3.34,0.23,2,89.0,0
UNIT_05542,Line_A,160.4,5.54,36.9,2.81,0.4,14,88.2,1
UNIT_05543,Line_C,182.4,5.32,57.5,2.95,1.18,2,76.6,0
UNIT_05544,Line_A,204.5,4.8,51.6,3.69,1.31,7,70.6,1
UNIT_05545,Line_C,164.6,4.9,47.3,3.21,1.03,18,81.1,0
UNIT_05546,Line_A,180.4,5.68,48.9,3.13,1.46,7,79.6,0
UNIT_05547,Line_A,177.3,5.81,37.9,3.22,1.8,13,89.8,0
UNIT_05548,Line_A,181.2,4.64,34.2,2.67,1.07,9,77.6,0
UNIT_05549,Line_C,182.3,4.55,44.7,2.84,0.56,12,83.6,0
UNIT_05550,Line_B,193.7,4.46,53.3,2.75,0.16,15,71.3,0
UNIT_05551,Line_B,181.0,5.5,47.4,3.1,0.21,9,72.6,0
UNIT_05552,Line_B,195.3,4.44,55.3,2.91,0.32,13,78.8,0
UNIT_05553,Line_B,178.6,5.49,52.9,3.02,1.34,9,83.0,1
UNIT_05554,Line_B,175.8,5.33,45.1,2.92,0.34,6,78.4,0
UNIT_05555,Line_B,172.0,4.67,52.1,2.59,0.33,15,86.1,0
UNIT_05556,Line_A,158.2,5.94,54.1,3.22,0.37,7,71.4,0
UNIT_05557,Line_A,183.3,4.12,44.5,2.56,0.62,1,83.3,1
UNIT_05558,Line_B,204.6,6.0,43.7,2.82,0.79,5,83.4,1
UNIT_05559,Line_A,185.5,5.19,45.8,2.67,0.79,13,73.4,0
UNIT_05560,Line_B,188.2,3.76,30.5,2.78,0.38,13,86.8,1
UNIT_05561,Line_A,175.0,5.96,46.7,3.05,1.28,11,67.6,1
UNIT_05562,Line_C,177.1,5.58,49.3,3.31,0.58,8,79.5,0
UNIT_05563,Line_A,191.8,4.74,45.9,2.61,1.16,6,91.3,0
UNIT_05564,Line_A,204.1,4.42,47.1,2.86,0.65,0,67.2,0
UNIT_05565,Line_B,197.9,4.06,44.7,2.56,0.37,4,90.4,0
UNIT_05566,Line_A,189.7,6.45,33.0,2.85,0.46,19,75.7,1
UNIT_05567,Line_B,180.4,4.45,55.0,3.02,0.3,17,80.3,0
UNIT_05568,Line_A,182.5,4.24,42.8,3.19,0.15,1,96.3,0
UNIT_05569,Line_A,171.0,5.16,41.3,2.47,0.71,18,80.0,1
UNIT_05570,Line_C,162.6,4.02,53.1,3.14,0.26,15,97.9,0
UNIT_05571,Line_C,166.5,4.41,50.9,2.76,0.19,1,82.6,0
UNIT_05572,Line_A,180.6,5.6,46.6,2.7,1.12,8,84.3,1
UNIT_05573,Line_C,176.5,5.28,49.6,3.02,1.53,3,91.7,0
UNIT_05574,Line_C,162.4,4.77,38.1,3.16,0.34,14,89.4,0
UNIT_05575,Line_B,179.6,5.01,44.5,2.97,4.22,13,86.2,0
UNIT_05576,Line_B,176.2,4.73,52.8,2.73,1.09,4,81.3,0
UNIT_05577,Line_C,165.9,4.96,40.9,2.97,0.71,15,72.6,1
UNIT_05578,Line_B,175.6,4.54,39.0,2.82,0.09,5,,0
UNIT_05579,Line_B,176.1,4.65,45.5,3.15,0.91,9,95.5,0
UNIT_05580,Line_B,172.6,4.63,45.6,3.27,0.23,2,98.6,0
UNIT_05581,Line_C,191.1,4.56,48.9,3.25,0.27,18,86.0,0
UNIT_05582,Line_C,157.2,5.63,36.7,3.0,0.98,3,70.8,0
UNIT_05583,Line_A,156.2,5.46,29.7,3.28,2.22,17,78.8,0
UNIT_05584,Line_B,180.0,4.44,50.5,2.74,0.73,16,78.4,0
UNIT_05585,Line_C,181.2,4.28,38.5,3.45,1.27,2,80.6,0
UNIT_05586,Line_A,184.9,4.91,41.3,2.74,2.2,2,77.9,0
UNIT_05587,Line_C,173.5,6.29,31.9,2.49,0.14,2,89.2,1
UNIT_05588,Line_C,169.0,4.38,51.1,3.34,1.0,16,87.0,1
UNIT_05589,Line_C,179.9,4.9,47.1,2.82,1.56,1,97.6,0
UNIT_05590,Line_A,174.7,5.05,46.9,3.03,1.4,12,81.9,0
UNIT_05591,Line_B,198.6,4.93,46.8,2.74,1.48,17,86.6,0
UNIT_05592,Line_B,176.1,4.73,32.6,3.59,0.42,5,90.9,0
UNIT_05593,Line_B,179.4,5.69,39.1,3.46,0.81,11,93.2,0
UNIT_05594,Line_C,209.7,5.27,42.3,3.39,1.57,1,75.1,1
UNIT_05595,Line_B,177.7,5.51,40.5,3.02,0.97,18,88.2,0
UNIT_05596,Line_B,186.7,5.35,43.4,3.25,0.2,12,86.2,0
UNIT_05597,Line_C,187.8,5.54,46.5,2.99,0.24,14,87.4,0
UNIT_05598,Line_C,188.8,5.95,51.0,3.28,1.43,5,85.5,0
UNIT_05599,Line_C,183.5,5.8,36.1,2.9,0.03,14,98.7,0
UNIT_05600,Line_B,182.3,6.39,44.9,3.4,1.01,12,77.9,1
UNIT_05601,Line_C,181.2,5.73,49.3,2.88,1.16,2,77.4,0
UNIT_05602,Line_A,173.1,4.6,39.5,2.91,0.88,11,78.4,0
UNIT_05603,Line_B,183.9,5.51,43.8,2.88,1.16,2,82.7,0
UNIT_05604,Line_B,204.3,5.43,47.8,3.05,1.16,13,87.3,0
UNIT_05605,Line_A,194.5,6.15,45.1,2.9,0.05,18,81.4,1
UNIT_05606,Line_B,183.6,4.42,49.0,3.12,0.1,17,93.1,0
UNIT_05607,Line_B,190.3,5.33,45.6,2.88,0.34,9,85.0,0
UNIT_05608,Line_B,169.6,4.59,43.1,3.2,0.88,17,84.2,0
UNIT_05609,Line_A,176.9,5.31,38.0,3.38,0.81,19,74.4,1
UNIT_05610,Line_A,191.4,4.87,46.5,3.02,0.25,9,99.6,0
UNIT_05611,Line_A,197.8,5.29,45.6,3.55,1.63,6,84.6,1
UNIT_05612,Line_B,170.7,4.15,39.0,3.28,2.61,3,98.1,1
UNIT_05613,Line_A,174.2,5.48,48.5,3.53,1.16,12,80.0,0
UNIT_05614,Line_B,206.2,5.12,52.6,2.98,0.8,7,91.6,0
UNIT_05615,Line_C,181.2,5.09,41.0,2.58,0.89,11,80.5,0
UNIT_05616,Line_C,201.9,6.17,40.6,2.82,0.37,18,99.6,1
UNIT_05617,Line_A,182.5,4.77,40.4,2.85,0.19,1,94.0,0
UNIT_05618,Line_C,183.0,5.21,34.9,2.76,1.3,5,91.8,0
UNIT_05619,Line_A,176.3,5.06,57.0,2.45,1.15,10,79.2,1
UNIT_05620,Line_A,191.3,5.12,42.3,3.26,1.31,14,100.0,0
UNIT_05621,Line_A,196.3,6.33,39.8,2.53,0.86,18,100.0,0
UNIT_05622,Line_A,167.6,5.04,38.2,3.23,0.18,17,82.0,0
UNIT_05623,Line_C,175.8,4.66,42.7,3.55,0.17,9,86.3,0
UNIT_05624,Line_A,191.0,6.12,40.8,2.81,0.26,11,92.4,1
UNIT_05625,Line_C,178.4,4.82,53.6,3.1,1.79,9,69.2,0
UNIT_05626,Line_B,174.1,4.04,37.5,2.9,0.15,2,94.2,1
UNIT_05627,Line_A,192.1,4.56,35.8,3.21,0.57,14,93.2,0
UNIT_05628,Line_B,193.2,4.25,48.3,2.7,0.41,16,80.5,0
UNIT_05629,Line_A,174.6,3.92,44.4,2.97,0.17,15,67.5,0
UNIT_05630,Line_B,182.5,4.78,43.7,3.28,0.94,7,87.7,0
UNIT_05631,Line_B,165.5,4.96,48.4,2.99,1.83,16,75.9,1
UNIT_05632,Line_B,169.3,5.71,45.8,2.59,0.62,4,72.3,1
UNIT_05633,Line_A,181.5,5.38,44.7,3.31,0.12,9,88.0,0
UNIT_05634,Line_C,180.4,5.35,36.6,2.68,0.5,5,95.5,0
UNIT_05635,Line_B,168.4,4.46,35.0,3.02,0.39,8,83.2,0
UNIT_05636,Line_A,171.4,5.53,40.8,3.15,0.5,18,94.5,0
UNIT_05637,Line_B,167.2,5.83,38.5,3.03,0.55,9,90.3,0
UNIT_05638,Line_A,185.5,5.24,46.6,3.63,2.04,15,74.0,1
UNIT_05639,Line_C,156.4,5.25,34.2,3.18,0.9,19,80.6,0
UNIT_05640,Line_C,167.9,4.24,42.3,2.95,0.89,3,93.6,0
UNIT_05641,Line_A,157.6,5.63,44.0,3.15,0.38,18,80.5,0
UNIT_05642,Line_C,185.0,6.07,44.8,3.05,1.27,2,91.6,0
UNIT_05643,Line_C,158.4,5.19,47.4,3.01,1.38,12,81.7,1
UNIT_05644,Line_B,180.4,4.64,43.0,3.06,1.03,9,90.8,0
UNIT_05645,Line_A,199.7,4.9,41.0,2.89,0.96,5,88.4,0
UNIT_05646,Line_C,200.1,4.75,52.5,3.05,0.16,12,83.0,0
UNIT_05647,Line_C,158.3,4.78,43.1,2.87,0.87,18,90.5,0
UNIT_05648,Line_C,183.6,5.39,53.5,2.53,1.72,1,67.7,1
UNIT_05649,Line_C,168.1,5.17,43.0,3.29,0.9,3,76.3,0
UNIT_05650,Line_C,165.7,5.6,44.9,2.86,1.14,10,81.3,0
UNIT_05651,Line_C,178.6,5.22,44.2,3.04,0.5,2,94.4,0
UNIT_05652,Line_A,194.7,4.48,46.4,2.81,0.35,6,73.4,0
UNIT_05653,Line_B,187.2,4.7,42.5,2.82,0.23,8,84.7,0
UNIT_05654,Line_A,171.4,4.66,45.6,2.74,1.53,8,87.5,1
UNIT_05655,Line_A,188.5,4.89,54.2,3.24,0.59,13,87.0,0
UNIT_05656,Line_C,153.1,6.08,51.3,3.3,1.39,9,84.2,1
UNIT_05657,Line_C,171.0,6.17,51.3,3.01,0.45,1,80.0,1
UNIT_05658,Line_B,170.1,5.5,36.9,2.87,1.46,12,83.0,1
UNIT_05659,Line_C,180.9,5.07,37.9,2.58,0.69,6,92.8,0
UNIT_05660,Line_A,177.6,4.18,46.3,3.2,0.5,0,79.5,0
UNIT_05661,Line_A,178.3,5.13,49.6,2.83,0.5,15,67.7,0
UNIT_05662,Line_C,177.9,4.53,41.9,2.72,1.23,8,88.7,0
UNIT_05663,Line_B,180.3,5.98,40.8,3.01,0.9,13,97.0,0
UNIT_05664,Line_B,186.5,4.04,53.4,2.92,1.24,13,76.6,0
UNIT_05665,Line_B,181.8,5.23,49.1,2.62,1.7,1,95.9,0
UNIT_05666,Line_A,176.6,4.48,51.3,2.65,0.56,16,89.2,0
UNIT_05667,Line_C,184.8,4.99,42.4,3.08,1.05,4,75.7,0
UNIT_05668,Line_C,189.9,5.4,41.9,2.84,0.62,14,79.4,0
UNIT_05669,Line_C,173.3,5.61,50.7,3.13,0.47,14,79.0,0
UNIT_05670,Line_B,179.3,4.96,43.4,3.04,0.91,2,86.4,0
UNIT_05671,Line_B,193.9,5.46,41.3,3.26,0.16,2,83.5,0
UNIT_05672,Line_C,166.8,4.6,39.5,2.79,1.33,16,93.8,0
UNIT_05673,Line_B,201.7,5.15,41.9,3.06,0.83,0,91.8,0
UNIT_05674,Line_B,163.9,5.6,50.3,3.16,0.37,4,72.6,1
UNIT_05675,Line_A,175.9,5.2,35.9,2.84,0.85,19,73.6,0
UNIT_05676,Line_B,168.6,4.68,48.8,3.28,0.11,2,89.9,0
UNIT_05677,Line_B,206.3,4.83,40.8,2.58,0.22,12,80.9,1
UNIT_05678,Line_B,174.0,5.61,43.7,2.79,0.22,7,83.6,0
UNIT_05679,Line_A,174.0,4.34,44.1,2.57,0.2,8,89.4,1
UNIT_05680,Line_A,175.6,4.43,43.7,2.82,0.57,2,91.9,0
UNIT_05681,Line_C,181.1,5.36,43.3,2.96,0.84,11,75.1,0
UNIT_05682,Line_B,176.1,4.74,42.3,3.21,3.27,6,67.2,0
UNIT_05683,Line_B,178.4,4.13,41.6,2.96,1.48,13,84.1,0
UNIT_05684,Line_B,137.6,5.81,52.9,2.85,0.08,15,78.2,0
UNIT_05685,Line_B,180.7,4.34,45.2,2.61,2.08,9,85.5,1
UNIT_05686,Line_C,180.2,4.88,44.2,2.7,0.37,0,84.3,0
UNIT_05687,Line_A,192.5,4.63,41.1,3.08,0.99,13,77.2,0
UNIT_05688,Line_C,195.7,4.82,42.6,3.22,0.58,9,100.0,0
UNIT_05689,Line_A,177.7,4.47,41.2,2.9,2.17,14,85.1,0
UNIT_05690,Line_B,189.8,5.43,49.6,3.3,1.39,15,80.4,0
UNIT_05691,Line_B,166.8,5.07,40.5,2.76,1.96,3,85.8,1
UNIT_05692,Line_C,189.2,5.59,31.5,2.9,1.03,2,89.2,0
UNIT_05693,Line_A,173.1,4.63,45.3,2.92,0.45,8,79.9,0
UNIT_05694,Line_B,165.8,6.28,43.3,3.38,1.14,18,100.0,1
UNIT_05695,Line_A,177.8,3.86,41.5,3.03,1.7,6,72.8,1
UNIT_05696,Line_A,196.8,4.05,50.5,2.55,0.32,8,73.4,1
UNIT_05697,Line_C,182.2,6.05,28.6,3.24,0.94,15,72.2,1
UNIT_05698,Line_C,198.0,5.28,54.5,3.46,1.28,16,85.0,1
UNIT_05699,Line_B,171.0,5.2,51.3,2.94,0.41,15,88.8,0
UNIT_05700,Line_B,192.6,5.26,41.2,2.78,0.5,18,82.4,0
UNIT_05701,Line_B,172.2,5.34,42.3,3.22,0.62,16,88.8,0
UNIT_05702,Line_A,182.7,5.18,48.0,3.49,0.94,3,88.7,0
UNIT_05703,Line_B,182.6,4.42,48.2,3.21,0.69,8,82.1,0
UNIT_05704,Line_A,187.9,5.49,41.2,2.59,0.75,15,88.4,1
UNIT_05705,Line_C,183.0,5.4,35.3,3.19,2.33,11,83.4,0
UNIT_05706,Line_B,171.1,5.86,57.7,3.1,0.67,2,81.7,0
UNIT_05707,Line_A,190.6,6.06,50.7,2.76,1.86,14,81.0,1
UNIT_05708,Line_B,200.8,5.2,45.9,3.32,3.05,3,86.9,1
UNIT_05709,Line_C,173.0,4.26,46.1,3.11,0.35,6,94.7,0
UNIT_05710,Line_A,158.0,6.06,48.7,3.33,1.42,19,75.4,1
UNIT_05711,Line_C,186.0,4.39,49.4,2.73,0.47,19,81.2,0
UNIT_05712,Line_B,176.0,5.2,32.5,3.1,1.37,0,86.3,0
UNIT_05713,Line_B,178.4,4.85,42.9,2.78,0.46,7,99.1,0
UNIT_05714,Line_C,186.7,4.74,42.3,3.06,0.07,6,88.5,0
UNIT_05715,Line_B,174.5,5.46,44.0,3.37,1.23,10,78.5,0
UNIT_05716,Line_A,176.8,5.15,49.6,2.64,0.77,16,77.6,0
UNIT_05717,Line_C,178.8,5.31,34.3,2.66,1.75,16,92.9,0
UNIT_05718,Line_A,197.6,4.51,36.9,3.24,0.45,2,82.5,0
UNIT_05719,Line_B,180.4,4.9,40.9,3.0,0.67,14,75.2,0
UNIT_05720,Line_C,165.2,4.54,45.9,3.29,0.43,0,93.1,0
UNIT_05721,Line_B,165.6,4.88,50.0,2.8,0.22,10,87.5,0
UNIT_05722,Line_C,181.7,4.93,54.8,3.01,0.92,11,75.4,0
UNIT_05723,Line_B,166.4,6.11,43.3,3.17,0.67,8,74.3,0
UNIT_05724,Line_A,161.3,4.84,50.0,3.05,0.11,17,67.7,0
UNIT_05725,Line_A,187.6,3.72,49.3,2.55,1.79,12,80.0,1
UNIT_05726,Line_B,188.2,5.84,48.3,3.71,0.74,19,87.4,0
UNIT_05727,Line_A,175.6,5.27,44.9,3.05,0.42,8,92.7,0
UNIT_05728,Line_B,183.5,4.92,42.6,2.66,1.24,8,88.4,0
UNIT_05729,Line_B,182.3,4.74,38.6,3.08,1.51,11,74.6,0
UNIT_05730,Line_C,187.2,4.43,38.2,3.11,0.24,4,82.7,0
UNIT_05731,Line_A,187.3,6.16,47.1,3.25,0.2,15,96.4,0
UNIT_05732,Line_C,148.7,5.03,44.7,3.23,0.5,6,80.9,0
UNIT_05733,Line_B,177.1,3.96,42.5,2.95,0.96,2,91.2,0
UNIT_05734,Line_B,186.2,5.2,49.0,2.57,2.01,9,90.2,1
UNIT_05735,Line_B,175.1,5.72,43.8,3.12,0.03,13,91.1,0
UNIT_05736,Line_A,180.4,5.09,39.5,2.59,2.44,10,88.4,0
UNIT_05737,Line_C,189.0,4.46,43.4,3.3,0.8,1,91.1,0
UNIT_05738,Line_A,181.0,4.41,49.9,2.82,1.7,0,73.1,1
UNIT_05739,Line_A,198.1,4.45,38.9,3.16,1.62,14,97.1,0
UNIT_05740,Line_C,193.5,5.91,46.3,2.84,0.67,19,70.5,1
UNIT_05741,Line_B,178.6,4.96,44.7,2.88,0.49,4,87.5,0
UNIT_05742,Line_C,177.6,3.99,40.4,2.8,1.01,19,84.6,0
UNIT_05743,Line_B,145.8,5.23,43.2,3.18,0.81,9,80.0,1
UNIT_05744,Line_A,176.1,5.08,35.6,2.84,0.4,2,77.2,0
UNIT_05745,Line_A,163.8,4.73,45.7,3.19,0.67,5,89.4,0
UNIT_05746,Line_B,182.7,4.39,36.8,2.85,0.54,19,91.4,0
UNIT_05747,Line_A,181.8,4.36,51.4,2.94,0.72,6,84.2,0
UNIT_05748,Line_C,188.4,5.65,44.4,3.01,1.5,16,82.7,0
UNIT_05749,Line_A,196.8,5.15,41.6,3.04,0.53,12,95.3,0
UNIT_05750,Line_C,179.7,5.29,52.0,2.77,0.88,16,81.6,0
UNIT_05751,Line_A,207.4,5.15,38.8,3.18,0.66,8,84.7,0
UNIT_05752,Line_A,182.8,5.2,40.5,2.93,0.65,2,83.4,0
UNIT_05753,Line_A,164.3,4.72,34.0,3.14,0.58,9,100.0,0
UNIT_05754,Line_A,173.3,4.88,52.9,3.0,1.04,18,78.3,1
UNIT_05755,Line_B,175.5,5.7,56.2,3.15,0.04,19,91.7,0
UNIT_05756,Line_A,187.1,5.85,35.0,2.9,1.05,8,71.4,0
UNIT_05757,Line_B,168.6,4.27,40.1,2.8,0.84,2,77.3,1
UNIT_05758,Line_B,176.4,4.88,45.4,3.11,0.79,4,82.5,0
UNIT_05759,Line_A,178.1,5.5,41.9,2.88,1.16,7,84.0,0
UNIT_05760,Line_A,174.6,6.13,44.8,3.36,0.12,19,82.8,0
UNIT_05761,Line_A,189.7,6.07,44.3,3.02,1.47,10,84.2,1
UNIT_05762,Line_A,187.7,4.52,47.4,2.66,0.56,9,79.5,1
UNIT_05763,Line_A,194.0,5.77,39.2,2.85,0.54,16,95.3,0
UNIT_05764,Line_A,176.0,5.04,46.2,2.75,0.33,3,77.0,1
UNIT_05765,Line_B,194.4,5.63,38.3,3.27,0.37,5,91.0,1
UNIT_05766,Line_A,163.6,5.47,42.5,3.19,0.12,14,90.4,0
UNIT_05767,Line_A,163.3,4.24,34.6,2.98,0.74,7,77.4,0
UNIT_05768,Line_B,165.4,5.33,42.6,3.07,0.45,11,82.1,0
UNIT_05769,Line_B,180.1,5.6,41.6,2.98,1.3,16,85.0,0
UNIT_05770,Line_A,194.4,4.99,50.7,3.22,0.91,14,98.4,0
UNIT_05771,Line_A,172.8,4.85,44.6,3.13,0.82,10,82.0,0
UNIT_05772,Line_B,174.3,4.06,45.7,3.17,0.49,1,100.0,0
UNIT_05773,Line_A,177.4,5.41,44.9,2.95,0.6,17,91.1,1
UNIT_05774,Line_B,186.9,5.13,32.2,2.84,1.96,1,87.7,0
UNIT_05775,Line_C,174.3,4.45,33.0,3.17,0.49,1,92.1,0
UNIT_05776,Line_B,173.6,4.8,43.1,3.39,0.03,4,71.3,0
UNIT_05777,Line_A,163.9,5.09,46.7,3.28,0.58,5,94.4,0
UNIT_05778,Line_C,173.1,4.66,43.6,3.4,0.29,15,74.4,0
UNIT_05779,Line_A,194.1,5.0,39.8,3.04,0.54,11,92.0,0
UNIT_05780,Line_A,181.1,3.95,43.6,2.76,0.71,18,80.3,0
UNIT_05781,Line_A,171.1,5.81,43.0,2.78,0.29,2,78.6,0
UNIT_05782,Line_C,194.8,5.01,49.7,3.34,0.11,19,99.2,0
UNIT_05783,Line_C,173.0,4.34,49.3,2.53,0.59,9,84.2,0
UNIT_05784,Line_B,197.0,3.52,41.7,3.38,1.78,11,72.8,1
UNIT_05785,Line_B,196.8,5.62,44.7,2.8,0.69,0,92.8,0
UNIT_05786,Line_B,180.7,5.33,46.7,3.48,0.85,14,75.2,0
UNIT_05787,Line_B,162.0,5.13,47.5,2.98,0.52,10,95.9,0
UNIT_05788,Line_B,207.5,5.52,54.9,3.18,0.97,14,84.9,0
UNIT_05789,Line_C,184.6,5.52,44.8,3.6,1.17,18,74.8,0
UNIT_05790,Line_C,176.1,5.12,52.0,2.92,1.56,4,91.6,0
UNIT_05791,Line_A,191.5,4.85,38.0,2.91,1.89,18,89.2,0
UNIT_05792,Line_B,188.4,4.75,41.2,2.83,0.9,9,68.0,0
UNIT_05793,Line_C,195.7,5.25,32.2,2.75,1.59,6,84.5,1
UNIT_05794,Line_B,172.1,5.84,45.9,2.92,1.31,14,87.4,0
UNIT_05795,Line_A,183.8,4.94,48.9,2.86,0.99,0,86.9,0
UNIT_05796,Line_C,165.8,5.89,29.7,2.69,0.67,13,83.5,0
UNIT_05797,Line_B,188.0,5.22,46.1,2.95,0.08,18,91.0,0
UNIT_05798,Line_B,179.7,5.23,48.6,3.11,2.66,4,89.6,0
UNIT_05799,Line_B,183.4,6.44,48.3,2.78,0.75,11,85.2,1
UNIT_05800,Line_A,178.2,5.99,37.8,2.96,0.48,15,83.1,0
UNIT_05801,Line_B,177.0,6.01,49.6,3.35,0.48,11,86.2,1
UNIT_05802,Line_B,169.6,4.52,45.1,2.65,1.16,18,80.2,1
UNIT_05803,Line_C,189.5,6.32,48.5,3.48,0.23,16,76.8,1
UNIT_05804,Line_A,197.9,4.95,44.2,2.83,1.78,5,76.0,1
UNIT_05805,Line_A,173.3,4.86,47.3,3.05,0.89,7,84.2,0
UNIT_05806,Line_B,186.6,3.7,51.7,3.32,0.39,13,78.1,0
UNIT_05807,Line_C,185.2,5.2,43.8,3.4,1.05,8,83.7,1
UNIT_05808,Line_B,180.1,4.35,46.7,3.12,1.23,7,95.6,0
UNIT_05809,Line_B,161.7,5.24,52.5,2.83,0.38,17,83.3,0
UNIT_05810,Line_C,164.4,4.3,44.2,2.8,1.02,2,86.1,0
UNIT_05811,Line_B,170.6,6.08,38.2,2.86,0.52,9,83.2,0
UNIT_05812,Line_A,154.3,5.33,49.1,3.47,0.53,7,95.5,1
UNIT_05813,Line_C,196.9,6.37,53.6,2.9,0.58,14,98.3,1
UNIT_05814,Line_B,184.4,4.39,52.7,3.08,0.04,19,81.2,1
UNIT_05815,Line_A,179.6,5.93,49.3,2.74,1.47,18,90.8,0
UNIT_05816,Line_B,153.7,3.92,30.9,2.71,0.54,7,100.0,1
UNIT_05817,Line_C,158.1,5.12,41.2,3.01,0.53,7,75.7,0
UNIT_05818,Line_B,180.0,4.62,41.5,2.92,1.62,2,,0
UNIT_05819,Line_B,203.6,4.73,45.3,2.94,0.95,17,71.1,1
UNIT_05820,Line_B,171.6,4.69,55.1,2.63,0.34,6,85.2,0
UNIT_05821,Line_C,190.4,4.45,38.5,2.98,0.85,6,83.9,0
UNIT_05822,Line_C,174.2,4.24,58.5,3.39,0.97,7,71.3,1
UNIT_05823,Line_A,180.7,4.73,42.7,2.79,0.61,18,93.7,1
UNIT_05824,Line_B,194.6,5.07,40.4,3.22,2.2,19,86.2,0
UNIT_05825,Line_B,175.8,5.7,50.1,2.13,0.58,6,77.6,1
UNIT_05826,Line_A,171.7,5.18,50.5,2.8,0.69,12,87.6,0
UNIT_05827,Line_C,197.0,5.7,48.9,2.52,0.71,4,92.2,0
UNIT_05828,Line_A,180.5,4.11,40.4,3.31,1.18,9,70.8,1
UNIT_05829,Line_B,193.1,4.74,48.0,3.22,0.31,14,59.8,0
UNIT_05830,Line_A,171.8,5.43,38.8,2.74,1.29,10,84.7,0
UNIT_05831,Line_A,196.9,5.21,40.2,3.07,2.84,18,78.9,0
UNIT_05832,Line_C,183.3,4.48,44.4,3.3,0.18,10,95.7,0
UNIT_05833,Line_A,185.2,5.56,40.1,3.34,0.33,15,82.0,0
UNIT_05834,Line_A,181.6,4.68,51.3,2.9,0.15,9,87.5,0
UNIT_05835,Line_C,173.9,4.53,41.5,2.45,0.06,14,83.5,0
UNIT_05836,Line_C,180.0,5.29,43.7,2.78,0.32,16,72.6,0
UNIT_05837,Line_A,174.7,5.0,39.7,3.19,0.34,19,85.2,1
UNIT_05838,Line_A,191.5,4.69,51.2,3.52,1.24,6,74.4,1
UNIT_05839,Line_C,177.6,4.67,41.0,2.99,1.59,11,74.0,0
UNIT_05840,Line_C,162.0,4.36,51.9,2.85,0.85,14,76.2,0
UNIT_05841,Line_C,159.8,4.76,51.4,3.6,1.46,17,75.5,0
UNIT_05842,Line_B,159.3,5.66,42.3,3.1,1.16,2,83.3,1
UNIT_05843,Line_A,187.4,5.15,45.2,2.69,0.41,0,81.9,0
UNIT_05844,Line_C,166.2,5.58,42.2,2.97,0.93,1,87.3,0
UNIT_05845,Line_A,183.6,5.31,48.3,3.25,0.29,2,72.4,0
UNIT_05846,Line_A,181.6,4.63,43.8,2.98,0.69,5,83.0,0
UNIT_05847,Line_C,179.2,4.01,42.5,3.2,0.81,5,81.1,0
UNIT_05848,Line_B,185.3,4.44,45.3,2.6,1.07,2,86.6,0
UNIT_05849,Line_A,181.9,4.6,35.5,2.64,2.04,18,87.0,0
UNIT_05850,Line_A,147.5,4.55,44.5,2.82,0.21,16,86.3,0
UNIT_05851,Line_B,176.1,5.59,48.9,2.93,0.68,3,77.1,0
UNIT_05852,Line_A,185.1,5.58,45.8,3.08,1.8,7,85.2,1
UNIT_05853,Line_C,199.7,6.33,50.7,3.16,0.39,7,80.9,0
UNIT_05854,Line_B,200.2,4.54,42.7,3.62,0.3,16,95.5,0
UNIT_05855,Line_B,163.6,5.96,42.2,2.82,1.15,0,85.9,1
UNIT_05856,Line_B,175.8,5.95,38.3,2.92,1.02,17,85.6,0
UNIT_05857,Line_B,161.2,4.86,42.6,2.82,0.15,1,74.8,0
UNIT_05858,Line_B,198.2,5.28,56.8,3.27,0.44,10,80.3,1
UNIT_05859,Line_C,192.2,5.74,46.7,3.28,0.26,11,87.1,0
UNIT_05860,Line_B,184.2,4.96,41.5,2.89,0.26,4,84.4,0
UNIT_05861,Line_B,182.0,4.92,39.0,3.52,0.97,1,84.3,0
UNIT_05862,Line_B,196.6,4.62,35.4,2.82,0.97,8,71.0,1
UNIT_05863,Line_A,194.5,3.58,40.0,3.26,0.68,17,78.5,1
UNIT_05864,Line_C,193.9,5.04,49.6,3.36,0.21,11,82.8,0
UNIT_05865,Line_B,185.5,4.57,42.4,2.66,0.27,17,94.6,0
UNIT_05866,Line_C,175.8,4.35,39.3,3.14,0.91,6,69.9,1
UNIT_05867,Line_C,189.2,5.25,39.9,2.32,0.17,12,76.6,0
UNIT_05868,Line_C,189.8,4.13,48.9,3.21,0.1,17,69.8,1
UNIT_05869,Line_C,177.7,5.48,44.5,2.72,0.47,7,87.6,0
UNIT_05870,Line_C,175.8,5.29,41.2,3.14,0.68,19,94.5,0
UNIT_05871,Line_B,193.6,4.76,43.1,3.19,0.12,17,87.9,0
UNIT_05872,Line_C,200.0,4.96,58.2,3.28,0.94,11,89.6,0
UNIT_05873,Line_A,171.0,4.29,52.3,3.22,0.62,9,76.7,0
UNIT_05874,Line_C,176.8,5.45,53.8,3.01,0.24,3,88.0,0
UNIT_05875,Line_A,184.2,5.11,34.5,2.9,0.73,3,78.8,0
UNIT_05876,Line_C,185.8,5.16,44.1,2.98,0.08,17,85.5,0
UNIT_05877,Line_A,173.7,5.3,41.1,2.72,0.5,6,89.0,0
UNIT_05878,Line_B,202.6,4.61,48.3,2.95,0.52,18,82.7,0
UNIT_05879,Line_A,185.1,4.09,51.4,2.93,0.69,7,91.6,0
UNIT_05880,Line_A,186.4,5.57,47.0,2.8,0.76,5,83.7,1
UNIT_05881,Line_C,201.1,5.41,39.8,2.56,1.19,11,87.2,1
UNIT_05882,Line_C,174.6,4.68,41.0,2.68,0.66,6,100.0,0
UNIT_05883,Line_A,178.9,5.25,48.7,2.21,0.17,8,89.0,1
UNIT_05884,Line_A,165.0,5.75,49.3,2.92,0.3,9,79.0,0
UNIT_05885,Line_C,177.9,5.68,45.8,3.09,3.38,16,81.2,1
UNIT_05886,Line_C,162.1,4.66,45.8,2.33,0.12,16,92.0,0
UNIT_05887,Line_A,189.0,4.11,45.3,3.06,2.44,12,93.3,1
UNIT_05888,Line_B,185.0,4.21,46.6,2.97,2.21,18,84.7,0
UNIT_05889,Line_A,176.7,4.81,49.3,2.71,0.16,5,72.8,0
UNIT_05890,Line_C,178.8,5.88,48.8,2.89,1.34,13,77.4,1
UNIT_05891,Line_B,189.1,4.56,45.1,3.26,0.93,8,86.4,0
UNIT_05892,Line_A,166.4,4.64,44.7,2.76,1.52,8,89.6,1
UNIT_05893,Line_A,182.5,4.63,44.5,3.02,0.31,14,93.0,0
UNIT_05894,Line_B,188.4,4.68,40.3,3.09,0.93,6,68.7,0
UNIT_05895,Line_C,158.6,4.99,40.2,2.79,0.38,4,92.0,0
UNIT_05896,Line_A,188.2,4.23,48.3,3.25,0.25,9,96.4,0
UNIT_05897,Line_C,159.9,5.65,40.7,3.1,0.73,1,65.9,1
UNIT_05898,Line_B,178.6,4.91,49.9,2.94,1.16,11,85.0,0
UNIT_05899,Line_C,166.0,6.49,44.7,3.59,1.08,14,91.1,1
UNIT_05900,Line_C,197.2,4.3,49.9,3.25,1.41,3,73.7,1
UNIT_05901,Line_A,166.1,5.95,48.8,2.58,0.34,8,81.0,0
UNIT_05902,Line_A,160.2,5.83,50.1,2.9,2.19,5,89.5,0
UNIT_05903,Line_C,181.6,4.75,42.1,3.62,0.71,2,80.8,0
UNIT_05904,Line_A,175.0,4.76,47.5,2.75,0.23,2,82.1,0
UNIT_05905,Line_A,161.9,4.45,49.4,3.02,1.34,9,86.8,0
UNIT_05906,Line_B,186.3,4.45,35.7,3.31,0.64,10,75.6,0
UNIT_05907,Line_C,156.1,5.0,55.2,3.16,0.42,11,76.5,0
UNIT_05908,Line_C,167.6,5.01,58.6,3.2,0.64,1,88.7,0
UNIT_05909,Line_B,173.1,4.04,50.7,3.18,0.1,0,92.6,1
UNIT_05910,Line_A,189.6,6.38,49.8,3.01,1.9,2,88.2,1
UNIT_05911,Line_B,195.5,4.84,48.5,2.8,1.01,15,95.9,0
UNIT_05912,Line_C,193.2,5.04,43.1,3.11,0.71,12,88.4,0
UNIT_05913,Line_A,178.2,4.62,44.3,2.9,0.53,9,99.8,0
UNIT_05914,Line_B,150.9,4.84,50.8,2.88,1.46,0,85.5,0
UNIT_05915,Line_A,184.7,4.79,39.2,3.37,1.98,0,87.0,0
UNIT_05916,Line_A,197.6,5.0,38.6,2.9,0.21,7,88.2,0
UNIT_05917,Line_A,194.8,4.99,42.6,3.43,0.71,17,80.0,0
UNIT_05918,Line_C,185.6,5.48,48.9,3.06,0.88,2,78.8,0
UNIT_05919,Line_C,165.7,5.14,39.8,2.96,1.45,11,77.8,0
UNIT_05920,Line_A,173.7,5.42,43.6,2.55,1.12,11,80.6,1
UNIT_05921,Line_C,203.2,4.99,44.4,3.53,0.93,19,100.0,0
UNIT_05922,Line_B,163.0,5.14,38.9,3.0,0.66,5,99.6,0
UNIT_05923,Line_C,166.2,4.86,30.4,2.43,0.18,5,82.4,0
UNIT_05924,Line_C,191.3,5.6,38.8,3.25,0.75,12,81.6,1
UNIT_05925,Line_A,174.8,5.19,46.6,2.99,0.55,8,67.8,0
UNIT_05926,Line_C,165.8,4.91,47.9,2.77,0.21,3,77.0,0
UNIT_05927,Line_B,198.3,4.89,48.0,3.23,1.98,13,78.5,1
UNIT_05928,Line_A,185.5,4.93,48.7,2.36,0.7,19,81.5,0
UNIT_05929,Line_A,175.4,5.02,41.2,2.82,1.1,18,80.4,0
UNIT_05930,Line_C,166.3,4.97,40.0,2.93,0.57,2,86.7,0
UNIT_05931,Line_B,204.6,4.66,47.3,3.21,0.27,15,91.2,1
UNIT_05932,Line_B,179.7,5.46,43.7,3.56,1.16,14,79.2,0
UNIT_05933,Line_A,196.8,5.5,50.4,2.94,2.07,12,96.5,0
UNIT_05934,Line_C,190.7,6.07,47.3,3.11,1.44,9,87.8,0
UNIT_05935,Line_A,173.7,4.64,52.7,3.69,0.96,15,92.1,1
UNIT_05936,Line_A,173.8,5.4,42.2,3.0,0.55,11,81.5,0
UNIT_05937,Line_B,197.4,3.85,51.4,3.12,0.83,1,89.4,0
UNIT_05938,Line_C,197.6,5.5,57.2,2.69,1.13,2,88.6,0
UNIT_05939,Line_A,157.5,4.13,45.3,3.49,0.51,14,96.7,1
UNIT_05940,Line_A,186.6,4.41,48.0,2.82,1.12,8,90.2,0
UNIT_05941,Line_B,178.5,5.2,39.4,3.07,0.59,11,91.8,0
UNIT_05942,Line_A,167.6,4.63,50.4,3.06,0.07,16,80.8,0
UNIT_05943,Line_B,183.1,4.54,51.8,3.02,0.29,5,94.6,0
UNIT_05944,Line_A,163.8,4.71,42.0,2.89,0.61,17,74.8,0
UNIT_05945,Line_A,174.4,5.44,48.5,3.06,0.75,4,80.4,0
UNIT_05946,Line_A,170.4,4.44,46.7,3.44,1.34,8,87.3,1
UNIT_05947,Line_C,174.0,4.97,47.3,3.57,0.87,5,75.8,1
UNIT_05948,Line_C,179.1,4.77,49.9,2.96,0.13,13,77.6,0
UNIT_05949,Line_B,167.8,5.49,48.1,2.89,1.13,2,77.6,0
UNIT_05950,Line_B,198.9,5.51,44.2,2.8,0.53,6,88.0,1
UNIT_05951,Line_C,185.9,3.9,50.0,3.67,0.18,5,83.7,1
UNIT_05952,Line_A,201.5,5.63,51.7,3.03,1.13,14,92.7,0
UNIT_05953,Line_B,178.1,4.63,41.7,3.28,1.26,1,100.0,0
UNIT_05954,Line_C,173.4,5.14,45.0,3.17,0.78,12,87.2,0
UNIT_05955,Line_C,201.1,4.44,34.4,3.55,0.9,13,80.9,1
UNIT_05956,Line_A,173.1,5.22,48.5,2.94,0.76,14,87.9,0
UNIT_05957,Line_C,177.9,6.53,52.3,2.72,1.1,10,77.8,1
UNIT_05958,Line_B,188.6,5.08,43.5,3.46,0.6,12,84.5,1
UNIT_05959,Line_C,165.1,4.72,45.8,3.23,0.06,2,100.0,0
UNIT_05960,Line_A,188.5,4.86,43.7,3.11,0.29,11,83.4,0
UNIT_05961,Line_B,187.0,4.12,42.7,3.38,0.35,13,87.4,1
UNIT_05962,Line_C,195.2,5.87,46.4,3.13,0.53,4,83.7,0
UNIT_05963,Line_A,190.7,5.19,40.3,3.39,0.58,3,81.7,1
UNIT_05964,Line_C,195.6,4.37,43.6,3.06,1.85,5,88.8,0
UNIT_05965,Line_A,178.7,4.39,39.6,3.23,0.69,9,74.8,0
UNIT_05966,Line_C,169.6,5.01,48.5,3.13,0.9,0,83.7,0
UNIT_05967,Line_B,205.3,5.56,46.4,2.92,0.62,18,74.1,0
UNIT_05968,Line_A,161.7,4.31,42.4,2.95,0.76,13,97.4,0
UNIT_05969,Line_A,162.9,5.67,45.2,2.9,0.89,15,92.9,0
UNIT_05970,Line_C,186.8,4.95,43.7,3.07,1.44,16,78.9,0
UNIT_05971,Line_A,199.5,4.44,51.9,2.89,1.42,11,70.2,1
UNIT_05972,Line_B,182.3,4.72,42.4,3.11,0.17,15,88.9,0
UNIT_05973,Line_A,192.0,6.05,48.8,3.1,0.36,11,84.7,0
UNIT_05974,Line_C,156.1,4.17,40.8,3.05,0.53,15,100.0,0
UNIT_05975,Line_B,174.0,4.56,49.9,3.06,1.34,1,96.2,0
UNIT_05976,Line_C,157.5,5.57,51.2,2.86,0.83,16,90.1,0
UNIT_05977,Line_A,189.4,5.13,51.5,2.93,0.58,8,80.8,0
UNIT_05978,Line_A,161.4,4.53,53.8,2.58,0.22,9,82.9,1
UNIT_05979,Line_B,164.7,5.58,46.8,2.97,1.17,6,87.4,0
UNIT_05980,Line_B,186.2,5.61,52.4,2.75,1.49,8,87.8,0
UNIT_05981,Line_C,192.7,5.2,54.7,3.02,0.31,9,79.3,0
UNIT_05982,Line_C,178.1,4.63,38.3,2.82,0.13,7,74.1,0
UNIT_05983,Line_C,186.8,4.73,41.4,2.49,0.65,19,100.0,0
UNIT_05984,Line_A,186.5,5.17,36.0,3.56,0.66,10,85.3,0
UNIT_05985,Line_A,177.4,4.21,51.4,2.94,1.78,15,88.4,0
UNIT_05986,Line_C,166.9,5.8,35.9,3.36,0.42,19,78.1,0
UNIT_05987,Line_B,186.8,6.02,34.3,2.87,0.36,12,95.9,0
UNIT_05988,Line_C,187.4,4.86,38.4,3.42,0.34,6,93.3,0
UNIT_05989,Line_B,190.7,5.21,34.6,2.71,0.24,14,85.5,0
UNIT_05990,Line_A,183.7,5.71,46.6,3.04,0.59,0,86.7,0
UNIT_05991,Line_B,166.0,6.17,38.5,2.73,1.22,14,87.3,1
UNIT_05992,Line_C,188.3,5.93,34.9,3.65,1.26,0,85.8,1
UNIT_05993,Line_B,180.0,3.96,44.7,2.94,0.25,9,89.5,0
UNIT_05994,Line_A,174.2,4.81,45.1,3.21,1.38,5,88.0,0
UNIT_05995,Line_A,176.5,5.3,33.8,3.11,0.7,17,83.6,0
UNIT_05996,Line_C,171.7,4.7,40.7,2.99,0.09,12,75.7,0
UNIT_05997,Line_C,190.7,6.07,44.6,3.13,1.12,12,84.8,0
UNIT_05998,Line_C,163.0,5.98,42.9,3.34,1.43,13,91.0,1
UNIT_05999,Line_A,168.1,4.51,43.0,3.17,0.44,14,90.4,0
UNIT_01782,Line_A,199.6,5.1,34.9,3.23,0.72,2,71.4,0
UNIT_03917,Line_C,194.8,4.82,50.0,2.95,1.0,16,89.3,0
UNIT_00221,Line_B,172.7,5.28,40.0,3.21,0.66,8,90.2,0
UNIT_02135,Line_C,171.9,6.26,41.8,3.04,0.69,1,76.4,1
UNIT_05224,Line_B,159.1,4.94,50.2,3.01,1.29,1,89.6,1
UNIT_01168,Line_C,182.1,4.38,51.4,3.1,0.48,7,80.2,0
UNIT_00879,Line_B,173.7,3.98,56.1,2.62,0.63,1,80.9,1
UNIT_00156,Line_A,191.6,4.06,45.5,3.11,1.14,3,88.6,1
UNIT_01657,Line_C,190.2,3.94,38.4,3.05,0.72,18,86.6,0
UNIT_00323,Line_C,172.2,4.96,49.4,3.23,0.83,5,85.2,0
UNIT_05302,Line_A,176.4,5.32,40.4,2.89,1.45,2,81.6,0
UNIT_02611,Line_C,179.2,5.33,59.1,2.91,0.85,3,98.2,0
UNIT_00811,Line_C,213.6,3.87,54.3,2.93,1.09,4,94.6,0
UNIT_00393,Line_B,187.0,5.42,51.9,2.54,0.19,2,84.8,0
UNIT_03593,Line_B,191.0,4.86,49.2,3.61,0.52,16,81.3,1
UNIT_02638,Line_A,175.9,5.27,40.2,3.0,0.4,10,80.8,0
UNIT_02187,Line_A,182.1,4.46,41.5,3.25,0.38,4,83.4,0
UNIT_05351,Line_B,188.7,4.69,39.6,2.76,0.74,14,86.9,0
UNIT_00319,Line_C,163.1,5.38,45.5,2.86,0.22,12,79.7,0
UNIT_00167,Line_A,167.8,5.87,48.3,2.92,0.69,2,100.0,0
UNIT_00746,Line_B,181.0,5.82,40.3,2.8,0.86,16,83.0,0
UNIT_05470,Line_B,187.6,5.24,49.8,2.86,0.62,4,83.4,0
